indicator,iso3,year,value,ci_lo,ci_hi
wgi.voice_accountability,ABW,2004,64.6071529,51.4349792,77.7793266
wgi.voice_accountability,ABW,2005,75.2980967,62.125923,88.4702704
wgi.voice_accountability,ABW,2006,75.4852946,62.3131209,88.6574683
wgi.voice_accountability,ABW,2007,75.4310911,62.2589174,88.6032648
wgi.voice_accountability,ABW,2008,75.3867783,62.2146046,88.558952
wgi.voice_accountability,ABW,2009,81.1741286,72.4885464,89.8597107
wgi.voice_accountability,ABW,2010,81.1519774,72.4663953,89.8375596
wgi.voice_accountability,ABW,2011,81.1918341,72.5062519,89.8774162
wgi.voice_accountability,ABW,2012,81.1586091,72.473027,89.8441913
wgi.voice_accountability,ABW,2013,81.1096774,72.4240952,89.7952596
wgi.voice_accountability,ABW,2014,81.1623476,72.4767655,89.8479298
wgi.voice_accountability,ABW,2015,81.175695,72.4901129,89.8612772
wgi.voice_accountability,ABW,2016,81.1590694,72.4734873,89.8446516
wgi.voice_accountability,ABW,2017,81.1446159,72.4590337,89.830198
wgi.voice_accountability,ABW,2018,81.6661165,70.921097,92.4111361
wgi.voice_accountability,ABW,2019,81.6547452,70.9097256,92.3997647
wgi.voice_accountability,ABW,2020,81.6387076,70.8936881,92.3837272
wgi.voice_accountability,ABW,2021,73.7033364,62.9583169,84.4483559
wgi.voice_accountability,ABW,2022,73.666779,62.9217594,84.4117985
wgi.voice_accountability,ABW,2023,73.6306066,62.8855871,84.3756261
wgi.voice_accountability,ABW,2024,73.6108253,62.8658057,84.3558448
wgi.voice_accountability,AFG,1996,17.7234054,10.688609,24.7582018
wgi.voice_accountability,AFG,1998,15.579305,8.5445086,22.6141014
wgi.voice_accountability,AFG,2000,16.6312081,9.5964117,23.6660045
wgi.voice_accountability,AFG,2002,32.9747138,27.1167252,38.8327023
wgi.voice_accountability,AFG,2003,34.665645,28.8076564,40.5236335
wgi.voice_accountability,AFG,2004,35.3034357,30.1034444,40.5034269
wgi.voice_accountability,AFG,2005,36.49448,31.2944888,41.6944713
wgi.voice_accountability,AFG,2006,38.5542395,33.5032137,43.6052652
wgi.voice_accountability,AFG,2007,39.5045984,34.5182373,44.4909594
wgi.voice_accountability,AFG,2008,37.5276975,32.5417442,42.5136508
wgi.voice_accountability,AFG,2009,33.480751,28.4947977,38.4667043
wgi.voice_accountability,AFG,2010,32.3815019,27.3955486,37.3674552
wgi.voice_accountability,AFG,2011,34.2998499,29.3138967,39.2858032
wgi.voice_accountability,AFG,2012,34.9529116,29.9669583,39.9388649
wgi.voice_accountability,AFG,2013,35.0040836,30.6654809,39.3426863
wgi.voice_accountability,AFG,2014,35.7773156,31.4387128,40.1159183
wgi.voice_accountability,AFG,2015,35.6729412,31.3343385,40.0115439
wgi.voice_accountability,AFG,2016,35.5574755,31.2188728,39.8960783
wgi.voice_accountability,AFG,2017,35.1510642,30.8124615,39.489667
wgi.voice_accountability,AFG,2018,36.0946059,31.4638656,40.7253462
wgi.voice_accountability,AFG,2019,36.8880743,32.257334,41.5188145
wgi.voice_accountability,AFG,2020,37.9205776,33.2723961,42.5687591
wgi.voice_accountability,AFG,2021,31.8561734,27.2079919,36.5043549
wgi.voice_accountability,AFG,2022,24.6158803,19.9676988,29.2640618
wgi.voice_accountability,AFG,2023,21.1952411,16.5470596,25.8434226
wgi.voice_accountability,AFG,2024,19.2473331,14.5991516,23.8955146
wgi.voice_accountability,AGO,1996,26.2862619,20.7180883,31.8544354
wgi.voice_accountability,AGO,1998,28.1812073,22.6130337,33.7493809
wgi.voice_accountability,AGO,2000,27.4712574,22.1348692,32.8076455
wgi.voice_accountability,AGO,2002,32.6143813,27.8497819,37.3789806
wgi.voice_accountability,AGO,2003,33.9253719,29.2062056,38.6445383
wgi.voice_accountability,AGO,2004,33.8036299,29.6772833,37.9299764
wgi.voice_accountability,AGO,2005,35.6921309,31.6691226,39.7151393
wgi.voice_accountability,AGO,2006,34.7408059,30.7236696,38.7579422
wgi.voice_accountability,AGO,2007,35.2304258,31.2132895,39.247562
wgi.voice_accountability,AGO,2008,37.9874441,34.0853254,41.8895628
wgi.voice_accountability,AGO,2009,37.6967925,33.9173856,41.4761995
wgi.voice_accountability,AGO,2010,37.0960931,32.8901522,41.302034
wgi.voice_accountability,AGO,2011,37.4527361,33.2467952,41.6586769
wgi.voice_accountability,AGO,2012,38.3107343,34.1047935,42.5166752
wgi.voice_accountability,AGO,2013,37.6876527,33.4817119,41.8935936
wgi.voice_accountability,AGO,2014,37.0648827,32.8589418,41.2708235
wgi.voice_accountability,AGO,2015,36.6461199,32.440179,40.8520607
wgi.voice_accountability,AGO,2016,35.9341151,31.5570419,40.3111883
wgi.voice_accountability,AGO,2017,37.0441054,32.7789292,41.3092817
wgi.voice_accountability,AGO,2018,39.2475463,34.6074474,43.8876452
wgi.voice_accountability,AGO,2019,40.4280962,35.7656326,45.0905597
wgi.voice_accountability,AGO,2020,40.437334,35.7570669,45.1176011
wgi.voice_accountability,AGO,2021,39.3728554,35.2401764,43.5055343
wgi.voice_accountability,AGO,2022,38.5050347,34.3723558,42.6377137
wgi.voice_accountability,AGO,2023,38.9803183,34.8476393,43.1129972
wgi.voice_accountability,AGO,2024,38.3159728,34.1832939,42.4486518
wgi.voice_accountability,ALB,1996,42.3908428,36.0358536,48.745832
wgi.voice_accountability,ALB,1998,45.2342657,38.8792764,51.5892549
wgi.voice_accountability,ALB,2000,47.6615336,41.7989314,53.5241358
wgi.voice_accountability,ALB,2002,53.0807312,47.8286648,58.3327976
wgi.voice_accountability,ALB,2003,54.6310229,49.5030982,59.7589477
wgi.voice_accountability,ALB,2004,56.6650362,51.5605,61.7695723
wgi.voice_accountability,ALB,2005,58.6105394,53.6263346,63.5947441
wgi.voice_accountability,ALB,2006,58.9530841,54.3852477,63.5209204
wgi.voice_accountability,ALB,2007,58.5662266,53.9983902,63.1340629
wgi.voice_accountability,ALB,2008,59.870169,55.3023327,64.4380053
wgi.voice_accountability,ALB,2009,59.562827,54.9949907,64.1306634
wgi.voice_accountability,ALB,2010,59.0736552,54.6728451,63.4744653
wgi.voice_accountability,ALB,2011,56.7638535,52.8273757,60.7003313
wgi.voice_accountability,ALB,2012,55.8469156,51.9104378,59.7833934
wgi.voice_accountability,ALB,2013,55.7711841,51.7165295,59.8258387
wgi.voice_accountability,ALB,2014,58.5717241,54.5416045,62.6018437
wgi.voice_accountability,ALB,2015,58.1856874,54.1555678,62.2158071
wgi.voice_accountability,ALB,2016,58.140734,54.0991363,62.1823318
wgi.voice_accountability,ALB,2017,58.7177229,54.6761251,62.7593206
wgi.voice_accountability,ALB,2018,59.2204451,54.9458682,63.495022
wgi.voice_accountability,ALB,2019,58.5428607,54.2682839,62.8174376
wgi.voice_accountability,ALB,2020,57.8200814,53.5455046,62.0946583
wgi.voice_accountability,ALB,2021,56.8421631,52.5675863,61.11674
wgi.voice_accountability,ALB,2022,57.2723796,52.9978027,61.5469564
wgi.voice_accountability,ALB,2023,56.2122608,51.9040074,60.5205142
wgi.voice_accountability,ALB,2024,56.6319145,52.3236611,60.9401679
wgi.voice_accountability,AND,1996,83.8372793,75.1967538,92.4778048
wgi.voice_accountability,AND,1998,83.8135372,75.1730117,92.4540627
wgi.voice_accountability,AND,2000,83.8269021,75.1863766,92.4674276
wgi.voice_accountability,AND,2002,82.314274,73.6737485,90.9547995
wgi.voice_accountability,AND,2003,80.9372254,72.2966999,89.5777509
wgi.voice_accountability,AND,2004,79.5575077,70.9169822,88.1980332
wgi.voice_accountability,AND,2005,82.2483281,73.6078026,90.8888536
wgi.voice_accountability,AND,2006,82.4079455,73.76742,91.048471
wgi.voice_accountability,AND,2007,82.3846217,73.7440962,91.0251472
wgi.voice_accountability,AND,2008,82.3655545,73.725029,91.00608
wgi.voice_accountability,AND,2009,82.3693298,73.7288043,91.0098553
wgi.voice_accountability,AND,2010,82.3474097,73.7068842,90.9879352
wgi.voice_accountability,AND,2011,82.3868515,73.746326,91.027377
wgi.voice_accountability,AND,2012,83.2683871,75.1495146,91.3872597
wgi.voice_accountability,AND,2013,83.2256321,75.1067595,91.3445046
wgi.voice_accountability,AND,2014,80.9774811,72.8586085,89.0963537
wgi.voice_accountability,AND,2015,80.989143,72.8702704,89.1080156
wgi.voice_accountability,AND,2016,80.247447,72.1285745,88.3663196
wgi.voice_accountability,AND,2017,80.5172619,72.3983893,88.6361345
wgi.voice_accountability,AND,2018,74.1127406,63.3788054,84.8466758
wgi.voice_accountability,AND,2019,74.4204694,63.6865342,85.1544046
wgi.voice_accountability,AND,2020,73.9772119,63.2432767,84.7111471
wgi.voice_accountability,AND,2021,72.0679266,61.3339914,82.8018618
wgi.voice_accountability,AND,2022,73.4581633,62.7242281,84.1920985
wgi.voice_accountability,AND,2023,70.3202086,59.5862734,81.0541438
wgi.voice_accountability,AND,2024,70.6628443,59.9289091,81.3967795
wgi.voice_accountability,ARE,1996,42.0065932,36.4384196,47.5747667
wgi.voice_accountability,ARE,1998,42.0760045,36.5078309,47.6441781
wgi.voice_accountability,ARE,2000,42.0815546,36.513381,47.6497281
wgi.voice_accountability,ARE,2002,41.6602171,36.0920436,47.2283907
wgi.voice_accountability,ARE,2003,41.6550907,36.2342075,47.0759738
wgi.voice_accountability,ARE,2004,39.8771143,35.2334117,44.5208169
wgi.voice_accountability,ARE,2005,41.3034044,36.6597018,45.947107
wgi.voice_accountability,ARE,2006,45.4462103,40.8025077,50.0899129
wgi.voice_accountability,ARE,2007,46.0598126,41.4161099,50.7035152
wgi.voice_accountability,ARE,2008,47.2236948,42.5799922,51.8673974
wgi.voice_accountability,ARE,2009,47.7454895,43.2769536,52.2140255
wgi.voice_accountability,ARE,2010,46.6247981,42.1562622,51.0933341
wgi.voice_accountability,ARE,2011,49.1333529,45.1572722,53.1094336
wgi.voice_accountability,ARE,2012,46.9742686,42.9981879,50.9503493
wgi.voice_accountability,ARE,2013,45.5420854,41.286315,49.7978559
wgi.voice_accountability,ARE,2014,45.6850878,41.4293173,49.9408582
wgi.voice_accountability,ARE,2015,45.0842203,40.8284499,49.3399908
wgi.voice_accountability,ARE,2016,45.4486781,41.1929077,49.7044486
wgi.voice_accountability,ARE,2017,44.8697203,40.6139499,49.1254908
wgi.voice_accountability,ARE,2018,42.3070514,37.7766319,46.8374709
wgi.voice_accountability,ARE,2019,42.684363,38.1539435,47.2147825
wgi.voice_accountability,ARE,2020,42.5862511,38.0558316,47.1166706
wgi.voice_accountability,ARE,2021,42.2191101,37.6886906,46.7495296
wgi.voice_accountability,ARE,2022,42.381843,37.8514235,46.9122625
wgi.voice_accountability,ARE,2023,40.9621654,36.3915952,45.5327356
wgi.voice_accountability,ARE,2024,41.9065122,37.335942,46.4770824
wgi.voice_accountability,ARG,1996,64.4264082,58.8862788,69.9665375
wgi.voice_accountability,ARG,1998,62.5645301,57.0244008,68.1046595
wgi.voice_accountability,ARG,2000,64.5902122,59.0500829,70.1303416
wgi.voice_accountability,ARG,2002,62.6776855,57.8193673,67.5360036
wgi.voice_accountability,ARG,2003,64.1974319,59.3391137,69.05575
wgi.voice_accountability,ARG,2004,65.2542794,60.4158651,70.0926937
wgi.voice_accountability,ARG,2005,65.790841,61.0093552,70.5723267
wgi.voice_accountability,ARG,2006,65.7693059,61.1871263,70.3514855
wgi.voice_accountability,ARG,2007,65.6717505,61.0895709,70.2539301
wgi.voice_accountability,ARG,2008,63.9973872,59.4160004,68.5787739
wgi.voice_accountability,ARG,2009,63.6438036,59.5990047,67.6886026
wgi.voice_accountability,ARG,2010,64.6203217,60.5755228,68.6651207
wgi.voice_accountability,ARG,2011,62.8378088,59.1623001,66.5133174
wgi.voice_accountability,ARG,2012,62.296035,58.6205263,65.9715436
wgi.voice_accountability,ARG,2013,61.1890008,57.4178532,64.9601483
wgi.voice_accountability,ARG,2014,62.1923765,57.9978087,66.3869442
wgi.voice_accountability,ARG,2015,63.2869611,59.0923934,67.4815289
wgi.voice_accountability,ARG,2016,64.7174938,60.5229261,68.9120616
wgi.voice_accountability,ARG,2017,67.0355392,62.8409715,71.230107
wgi.voice_accountability,ARG,2018,67.8718554,63.4150566,72.3286542
wgi.voice_accountability,ARG,2019,67.315243,62.8584442,71.7720418
wgi.voice_accountability,ARG,2020,67.1810707,62.7087314,71.6534099
wgi.voice_accountability,ARG,2021,66.012587,61.5402477,70.4849262
wgi.voice_accountability,ARG,2022,65.5463784,61.0740392,70.0187177
wgi.voice_accountability,ARG,2023,65.5332743,61.0223211,70.0442276
wgi.voice_accountability,ARG,2024,63.597359,59.0864058,68.1083123
wgi.voice_accountability,ARM,1996,42.3109299,35.2761335,49.3457263
wgi.voice_accountability,ARM,1998,46.9756373,40.6206481,53.3306265
wgi.voice_accountability,ARM,2000,46.7813404,40.9187382,52.6439426
wgi.voice_accountability,ARM,2002,49.2464575,43.9943911,54.4985238
wgi.voice_accountability,ARM,2003,46.1985285,41.0706038,51.3264533
wgi.voice_accountability,ARM,2004,45.4115361,40.307,50.5160723
wgi.voice_accountability,ARM,2005,46.9123045,41.9894477,51.8351613
wgi.voice_accountability,ARM,2006,47.5297468,43.1716096,51.8878841
wgi.voice_accountability,ARM,2007,48.9552388,44.5971015,53.3133761
wgi.voice_accountability,ARM,2008,44.6567693,40.298632,49.0149065
wgi.voice_accountability,ARM,2009,43.4645855,39.1064482,47.8227227
wgi.voice_accountability,ARM,2010,44.1205315,39.7623943,48.4786688
wgi.voice_accountability,ARM,2011,47.3514227,42.9932855,51.70956
wgi.voice_accountability,ARM,2012,49.3290185,44.9708812,53.6871557
wgi.voice_accountability,ARM,2013,49.0785561,44.558386,53.5987261
wgi.voice_accountability,ARM,2014,50.3107873,45.7906173,54.8309574
wgi.voice_accountability,ARM,2015,50.6611521,46.1409821,55.1813222
wgi.voice_accountability,ARM,2016,50.0332574,45.5130873,54.5534274
wgi.voice_accountability,ARM,2017,50.8714235,46.3512535,55.3915936
wgi.voice_accountability,ARM,2018,60.9098536,55.9358177,65.8838894
wgi.voice_accountability,ARM,2019,60.3617544,55.3877185,65.3357902
wgi.voice_accountability,ARM,2020,60.5400487,55.543972,65.5361255
wgi.voice_accountability,ARM,2021,58.681932,53.7484582,63.6154058
wgi.voice_accountability,ARM,2022,57.8428417,52.9093679,62.7763155
wgi.voice_accountability,ARM,2023,57.9245941,52.9391431,62.910045
wgi.voice_accountability,ARM,2024,58.9527725,53.9673216,63.9382235
wgi.voice_accountability,ASM,2004,61.4586249,48.2864512,74.6307986
wgi.voice_accountability,ASM,2005,67.5054828,54.3333091,80.6776565
wgi.voice_accountability,ASM,2006,67.6926807,54.520507,80.8648543
wgi.voice_accountability,ASM,2007,75.4310911,62.2589174,88.6032648
wgi.voice_accountability,ASM,2008,75.3867783,62.2146046,88.558952
wgi.voice_accountability,ASM,2009,75.3955541,62.2233804,88.5677277
wgi.voice_accountability,ASM,2010,75.3446096,62.1724359,88.5167833
wgi.voice_accountability,ASM,2011,75.4362736,62.2640999,88.6084473
wgi.voice_accountability,ASM,2012,75.3598595,62.1876858,88.5320332
wgi.voice_accountability,ASM,2013,75.2473185,62.0751448,88.4194922
wgi.voice_accountability,ASM,2014,75.3684602,62.1962865,88.5406339
wgi.voice_accountability,ASM,2015,75.3991578,62.2269841,88.5713315
wgi.voice_accountability,ASM,2016,75.3609201,62.1887465,88.5330938
wgi.voice_accountability,ASM,2017,75.3276759,62.1555022,88.4998496
wgi.voice_accountability,ASM,2019,80.1071996,64.5363606,95.6780386
wgi.voice_accountability,ASM,2020,73.5646624,57.9938234,89.1355015
wgi.voice_accountability,ASM,2021,73.3309307,57.7600917,88.9017697
wgi.voice_accountability,ASM,2022,73.2541648,57.6833258,88.8250038
wgi.voice_accountability,ASM,2023,73.1782005,57.6073614,88.7490395
wgi.voice_accountability,ASM,2024,73.1366618,57.5658228,88.7075009
wgi.voice_accountability,ATG,1996,60.1432096,51.5026841,68.7837351
wgi.voice_accountability,ATG,1998,60.1194674,51.4789419,68.7599929
wgi.voice_accountability,ATG,2000,61.8898827,53.2493572,70.5304082
wgi.voice_accountability,ATG,2002,61.0625068,52.4219813,69.7030323
wgi.voice_accountability,ATG,2003,60.3355689,51.6950434,68.9760944
wgi.voice_accountability,ATG,2004,64.6549959,56.1249689,73.185023
wgi.voice_accountability,ATG,2005,67.0265447,58.4965176,75.5565717
wgi.voice_accountability,ATG,2006,68.1248836,59.5948566,76.6549107
wgi.voice_accountability,ATG,2007,67.0052599,58.4752329,75.5352869
wgi.voice_accountability,ATG,2008,67.063734,58.5337069,75.593761
wgi.voice_accountability,ATG,2009,69.528557,60.9985299,78.058584
wgi.voice_accountability,ATG,2010,68.1705266,59.5300011,76.8110521
wgi.voice_accountability,ATG,2011,68.2099685,59.569443,76.850494
wgi.voice_accountability,ATG,2012,69.0665963,60.4260708,77.7071218
wgi.voice_accountability,ATG,2013,68.9391029,60.2985774,77.5796284
wgi.voice_accountability,ATG,2014,69.0702963,60.4297708,77.7108218
wgi.voice_accountability,ATG,2015,67.2801505,61.1131537,73.4471472
wgi.voice_accountability,ATG,2016,67.5724368,61.4073706,73.737503
wgi.voice_accountability,ATG,2017,66.1981536,60.0330874,72.3632198
wgi.voice_accountability,ATG,2018,65.6654776,58.5621327,72.7688225
wgi.voice_accountability,ATG,2019,65.759256,58.6559111,72.8626009
wgi.voice_accountability,ATG,2020,65.7522462,58.6489013,72.8555911
wgi.voice_accountability,ATG,2021,66.133825,59.0275274,73.2401225
wgi.voice_accountability,ATG,2022,65.7457825,58.639485,72.8520801
wgi.voice_accountability,ATG,2023,65.9228167,58.8165192,73.0291143
wgi.voice_accountability,ATG,2024,65.8065494,58.7002519,72.912847
wgi.voice_accountability,AUS,1996,81.6980446,76.1533856,87.2427036
wgi.voice_accountability,AUS,1998,81.7278653,76.1832063,87.2725243
wgi.voice_accountability,AUS,2000,82.0517314,76.5070724,87.5963904
wgi.voice_accountability,AUS,2002,82.2533828,76.9200489,87.5867167
wgi.voice_accountability,AUS,2003,82.3347099,77.0013759,87.6680438
wgi.voice_accountability,AUS,2004,81.3567425,76.0234086,86.6900765
wgi.voice_accountability,AUS,2005,84.2542008,78.9208669,89.5875348
wgi.voice_accountability,AUS,2006,84.2800468,78.9603735,89.59972
wgi.voice_accountability,AUS,2007,84.7218673,79.4021941,90.0415406
wgi.voice_accountability,AUS,2008,84.7149784,79.3953051,90.0346516
wgi.voice_accountability,AUS,2009,84.7351745,79.4155012,90.0548477
wgi.voice_accountability,AUS,2010,85.4783984,80.1587252,90.7980717
wgi.voice_accountability,AUS,2011,85.6442765,81.0911265,90.1974265
wgi.voice_accountability,AUS,2012,86.7262156,82.1730656,91.2793656
wgi.voice_accountability,AUS,2013,83.8598855,79.3067355,88.4130355
wgi.voice_accountability,AUS,2014,83.6972559,79.1441059,88.2504059
wgi.voice_accountability,AUS,2015,84.0576374,79.5044874,88.6107874
wgi.voice_accountability,AUS,2016,84.6444258,80.1388126,89.1500391
wgi.voice_accountability,AUS,2017,85.2240873,80.8478402,89.6003343
wgi.voice_accountability,AUS,2018,84.3283764,79.6603155,88.9964372
wgi.voice_accountability,AUS,2019,83.005813,78.3377522,87.6738739
wgi.voice_accountability,AUS,2020,82.5881704,77.9201096,87.2562312
wgi.voice_accountability,AUS,2021,81.9711062,77.3030453,86.639167
wgi.voice_accountability,AUS,2022,82.7671019,78.099041,87.4351627
wgi.voice_accountability,AUS,2023,83.3531587,78.6411404,88.065177
wgi.voice_accountability,AUS,2024,83.3187821,78.6067637,88.0308004
wgi.voice_accountability,AUT,1996,81.9655614,76.4209024,87.5102204
wgi.voice_accountability,AUT,1998,80.9619266,75.4172677,86.5065856
wgi.voice_accountability,AUT,2000,81.175534,75.6931349,86.6579332
wgi.voice_accountability,AUT,2002,81.5922245,76.31437,86.8700791
wgi.voice_accountability,AUT,2003,81.1125356,75.834681,86.3903901
wgi.voice_accountability,AUT,2004,80.7441852,75.4663306,86.0220397
wgi.voice_accountability,AUT,2005,80.0224823,74.7446277,85.3003368
wgi.voice_accountability,AUT,2006,84.8523046,79.587689,90.1169203
wgi.voice_accountability,AUT,2007,84.9349356,79.67032,90.1995513
wgi.voice_accountability,AUT,2008,84.4884506,79.223835,89.7530663
wgi.voice_accountability,AUT,2009,85.0154996,79.7508839,90.2801153
wgi.voice_accountability,AUT,2010,84.9981686,79.733553,90.2627843
wgi.voice_accountability,AUT,2011,83.9470514,79.4285668,88.465536
wgi.voice_accountability,AUT,2012,84.0175917,79.4991071,88.5360762
wgi.voice_accountability,AUT,2013,84.6125958,80.0941112,89.1310804
wgi.voice_accountability,AUT,2014,83.6030977,79.0846132,88.1215823
wgi.voice_accountability,AUT,2015,83.9174984,79.3990139,88.435983
wgi.voice_accountability,AUT,2016,83.1997651,78.6812806,87.7182497
wgi.voice_accountability,AUT,2017,82.5822091,78.1953117,86.9691064
wgi.voice_accountability,AUT,2018,82.4798545,77.7902569,87.1694521
wgi.voice_accountability,AUT,2019,82.3175347,77.627937,87.0071323
wgi.voice_accountability,AUT,2020,83.6285166,78.938919,88.3181142
wgi.voice_accountability,AUT,2021,82.9455152,78.2559176,87.6351129
wgi.voice_accountability,AUT,2022,82.6729525,77.9833548,87.3625501
wgi.voice_accountability,AUT,2023,81.9278715,77.193695,86.662048
wgi.voice_accountability,AUT,2024,81.4482368,76.7140603,86.1824133
wgi.voice_accountability,AZE,1996,33.2806573,27.2721298,39.2891847
wgi.voice_accountability,AZE,1998,34.9284991,29.3603255,40.4966727
wgi.voice_accountability,AZE,2000,35.6333768,30.4053816,40.861372
wgi.voice_accountability,AZE,2002,39.6250785,34.9381062,44.3120508
wgi.voice_accountability,AZE,2003,39.644368,34.9573957,44.3313402
wgi.voice_accountability,AZE,2004,39.1502955,34.4812002,43.8193907
wgi.voice_accountability,AZE,2005,38.7539936,34.2722328,43.2357544
wgi.voice_accountability,AZE,2006,39.8579491,35.5415535,44.1743447
wgi.voice_accountability,AZE,2007,40.2956041,35.9792085,44.6119997
wgi.voice_accountability,AZE,2008,39.7667716,35.4503761,44.0831672
wgi.voice_accountability,AZE,2009,40.4710525,36.154657,44.7874481
wgi.voice_accountability,AZE,2010,39.0051946,34.688799,43.3215902
wgi.voice_accountability,AZE,2011,38.8778937,34.5614982,43.1942893
wgi.voice_accountability,AZE,2012,38.8910766,34.5744167,43.2077365
wgi.voice_accountability,AZE,2013,36.2773652,31.8034227,40.7513076
wgi.voice_accountability,AZE,2014,36.5600076,32.0860651,41.0339501
wgi.voice_accountability,AZE,2015,36.0691381,31.5013017,40.6369744
wgi.voice_accountability,AZE,2016,35.4809914,30.9131551,40.0488277
wgi.voice_accountability,AZE,2017,35.2399821,30.6721458,39.8078185
wgi.voice_accountability,AZE,2018,34.6364578,29.7238207,39.5490949
wgi.voice_accountability,AZE,2019,31.2993037,26.3866666,36.2119409
wgi.voice_accountability,AZE,2020,31.4053513,26.4718775,36.3388252
wgi.voice_accountability,AZE,2021,31.7621868,26.828713,36.6956606
wgi.voice_accountability,AZE,2022,31.8131103,26.8796365,36.7465841
wgi.voice_accountability,AZE,2023,30.2893156,25.3038646,35.2747666
wgi.voice_accountability,AZE,2024,30.5213111,25.5358601,35.5067621
wgi.voice_accountability,BDI,1996,36.0575339,29.0227375,43.0923303
wgi.voice_accountability,BDI,1998,37.3439528,30.3091564,44.3787492
wgi.voice_accountability,BDI,2000,35.8064099,29.2225407,42.3902792
wgi.voice_accountability,BDI,2002,40.9681757,35.3783201,46.5580314
wgi.voice_accountability,BDI,2003,42.9930684,37.4032128,48.5829241
wgi.voice_accountability,BDI,2004,41.9567513,36.5756338,47.3378688
wgi.voice_accountability,BDI,2005,46.2867971,41.3421952,51.231399
wgi.voice_accountability,BDI,2006,45.2828578,40.7848529,49.7808627
wgi.voice_accountability,BDI,2007,45.0314888,40.6932291,49.3697485
wgi.voice_accountability,BDI,2008,44.4567246,40.1184649,48.7949843
wgi.voice_accountability,BDI,2009,45.229827,40.8915673,49.5680867
wgi.voice_accountability,BDI,2010,39.7974903,35.4592306,44.1357499
wgi.voice_accountability,BDI,2011,39.7956787,35.4739659,44.1173916
wgi.voice_accountability,BDI,2012,38.216823,33.7372587,42.6963872
wgi.voice_accountability,BDI,2013,37.531093,33.2093801,41.8528058
wgi.voice_accountability,BDI,2014,38.2385348,33.916822,42.5602476
wgi.voice_accountability,BDI,2015,34.6953012,30.3735884,39.017014
wgi.voice_accountability,BDI,2016,31.3847649,26.9229044,35.8466254
wgi.voice_accountability,BDI,2017,30.9812048,26.5112931,35.4511164
wgi.voice_accountability,BDI,2018,29.4330203,24.6415915,34.2244492
wgi.voice_accountability,BDI,2019,28.4316364,23.6176259,33.245647
wgi.voice_accountability,BDI,2020,31.2520138,26.4184021,36.0856254
wgi.voice_accountability,BDI,2021,31.6779876,26.844376,36.5115992
wgi.voice_accountability,BDI,2022,32.3583023,27.5246907,37.191914
wgi.voice_accountability,BDI,2023,33.7970629,28.9145966,38.6795293
wgi.voice_accountability,BDI,2024,30.7338088,25.8513425,35.6162752
wgi.voice_accountability,BEL,1996,82.3846357,76.8399767,87.9292947
wgi.voice_accountability,BEL,1998,81.4646244,75.9199654,87.0092834
wgi.voice_accountability,BEL,2000,82.1186084,76.6362092,87.6010075
wgi.voice_accountability,BEL,2002,83.2817713,78.0039167,88.5596258
wgi.voice_accountability,BEL,2003,83.7350683,78.4572137,89.0129228
wgi.voice_accountability,BEL,2004,82.2753887,76.9975341,87.5532432
wgi.voice_accountability,BEL,2005,83.669861,78.3920064,88.9477155
wgi.voice_accountability,BEL,2006,83.6337481,78.3691324,88.8983638
wgi.voice_accountability,BEL,2007,84.4849274,79.2203117,89.7495431
wgi.voice_accountability,BEL,2008,83.544853,78.2802373,88.8094686
wgi.voice_accountability,BEL,2009,83.8311622,78.5665465,89.0957778
wgi.voice_accountability,BEL,2010,83.5093737,78.244758,88.7739893
wgi.voice_accountability,BEL,2011,81.623764,77.1052794,86.1422486
wgi.voice_accountability,BEL,2012,81.9102097,77.3917252,86.4286943
wgi.voice_accountability,BEL,2013,82.5470903,78.0286058,87.0655749
wgi.voice_accountability,BEL,2014,82.5192439,78.0007593,87.0377284
wgi.voice_accountability,BEL,2015,83.4984434,78.9799588,88.0169279
wgi.voice_accountability,BEL,2016,83.3901975,78.8717129,87.908682
wgi.voice_accountability,BEL,2017,82.4161962,78.0292989,86.8030936
wgi.voice_accountability,BEL,2018,82.8552444,78.1656467,87.544842
wgi.voice_accountability,BEL,2019,82.182601,77.4930033,86.8721986
wgi.voice_accountability,BEL,2020,83.4546836,78.765086,88.1442813
wgi.voice_accountability,BEL,2021,83.8366072,79.1470095,88.5262048
wgi.voice_accountability,BEL,2022,83.8191327,79.1295351,88.5087304
wgi.voice_accountability,BEL,2023,83.3700031,78.6358266,88.1041796
wgi.voice_accountability,BEL,2024,83.0542039,78.3200274,87.7883804
wgi.voice_accountability,BEN,1996,59.5137886,52.4789922,66.548585
wgi.voice_accountability,BEN,1998,60.218052,53.1832556,67.2528484
wgi.voice_accountability,BEN,2000,60.1338912,53.550022,66.7177605
wgi.voice_accountability,BEN,2002,56.0156834,50.4258277,61.605539
wgi.voice_accountability,BEN,2003,58.2041298,52.6142741,63.7939855
wgi.voice_accountability,BEN,2004,59.8694304,54.4883129,65.2505479
wgi.voice_accountability,BEN,2005,59.3384556,54.4682971,64.2086142
wgi.voice_accountability,BEN,2006,64.2076096,59.8858967,68.5293224
wgi.voice_accountability,BEN,2007,63.3239614,59.0022486,67.6456742
wgi.voice_accountability,BEN,2008,61.5515176,57.2298048,65.8732304
wgi.voice_accountability,BEN,2009,62.7376385,58.4159257,67.0593513
wgi.voice_accountability,BEN,2010,62.0408172,57.7191043,66.36253
wgi.voice_accountability,BEN,2011,58.1554921,53.7212191,62.5897652
wgi.voice_accountability,BEN,2012,57.7730768,53.3388037,62.2073499
wgi.voice_accountability,BEN,2013,57.757405,53.4764065,62.0384036
wgi.voice_accountability,BEN,2014,57.9709337,53.6899351,62.2519322
wgi.voice_accountability,BEN,2015,58.7445454,54.4635469,63.025544
wgi.voice_accountability,BEN,2016,60.6239767,56.1621162,65.0858372
wgi.voice_accountability,BEN,2017,60.4468707,55.9850102,64.9087313
wgi.voice_accountability,BEN,2018,60.7978237,56.0163064,65.5793409
wgi.voice_accountability,BEN,2019,56.4883521,51.7068348,61.2698693
wgi.voice_accountability,BEN,2020,55.6685337,50.867811,60.4692564
wgi.voice_accountability,BEN,2021,51.0453213,46.8304191,55.2602234
wgi.voice_accountability,BEN,2022,49.1893276,44.9744255,53.4042297
wgi.voice_accountability,BEN,2023,50.9478499,46.7006732,55.1950266
wgi.voice_accountability,BEN,2024,50.1899746,45.9427979,54.4371514
wgi.voice_accountability,BFA,1996,45.438931,39.0839418,51.7939202
wgi.voice_accountability,BFA,1998,45.5508594,39.1958702,51.9058487
wgi.voice_accountability,BFA,2000,49.3050681,43.2883704,55.3217657
wgi.voice_accountability,BFA,2002,48.8857417,43.6556514,54.1158319
wgi.voice_accountability,BFA,2003,48.5001356,43.2700453,53.7302258
wgi.voice_accountability,BFA,2004,49.6395074,45.2779939,54.0010209
wgi.voice_accountability,BFA,2005,50.6190202,46.5351206,54.7029197
wgi.voice_accountability,BFA,2006,51.5692845,47.7480256,55.3905435
wgi.voice_accountability,BFA,2007,51.917227,48.0959681,55.7384859
wgi.voice_accountability,BFA,2008,52.2677354,48.4577988,56.0776719
wgi.voice_accountability,BFA,2009,52.2025403,48.3926038,56.0124769
wgi.voice_accountability,BFA,2010,52.6656772,48.8557407,56.4756138
wgi.voice_accountability,BFA,2011,52.4538586,48.7424663,56.1652509
wgi.voice_accountability,BFA,2012,51.5437397,47.8174335,55.2700458
wgi.voice_accountability,BFA,2013,51.0122468,47.2859407,54.738553
wgi.voice_accountability,BFA,2014,49.9975505,46.2712444,53.7238567
wgi.voice_accountability,BFA,2015,53.1830665,49.4567604,56.9093727
wgi.voice_accountability,BFA,2016,55.0640433,51.2202884,58.9077981
wgi.voice_accountability,BFA,2017,56.0334046,52.1896498,59.8771595
wgi.voice_accountability,BFA,2018,55.8119299,51.7694308,59.854429
wgi.voice_accountability,BFA,2019,55.0385001,50.967556,59.1094443
wgi.voice_accountability,BFA,2020,53.0810183,48.9982389,57.1637976
wgi.voice_accountability,BFA,2021,53.8266821,49.7439027,57.9094614
wgi.voice_accountability,BFA,2022,46.4659911,42.3832117,50.5487704
wgi.voice_accountability,BFA,2023,44.6747828,40.5920035,48.7575622
wgi.voice_accountability,BFA,2024,39.9684808,35.8857015,44.0512602
wgi.voice_accountability,BGD,1996,51.2853714,45.7171978,56.853545
wgi.voice_accountability,BGD,1998,50.7457872,45.1776136,56.3139608
wgi.voice_accountability,BGD,2000,49.1087514,43.5405778,54.676925
wgi.voice_accountability,BGD,2002,45.2917438,40.4145475,50.1689401
wgi.voice_accountability,BGD,2003,44.3184094,39.4412131,49.1956057
wgi.voice_accountability,BGD,2004,45.9810794,41.7503357,50.211823
wgi.voice_accountability,BGD,2005,47.1137267,42.9943811,51.2330722
wgi.voice_accountability,BGD,2006,47.8791193,43.7660799,51.9921587
wgi.voice_accountability,BGD,2007,47.9621056,43.9722662,51.951945
wgi.voice_accountability,BGD,2008,48.6523582,44.6625188,52.6421976
wgi.voice_accountability,BGD,2009,51.19837,47.2085307,55.1882094
wgi.voice_accountability,BGD,2010,51.3343136,47.3444742,55.324153
wgi.voice_accountability,BGD,2011,49.7004475,46.0663235,53.3345716
wgi.voice_accountability,BGD,2012,46.1268453,42.1184586,50.1352321
wgi.voice_accountability,BGD,2013,44.5134466,40.3800781,48.6468152
wgi.voice_accountability,BGD,2014,43.0454464,38.9120778,47.1788149
wgi.voice_accountability,BGD,2015,41.4991172,37.3657487,45.6324858
wgi.voice_accountability,BGD,2016,40.5129973,36.3796287,44.6463658
wgi.voice_accountability,BGD,2017,40.8012562,36.6678877,44.9346248
wgi.voice_accountability,BGD,2018,40.0056894,35.622093,44.3892857
wgi.voice_accountability,BGD,2019,39.5246562,35.1410598,43.9082526
wgi.voice_accountability,BGD,2020,39.2620856,34.8637049,43.6604663
wgi.voice_accountability,BGD,2021,38.3529521,34.0751635,42.6307407
wgi.voice_accountability,BGD,2022,38.0824371,33.8046485,42.3602257
wgi.voice_accountability,BGD,2023,36.9763918,32.6648497,41.287934
wgi.voice_accountability,BGD,2024,36.5322872,32.220745,40.8438293
wgi.voice_accountability,BGR,1996,61.3192298,55.7510562,66.8874034
wgi.voice_accountability,BGR,1998,62.7278266,57.159653,68.2960002
wgi.voice_accountability,BGR,2000,62.6428555,57.4148603,67.8708507
wgi.voice_accountability,BGR,2002,64.080993,59.4372904,68.7246957
wgi.voice_accountability,BGR,2003,64.5150583,59.8713557,69.1587609
wgi.voice_accountability,BGR,2004,65.0520661,60.4451205,69.6590118
wgi.voice_accountability,BGR,2005,67.2681893,62.7104694,71.8259092
wgi.voice_accountability,BGR,2006,68.8405009,64.4678786,73.2131232
wgi.voice_accountability,BGR,2007,69.1161581,64.7435358,73.4887804
wgi.voice_accountability,BGR,2008,67.6713486,63.2987263,72.0439709
wgi.voice_accountability,BGR,2009,67.2370261,62.8644038,71.6096484
wgi.voice_accountability,BGR,2010,66.0110153,61.6383929,70.3836376
wgi.voice_accountability,BGR,2011,62.5451269,58.6288592,66.4613946
wgi.voice_accountability,BGR,2012,63.0217074,59.1054397,66.9379751
wgi.voice_accountability,BGR,2013,60.3717816,56.3392029,64.4043603
wgi.voice_accountability,BGR,2014,60.6926827,56.660104,64.7252614
wgi.voice_accountability,BGR,2015,61.0875091,57.0549304,65.1200878
wgi.voice_accountability,BGR,2016,60.9306325,56.8980538,64.9632113
wgi.voice_accountability,BGR,2017,59.0625499,55.1243411,63.0007587
wgi.voice_accountability,BGR,2018,58.1278785,53.9750717,62.2806853
wgi.voice_accountability,BGR,2019,59.2808479,55.1280411,63.4336547
wgi.voice_accountability,BGR,2020,60.229005,55.9117238,64.5462862
wgi.voice_accountability,BGR,2021,60.17976,55.8624788,64.4970412
wgi.voice_accountability,BGR,2022,60.3184987,56.0012175,64.6357799
wgi.voice_accountability,BGR,2023,61.393015,57.0410317,65.7449984
wgi.voice_accountability,BGR,2024,60.5840325,56.2320491,64.9360159
wgi.voice_accountability,BHR,1996,37.7504289,32.1822553,43.3186025
wgi.voice_accountability,BHR,1998,33.8828917,28.3147181,39.4510652
wgi.voice_accountability,BHR,2000,35.7871117,30.2189381,41.3552853
wgi.voice_accountability,BHR,2002,46.9527195,42.0253226,51.8801165
wgi.voice_accountability,BHR,2003,46.732974,42.4559888,51.0099592
wgi.voice_accountability,BHR,2004,45.7011095,41.6136203,49.7885988
wgi.voice_accountability,BHR,2005,44.6579997,40.5705104,48.745489
wgi.voice_accountability,BHR,2006,45.4740743,41.386585,49.5615635
wgi.voice_accountability,BHR,2007,46.4820916,42.3946023,50.5695809
wgi.voice_accountability,BHR,2008,46.224385,42.1368957,50.3118742
wgi.voice_accountability,BHR,2009,45.9622134,41.875083,50.0493439
wgi.voice_accountability,BHR,2010,42.3789884,38.2918579,46.4661188
wgi.voice_accountability,BHR,2011,37.128688,33.0415575,41.2158184
wgi.voice_accountability,BHR,2012,36.409908,32.3227775,40.4970385
wgi.voice_accountability,BHR,2013,35.5560631,31.3124341,39.7996921
wgi.voice_accountability,BHR,2014,36.0226094,31.7785797,40.2666392
wgi.voice_accountability,BHR,2015,37.9236213,33.0464249,42.8008176
wgi.voice_accountability,BHR,2016,36.2207359,31.3435395,41.0979322
wgi.voice_accountability,BHR,2017,35.9345159,31.0573196,40.8117122
wgi.voice_accountability,BHR,2018,34.4054565,29.101602,39.709311
wgi.voice_accountability,BHR,2019,34.639603,29.3357485,39.9434575
wgi.voice_accountability,BHR,2020,34.6227009,29.3188464,39.9265554
wgi.voice_accountability,BHR,2021,33.809446,28.4619333,39.1569587
wgi.voice_accountability,BHR,2022,33.7976055,28.4500928,39.1451182
wgi.voice_accountability,BHR,2023,33.4484309,28.1009182,38.7959436
wgi.voice_accountability,BHR,2024,33.7202025,28.3726898,39.0677152
wgi.voice_accountability,BHS,1996,76.082483,68.6182648,83.5467012
wgi.voice_accountability,BHS,1998,76.064767,68.6005488,83.5289852
wgi.voice_accountability,BHS,2000,77.3859529,69.9217346,84.8501711
wgi.voice_accountability,BHS,2002,76.1784719,68.7142537,83.6426901
wgi.voice_accountability,BHS,2003,73.4556849,65.9914667,80.9199032
wgi.voice_accountability,BHS,2004,73.8902367,66.4260185,81.354455
wgi.voice_accountability,BHS,2005,74.9213749,67.4571567,82.3855931
wgi.voice_accountability,BHS,2006,74.9224828,67.4582646,82.386701
wgi.voice_accountability,BHS,2007,76.3646896,68.9004714,83.8289078
wgi.voice_accountability,BHS,2008,76.3504601,68.8862419,83.8146783
wgi.voice_accountability,BHS,2009,73.75468,67.4851606,80.0241993
wgi.voice_accountability,BHS,2010,73.7431388,67.4736195,80.0126582
wgi.voice_accountability,BHS,2011,73.2129727,66.9434534,79.482492
wgi.voice_accountability,BHS,2012,73.2372906,66.9677713,79.50681
wgi.voice_accountability,BHS,2013,73.1701668,66.9006475,79.4396862
wgi.voice_accountability,BHS,2014,73.2568672,66.9893764,79.524358
wgi.voice_accountability,BHS,2015,67.7257691,62.6197925,72.8317457
wgi.voice_accountability,BHS,2016,65.7530933,60.6471167,70.8590699
wgi.voice_accountability,BHS,2017,66.1119031,61.0059265,71.2178797
wgi.voice_accountability,BHS,2018,65.8728349,60.2708552,71.4748145
wgi.voice_accountability,BHS,2019,67.7733811,62.1699505,73.3768117
wgi.voice_accountability,BHS,2020,67.7690195,62.1655889,73.3724501
wgi.voice_accountability,BHS,2021,68.6007815,62.9973509,74.2042121
wgi.voice_accountability,BHS,2022,67.503302,61.8998714,73.1067326
wgi.voice_accountability,BHS,2023,66.8296819,61.2277023,72.4316616
wgi.voice_accountability,BHS,2024,66.5292727,60.9272931,72.1312524
wgi.voice_accountability,BIH,1996,53.4556258,47.2301095,59.6811421
wgi.voice_accountability,BIH,1998,55.0738254,48.8483091,61.2993417
wgi.voice_accountability,BIH,2000,54.3473671,48.5868744,60.1078598
wgi.voice_accountability,BIH,2002,55.3000101,50.3593742,60.2406459
wgi.voice_accountability,BIH,2003,57.8686421,52.9280063,62.809278
wgi.voice_accountability,BIH,2004,60.1949364,55.3251979,65.0646749
wgi.voice_accountability,BIH,2005,61.9626598,57.2062149,66.7191047
wgi.voice_accountability,BIH,2006,60.9259226,56.1791741,65.6726711
wgi.voice_accountability,BIH,2007,60.2257811,55.7134084,64.7381538
wgi.voice_accountability,BIH,2008,58.59237,54.0799973,63.1047427
wgi.voice_accountability,BIH,2009,57.8010125,53.2886398,62.3133852
wgi.voice_accountability,BIH,2010,55.777702,51.2653293,60.2900747
wgi.voice_accountability,BIH,2011,53.6407689,49.1283962,58.1531416
wgi.voice_accountability,BIH,2012,54.3620657,50.3463506,58.3777808
wgi.voice_accountability,BIH,2013,53.3868428,49.2454353,57.5282502
wgi.voice_accountability,BIH,2014,54.0517221,49.9103146,58.1931295
wgi.voice_accountability,BIH,2015,53.1364399,48.9950325,57.2778473
wgi.voice_accountability,BIH,2016,52.3521744,48.2107669,56.4935818
wgi.voice_accountability,BIH,2017,50.1454711,46.0040636,54.2868785
wgi.voice_accountability,BIH,2018,49.1853913,44.7034047,53.6673779
wgi.voice_accountability,BIH,2019,48.9452501,44.4632635,53.4272368
wgi.voice_accountability,BIH,2020,48.9517681,44.4539732,53.4495629
wgi.voice_accountability,BIH,2021,48.5183819,44.0540133,52.9827505
wgi.voice_accountability,BIH,2022,48.5547013,44.0903327,53.01907
wgi.voice_accountability,BIH,2023,49.083091,44.5803184,53.5858636
wgi.voice_accountability,BIH,2024,49.9313526,45.42858,54.4341252
wgi.voice_accountability,BLR,1996,40.9380469,33.9032505,47.9728433
wgi.voice_accountability,BLR,1998,42.3811114,36.0261222,48.7361006
wgi.voice_accountability,BLR,2000,32.1353259,26.2727237,37.9979281
wgi.voice_accountability,BLR,2002,34.075321,28.9473963,39.2032457
wgi.voice_accountability,BLR,2003,34.5111837,29.383259,39.6391085
wgi.voice_accountability,BLR,2004,35.4658518,30.337927,40.5937765
wgi.voice_accountability,BLR,2005,33.3239917,28.1960669,38.4519164
wgi.voice_accountability,BLR,2006,31.8129335,27.1352411,36.490626
wgi.voice_accountability,BLR,2007,32.8376483,28.1599558,37.5153407
wgi.voice_accountability,BLR,2008,35.0425733,30.5437773,39.5413693
wgi.voice_accountability,BLR,2009,35.4600147,30.9612187,39.9588107
wgi.voice_accountability,BLR,2010,35.1279837,30.6291877,39.6267797
wgi.voice_accountability,BLR,2011,34.461832,29.963036,38.960628
wgi.voice_accountability,BLR,2012,35.2261919,31.2200525,39.2323314
wgi.voice_accountability,BLR,2013,34.5549715,30.4240673,38.6858757
wgi.voice_accountability,BLR,2014,36.0591669,31.9282627,40.1900711
wgi.voice_accountability,BLR,2015,35.9171499,31.7862457,40.0480541
wgi.voice_accountability,BLR,2016,37.3681028,33.2371986,41.499007
wgi.voice_accountability,BLR,2017,36.222017,32.0911128,40.3529212
wgi.voice_accountability,BLR,2018,37.5780311,33.1973752,41.9586871
wgi.voice_accountability,BLR,2019,34.7245951,30.3439391,39.1052511
wgi.voice_accountability,BLR,2020,32.7706505,28.3899945,37.1513064
wgi.voice_accountability,BLR,2021,29.6243646,25.2437086,34.0050205
wgi.voice_accountability,BLR,2022,28.0987986,23.7181426,32.4794546
wgi.voice_accountability,BLR,2023,26.6423377,22.2616818,31.0229937
wgi.voice_accountability,BLR,2024,27.2627222,22.8744474,31.650997
wgi.voice_accountability,BLZ,1996,71.7724811,63.1319556,80.4130066
wgi.voice_accountability,BLZ,1998,71.748739,63.1082135,80.3892645
wgi.voice_accountability,BLZ,2000,73.438662,64.7981365,82.0791875
wgi.voice_accountability,BLZ,2002,70.5281959,61.8876704,79.1687214
wgi.voice_accountability,BLZ,2003,70.8950078,62.2544823,79.5355333
wgi.voice_accountability,BLZ,2004,69.8968776,61.3668506,78.4269046
wgi.voice_accountability,BLZ,2005,70.5468255,62.0167985,79.0768526
wgi.voice_accountability,BLZ,2006,66.1415331,59.279292,73.0037742
wgi.voice_accountability,BLZ,2007,65.5148775,58.681659,72.3480959
wgi.voice_accountability,BLZ,2008,65.1324656,58.3018725,71.9630587
wgi.voice_accountability,BLZ,2009,69.0741119,62.2435187,75.904705
wgi.voice_accountability,BLZ,2010,68.9458396,62.1152465,75.7764327
wgi.voice_accountability,BLZ,2011,69.3307701,62.6320617,76.0294785
wgi.voice_accountability,BLZ,2012,69.3376048,62.6388965,76.0363132
wgi.voice_accountability,BLZ,2013,69.686923,63.2402452,76.1336008
wgi.voice_accountability,BLZ,2014,62.4358011,57.2343221,67.63728
wgi.voice_accountability,BLZ,2015,60.8691235,55.6676446,66.0706025
wgi.voice_accountability,BLZ,2016,60.8524542,55.5899546,66.1149538
wgi.voice_accountability,BLZ,2017,61.3252244,56.0627248,66.587724
wgi.voice_accountability,BLZ,2018,58.2479228,52.4372522,64.0585934
wgi.voice_accountability,BLZ,2019,58.198669,52.3685515,64.0287866
wgi.voice_accountability,BLZ,2020,58.3155472,52.4505104,64.180584
wgi.voice_accountability,BLZ,2021,58.2083584,52.3433216,64.0733952
wgi.voice_accountability,BLZ,2022,58.7706224,52.9055856,64.6356592
wgi.voice_accountability,BLZ,2023,58.968586,53.105212,64.8319601
wgi.voice_accountability,BLZ,2024,58.6688121,53.0165619,64.3210624
wgi.voice_accountability,BMU,1996,74.8104529,61.6382792,87.9826265
wgi.voice_accountability,BMU,1998,74.7552763,61.5831026,87.9274499
wgi.voice_accountability,BMU,2000,70.8900301,57.7178564,84.0622038
wgi.voice_accountability,BMU,2002,75.0685428,61.8963691,88.2407165
wgi.voice_accountability,BMU,2003,75.1168619,61.9446882,88.2890356
wgi.voice_accountability,BMU,2004,69.9596555,56.7874819,83.1318292
wgi.voice_accountability,BMU,2005,75.2980967,62.125923,88.4702704
wgi.voice_accountability,BMU,2006,75.4852946,62.3131209,88.6574683
wgi.voice_accountability,BMU,2007,75.4310911,62.2589174,88.6032648
wgi.voice_accountability,BMU,2008,75.3867783,62.2146046,88.558952
wgi.voice_accountability,BMU,2009,75.3955541,62.2233804,88.5677277
wgi.voice_accountability,BMU,2010,75.3446096,62.1724359,88.5167833
wgi.voice_accountability,BMU,2011,75.4362736,62.2640999,88.6084473
wgi.voice_accountability,BMU,2012,75.3598595,62.1876858,88.5320332
wgi.voice_accountability,BMU,2013,75.2473185,62.0751448,88.4194922
wgi.voice_accountability,BMU,2014,75.3684602,62.1962865,88.5406339
wgi.voice_accountability,BMU,2015,75.3991578,62.2269841,88.5713315
wgi.voice_accountability,BMU,2016,75.3609201,62.1887465,88.5330938
wgi.voice_accountability,BMU,2017,75.3276759,62.1555022,88.4998496
wgi.voice_accountability,BOL,1996,57.9689454,52.4053592,63.5325316
wgi.voice_accountability,BOL,1998,60.7944457,55.2308595,66.3580319
wgi.voice_accountability,BOL,2000,60.5220037,54.9584175,66.0855899
wgi.voice_accountability,BOL,2002,57.2904526,52.4163385,62.1645668
wgi.voice_accountability,BOL,2003,55.4495408,50.5754267,60.323655
wgi.voice_accountability,BOL,2004,55.1282389,50.9001311,59.3563467
wgi.voice_accountability,BOL,2005,58.4417121,54.3245701,62.5588541
wgi.voice_accountability,BOL,2006,59.4641182,55.3532719,63.5749646
wgi.voice_accountability,BOL,2007,58.1759771,54.0651307,62.2868234
wgi.voice_accountability,BOL,2008,57.2358011,53.1249548,61.3466475
wgi.voice_accountability,BOL,2009,58.1422095,54.0313632,62.2530559
wgi.voice_accountability,BOL,2010,57.4924996,53.5046643,61.480335
wgi.voice_accountability,BOL,2011,55.3636701,51.73106,58.9962802
wgi.voice_accountability,BOL,2012,53.9989993,49.9926446,58.005354
wgi.voice_accountability,BOL,2013,53.8126591,49.6815151,57.943803
wgi.voice_accountability,BOL,2014,55.1071134,50.9759694,59.2382574
wgi.voice_accountability,BOL,2015,54.0587581,49.9276141,58.189902
wgi.voice_accountability,BOL,2016,53.5032991,49.3721551,57.6344431
wgi.voice_accountability,BOL,2017,52.8589064,48.7277625,56.9900504
wgi.voice_accountability,BOL,2018,51.2043751,46.8234339,55.5853164
wgi.voice_accountability,BOL,2019,48.4430355,44.0620942,52.8239767
wgi.voice_accountability,BOL,2020,50.2105243,45.7258703,54.6951783
wgi.voice_accountability,BOL,2021,51.1834719,46.6598836,55.7070602
wgi.voice_accountability,BOL,2022,49.9229462,45.3993579,54.4465345
wgi.voice_accountability,BOL,2023,49.3318119,44.8082236,53.8554001
wgi.voice_accountability,BOL,2024,49.1522731,44.6286848,53.6758614
wgi.voice_accountability,BRA,1996,61.6244277,56.0842984,67.1645571
wgi.voice_accountability,BRA,1998,61.592813,56.0526836,67.1329423
wgi.voice_accountability,BRA,2000,61.8997541,56.3596248,67.4398835
wgi.voice_accountability,BRA,2002,65.3207101,60.462392,70.1790282
wgi.voice_accountability,BRA,2003,65.4164977,60.5581796,70.2748159
wgi.voice_accountability,BRA,2004,65.1251758,60.2867615,69.9635901
wgi.voice_accountability,BRA,2005,67.0426522,62.2611665,71.8241379
wgi.voice_accountability,BRA,2006,67.4382592,62.8568725,72.019646
wgi.voice_accountability,BRA,2007,67.1091844,62.5277977,71.6905712
wgi.voice_accountability,BRA,2008,67.9717456,63.3903588,72.5531323
wgi.voice_accountability,BRA,2009,66.8952358,62.8504368,70.9400347
wgi.voice_accountability,BRA,2010,67.8789001,63.8341012,71.9236991
wgi.voice_accountability,BRA,2011,66.0820054,62.4064967,69.757514
wgi.voice_accountability,BRA,2012,66.5333263,62.8578176,70.208835
wgi.voice_accountability,BRA,2013,64.3046259,60.5334783,68.0757734
wgi.voice_accountability,BRA,2014,64.2886513,60.5175038,68.0597989
wgi.voice_accountability,BRA,2015,64.9224025,60.7278347,69.1169702
wgi.voice_accountability,BRA,2016,64.899749,60.7051812,69.0943167
wgi.voice_accountability,BRA,2017,64.3619237,60.2723359,68.4515116
wgi.voice_accountability,BRA,2018,61.9831185,57.651641,66.3145959
wgi.voice_accountability,BRA,2019,60.4316453,56.1001679,64.7631228
wgi.voice_accountability,BRA,2020,59.768042,55.4223035,64.1137805
wgi.voice_accountability,BRA,2021,58.1856122,53.8398737,62.5313507
wgi.voice_accountability,BRA,2022,57.3819696,53.0362311,61.7277081
wgi.voice_accountability,BRA,2023,61.208117,56.826978,65.589256
wgi.voice_accountability,BRA,2024,62.3883763,58.0072373,66.7695154
wgi.voice_accountability,BRB,1996,78.4241883,71.3893919,85.4589847
wgi.voice_accountability,BRB,1998,78.40845,71.3736536,85.4432464
wgi.voice_accountability,BRB,2000,78.4420916,71.4072952,85.476888
wgi.voice_accountability,BRB,2002,78.371175,71.3363786,85.4059714
wgi.voice_accountability,BRB,2003,75.9516046,68.9168082,82.986401
wgi.voice_accountability,BRB,2004,74.2321391,67.2573623,81.206916
wgi.voice_accountability,BRB,2005,74.56724,67.5924632,81.5420169
wgi.voice_accountability,BRB,2006,74.9545036,68.1199672,81.78904
wgi.voice_accountability,BRB,2007,75.30176,68.4672236,82.1362964
wgi.voice_accountability,BRB,2008,74.5973531,67.7628166,81.4318895
wgi.voice_accountability,BRB,2009,78.2271312,72.34483,84.1094325
wgi.voice_accountability,BRB,2010,77.8480903,71.9299177,83.7662629
wgi.voice_accountability,BRB,2011,77.6583038,71.7401312,83.5764765
wgi.voice_accountability,BRB,2012,77.2142499,71.2960773,83.1324226
wgi.voice_accountability,BRB,2013,76.8880771,70.9699045,82.8062497
wgi.voice_accountability,BRB,2014,76.5481385,70.6316724,82.4646046
wgi.voice_accountability,BRB,2015,73.9373534,69.0266049,78.848102
wgi.voice_accountability,BRB,2016,73.7201161,68.8093675,78.6308646
wgi.voice_accountability,BRB,2017,72.8331109,67.9223623,77.7438595
wgi.voice_accountability,BRB,2018,73.3986601,68.0515727,78.7457475
wgi.voice_accountability,BRB,2019,72.9289685,67.580621,78.2773161
wgi.voice_accountability,BRB,2020,73.309877,67.9615294,78.6582245
wgi.voice_accountability,BRB,2021,73.8506601,68.4359028,79.2654174
wgi.voice_accountability,BRB,2022,74.1640299,68.7492727,79.5787872
wgi.voice_accountability,BRB,2023,74.0834047,68.6686474,79.498162
wgi.voice_accountability,BRB,2024,74.2460133,68.8312561,79.6607706
wgi.voice_accountability,BRN,1996,40.442681,32.9784628,47.9068992
wgi.voice_accountability,BRN,1998,40.2753275,32.8111092,47.7395457
wgi.voice_accountability,BRN,2000,41.0662072,33.601989,48.5304254
wgi.voice_accountability,BRN,2002,42.8045089,35.6843493,49.9246684
wgi.voice_accountability,BRN,2003,41.7636849,34.6435253,48.8838444
wgi.voice_accountability,BRN,2004,41.4741657,34.3540061,48.5943252
wgi.voice_accountability,BRN,2005,43.4752165,36.355057,50.595376
wgi.voice_accountability,BRN,2006,43.007256,35.8870964,50.1274155
wgi.voice_accountability,BRN,2007,42.3186853,34.8544671,49.7829035
wgi.voice_accountability,BRN,2008,42.9292596,35.6361807,50.2223385
wgi.voice_accountability,BRN,2009,46.4539336,40.4852033,52.4226639
wgi.voice_accountability,BRN,2010,46.7304729,40.7617426,52.6992032
wgi.voice_accountability,BRN,2011,47.8796181,41.9108878,53.8483484
wgi.voice_accountability,BRN,2012,48.1932749,42.2245446,54.1620052
wgi.voice_accountability,BRN,2013,48.3357312,42.3670009,54.3044615
wgi.voice_accountability,BRN,2014,48.4523923,42.483662,54.4211226
wgi.voice_accountability,BRN,2015,46.980811,41.0120807,52.9495413
wgi.voice_accountability,BRN,2016,46.0619864,40.0932561,52.0307167
wgi.voice_accountability,BRN,2017,43.5809263,37.612196,49.5496566
wgi.voice_accountability,BRN,2018,43.1471096,36.3395113,49.9547079
wgi.voice_accountability,BRN,2019,43.3103028,36.5027045,50.1179011
wgi.voice_accountability,BRN,2020,43.2800305,36.4724322,50.0876288
wgi.voice_accountability,BRN,2021,42.5423198,35.7347215,49.3499182
wgi.voice_accountability,BRN,2022,42.6807365,35.8731382,49.4883349
wgi.voice_accountability,BRN,2023,42.9599432,36.0137899,49.9060965
wgi.voice_accountability,BRN,2024,42.8484471,35.9022938,49.7946004
wgi.voice_accountability,BTN,1996,41.0559035,34.0211071,48.0906999
wgi.voice_accountability,BTN,1998,41.2357118,34.2009154,48.2705082
wgi.voice_accountability,BTN,2000,41.9669605,34.9321641,49.0017569
wgi.voice_accountability,BTN,2002,40.4370715,33.6925101,47.1816328
wgi.voice_accountability,BTN,2003,40.8749907,34.1304294,47.6195521
wgi.voice_accountability,BTN,2004,41.980819,36.6965445,47.2650935
wgi.voice_accountability,BTN,2005,47.6648573,42.5249031,52.8048115
wgi.voice_accountability,BTN,2006,46.0251016,41.660793,50.3894103
wgi.voice_accountability,BTN,2007,48.9940751,44.6297664,53.3583837
wgi.voice_accountability,BTN,2008,53.5321344,49.1678258,57.8964431
wgi.voice_accountability,BTN,2009,54.1151301,49.7508214,58.4794387
wgi.voice_accountability,BTN,2010,54.2392805,49.8749718,58.6035891
wgi.voice_accountability,BTN,2011,54.001868,49.6375593,58.3661766
wgi.voice_accountability,BTN,2012,58.5282129,53.4659243,63.5905015
wgi.voice_accountability,BTN,2013,60.2749561,55.2783735,65.2715386
wgi.voice_accountability,BTN,2014,60.4381055,55.441523,65.4346881
wgi.voice_accountability,BTN,2015,60.7100644,55.7134819,65.706647
wgi.voice_accountability,BTN,2016,60.6341281,55.6375456,65.6307107
wgi.voice_accountability,BTN,2017,60.6746236,55.6780411,65.6712062
wgi.voice_accountability,BTN,2018,64.0078676,58.5494277,69.4663076
wgi.voice_accountability,BTN,2019,64.3794105,58.8923469,69.866474
wgi.voice_accountability,BTN,2020,62.7502211,57.2481631,68.252279
wgi.voice_accountability,BTN,2021,62.8405059,57.338448,68.3425638
wgi.voice_accountability,BTN,2022,61.5055438,55.9311043,67.0799833
wgi.voice_accountability,BTN,2023,62.2472923,56.6728528,67.8217318
wgi.voice_accountability,BTN,2024,63.8688856,58.2944462,69.4433251
wgi.voice_accountability,BWA,1996,67.6046624,62.0364888,73.172836
wgi.voice_accountability,BWA,1998,65.6808606,60.112687,71.2490341
wgi.voice_accountability,BWA,2000,65.1762918,59.8399037,70.5126799
wgi.voice_accountability,BWA,2002,66.66812,61.8753364,71.4609035
wgi.voice_accountability,BWA,2003,71.0234271,66.325542,75.7213121
wgi.voice_accountability,BWA,2004,69.1250616,64.4451796,73.8049436
wgi.voice_accountability,BWA,2005,68.9355289,64.508171,73.3628868
wgi.voice_accountability,BWA,2006,67.9770033,63.5574708,72.3965358
wgi.voice_accountability,BWA,2007,67.349042,62.9295095,71.7685745
wgi.voice_accountability,BWA,2008,67.1291478,62.7096153,71.5486803
wgi.voice_accountability,BWA,2009,67.0239018,62.6043693,71.4434343
wgi.voice_accountability,BWA,2010,66.550428,62.1308955,70.9699605
wgi.voice_accountability,BWA,2011,65.6323839,61.2128514,70.0519164
wgi.voice_accountability,BWA,2012,66.2888095,62.3389476,70.2386715
wgi.voice_accountability,BWA,2013,64.3140439,60.4736723,68.1544156
wgi.voice_accountability,BWA,2014,62.9103058,59.0699342,66.7506774
wgi.voice_accountability,BWA,2015,61.578846,57.7384743,65.4192176
wgi.voice_accountability,BWA,2016,60.7421675,56.7728463,64.7114887
wgi.voice_accountability,BWA,2017,60.5597373,56.5904161,64.5290585
wgi.voice_accountability,BWA,2018,60.543789,56.354451,64.733127
wgi.voice_accountability,BWA,2019,60.9787014,56.7893634,65.1680394
wgi.voice_accountability,BWA,2020,60.8092458,56.6070084,65.0114831
wgi.voice_accountability,BWA,2021,59.7592767,55.5671751,63.9513784
wgi.voice_accountability,BWA,2022,59.2705705,55.0784688,63.4626721
wgi.voice_accountability,BWA,2023,59.6374419,55.4135907,63.8612931
wgi.voice_accountability,BWA,2024,62.0171118,57.7932606,66.240963
wgi.voice_accountability,CAF,1996,39.1037441,32.0689477,46.1385405
wgi.voice_accountability,CAF,1998,40.0068638,32.9720674,47.0416602
wgi.voice_accountability,CAF,2000,40.541003,33.9571337,47.1248723
wgi.voice_accountability,CAF,2002,37.3721126,31.7822569,42.9619683
wgi.voice_accountability,CAF,2003,31.6115762,26.0217205,37.2014318
wgi.voice_accountability,CAF,2004,37.6010101,32.2198927,42.9821276
wgi.voice_accountability,CAF,2005,37.7817829,32.8371809,42.7263848
wgi.voice_accountability,CAF,2006,39.0464812,34.5007225,43.5922399
wgi.voice_accountability,CAF,2007,39.6973725,35.1600815,44.2346635
wgi.voice_accountability,CAF,2008,40.4929482,35.9556572,45.0302391
wgi.voice_accountability,CAF,2009,39.1191183,34.5818273,43.6564093
wgi.voice_accountability,CAF,2010,37.4055529,32.8682619,41.9428438
wgi.voice_accountability,CAF,2011,38.3292205,33.7919295,42.8665114
wgi.voice_accountability,CAF,2012,37.8681296,33.3308386,42.4054206
wgi.voice_accountability,CAF,2013,33.2926517,28.9191735,37.6661299
wgi.voice_accountability,CAF,2014,36.1418346,31.7683564,40.5153128
wgi.voice_accountability,CAF,2015,36.7087525,32.3352743,41.0822307
wgi.voice_accountability,CAF,2016,37.930624,33.3637643,42.4974837
wgi.voice_accountability,CAF,2017,38.0275721,33.4607124,42.5944317
wgi.voice_accountability,CAF,2018,39.4936313,34.5822071,44.4050555
wgi.voice_accountability,CAF,2019,38.7823581,33.870934,43.6937823
wgi.voice_accountability,CAF,2020,35.3894324,30.4571872,40.3216775
wgi.voice_accountability,CAF,2021,34.9237052,29.99146,39.8559503
wgi.voice_accountability,CAF,2022,34.7356042,29.7924777,39.6787306
wgi.voice_accountability,CAF,2023,33.7295593,28.847093,38.6120257
wgi.voice_accountability,CAF,2024,33.8988207,29.0163543,38.781287
wgi.voice_accountability,CAN,1996,85.0410182,79.4963592,90.5856772
wgi.voice_accountability,CAN,1998,84.9068721,79.3622132,90.4515311
wgi.voice_accountability,CAN,2000,85.1962023,79.6515433,90.7408613
wgi.voice_accountability,CAN,2002,85.3728549,80.039521,90.7061889
wgi.voice_accountability,CAN,2003,85.3155465,79.9822126,90.6488805
wgi.voice_accountability,CAN,2004,84.3936957,79.0603617,89.7270296
wgi.voice_accountability,CAN,2005,83.2300654,77.8967315,88.5633994
wgi.voice_accountability,CAN,2006,84.2115595,78.8931272,89.5299918
wgi.voice_accountability,CAN,2007,84.5261405,79.4663652,89.5859158
wgi.voice_accountability,CAN,2008,83.8454687,78.7856934,88.905244
wgi.voice_accountability,CAN,2009,83.008876,77.9491007,88.0686513
wgi.voice_accountability,CAN,2010,81.5556496,76.4958743,86.6154249
wgi.voice_accountability,CAN,2011,81.7956507,77.4086711,86.1826303
wgi.voice_accountability,CAN,2012,82.1760445,77.7890649,86.5630242
wgi.voice_accountability,CAN,2013,82.4641845,77.9118081,87.0165609
wgi.voice_accountability,CAN,2014,81.7114707,77.1590944,86.2638471
wgi.voice_accountability,CAN,2015,84.5437007,79.9913244,89.0960771
wgi.voice_accountability,CAN,2016,84.8132706,80.3084082,89.318133
wgi.voice_accountability,CAN,2017,85.4404198,80.9355574,89.9452821
wgi.voice_accountability,CAN,2018,85.2203137,80.3857622,90.0548652
wgi.voice_accountability,CAN,2019,84.7786927,79.9441412,89.6132442
wgi.voice_accountability,CAN,2020,84.8078693,79.9733178,89.6424208
wgi.voice_accountability,CAN,2021,82.6248889,77.7903374,87.4594404
wgi.voice_accountability,CAN,2022,82.6946626,77.860111,87.5292141
wgi.voice_accountability,CAN,2023,83.3014896,78.4180554,88.1849238
wgi.voice_accountability,CAN,2024,83.1660553,78.2826211,88.0494895
wgi.voice_accountability,CHE,1996,84.3024657,78.7578067,89.8471247
wgi.voice_accountability,CHE,1998,84.3718648,78.8272058,89.9165238
wgi.voice_accountability,CHE,2000,84.1567697,78.6121107,89.7014287
wgi.voice_accountability,CHE,2002,85.1303159,79.796982,90.4636499
wgi.voice_accountability,CHE,2003,85.3937004,80.0603664,90.7270343
wgi.voice_accountability,CHE,2004,84.9038652,79.5705313,90.2371992
wgi.voice_accountability,CHE,2005,85.0663041,79.7329701,90.399638
wgi.voice_accountability,CHE,2006,85.6854354,80.3657621,91.0051086
wgi.voice_accountability,CHE,2007,85.681247,80.3615738,91.0009203
wgi.voice_accountability,CHE,2008,85.6389698,80.3192965,90.958643
wgi.voice_accountability,CHE,2009,85.9102776,80.5906043,91.2299508
wgi.voice_accountability,CHE,2010,85.8310368,80.5113636,91.1507101
wgi.voice_accountability,CHE,2011,85.9195504,80.5998772,91.2392237
wgi.voice_accountability,CHE,2012,85.8970265,80.5773532,91.2166997
wgi.voice_accountability,CHE,2013,85.6952525,80.3755793,91.0149258
wgi.voice_accountability,CHE,2014,85.4003198,80.0806466,90.7199931
wgi.voice_accountability,CHE,2015,85.4125015,80.0928283,90.7321748
wgi.voice_accountability,CHE,2016,85.5404045,80.2207312,90.8600777
wgi.voice_accountability,CHE,2017,85.9950561,80.6753829,91.3147294
wgi.voice_accountability,CHE,2018,86.15034,80.2624292,92.0382508
wgi.voice_accountability,CHE,2019,85.7184871,79.8305763,91.6063979
wgi.voice_accountability,CHE,2020,85.5364209,79.6485101,91.4243317
wgi.voice_accountability,CHE,2021,86.2236316,80.4101169,92.0371464
wgi.voice_accountability,CHE,2022,86.3320561,80.5185413,92.1455708
wgi.voice_accountability,CHE,2023,85.2919917,79.3928985,91.1910848
wgi.voice_accountability,CHE,2024,85.5924866,79.6933935,91.4915798
wgi.voice_accountability,CHL,1996,73.6628829,68.1227536,79.2030123
wgi.voice_accountability,CHL,1998,70.5711838,65.0310544,76.1113131
wgi.voice_accountability,CHL,2000,75.1836479,69.6435186,80.7237773
wgi.voice_accountability,CHL,2002,77.3759624,72.5176443,82.2342806
wgi.voice_accountability,CHL,2003,76.5771121,71.718794,81.4354302
wgi.voice_accountability,CHL,2004,77.1221431,72.2837288,81.9605574
wgi.voice_accountability,CHL,2005,79.7501348,74.9117205,84.5885491
wgi.voice_accountability,CHL,2006,79.7066446,74.8793637,84.5339256
wgi.voice_accountability,CHL,2007,79.8476727,75.0203917,84.6749537
wgi.voice_accountability,CHL,2008,78.6226332,73.9912436,83.2540228
wgi.voice_accountability,CHL,2009,79.1641147,74.582728,83.7455015
wgi.voice_accountability,CHL,2010,78.8908939,74.2926207,83.489167
wgi.voice_accountability,CHL,2011,76.9876767,72.9117776,81.0635758
wgi.voice_accountability,CHL,2012,76.9020475,72.8261484,80.9779467
wgi.voice_accountability,CHL,2013,76.8526923,72.6451762,81.0602084
wgi.voice_accountability,CHL,2014,77.0394648,72.8319487,81.2469809
wgi.voice_accountability,CHL,2015,76.5716741,72.364158,80.7791902
wgi.voice_accountability,CHL,2016,76.347994,72.1404779,80.5555101
wgi.voice_accountability,CHL,2017,76.2718809,72.0643648,80.479397
wgi.voice_accountability,CHL,2018,76.4034226,71.9310834,80.8757619
wgi.voice_accountability,CHL,2019,75.769493,71.2971537,80.2418322
wgi.voice_accountability,CHL,2020,75.3228837,70.8505445,79.795223
wgi.voice_accountability,CHL,2021,74.270095,69.7977558,78.7424343
wgi.voice_accountability,CHL,2022,74.5244114,70.0520722,78.9967507
wgi.voice_accountability,CHL,2023,74.8457834,70.3348301,79.3567366
wgi.voice_accountability,CHL,2024,74.2500039,69.7390507,78.7609571
wgi.voice_accountability,CHN,1996,28.8887262,23.3440672,34.4333852
wgi.voice_accountability,CHN,1998,28.6390829,23.094424,34.1837419
wgi.voice_accountability,CHN,2000,28.9626585,23.4179995,34.5073174
wgi.voice_accountability,CHN,2002,28.2327942,23.3810097,33.0845786
wgi.voice_accountability,CHN,2003,28.9693689,24.1175845,33.8211534
wgi.voice_accountability,CHN,2004,29.5940152,25.379892,33.8081385
wgi.voice_accountability,CHN,2005,30.9956041,26.7814808,35.2097273
wgi.voice_accountability,CHN,2006,31.4688259,27.2547026,35.6829491
wgi.voice_accountability,CHN,2007,31.2029805,27.1498697,35.2560914
wgi.voice_accountability,CHN,2008,30.7391068,26.6915582,34.7866554
wgi.voice_accountability,CHN,2009,30.8778001,26.8302515,34.9253486
wgi.voice_accountability,CHN,2010,30.6803562,26.6328076,34.7279048
wgi.voice_accountability,CHN,2011,32.8859009,29.2083286,36.5634731
wgi.voice_accountability,CHN,2012,31.3801075,27.3131889,35.4470261
wgi.voice_accountability,CHN,2013,31.0798663,26.8822304,35.2775022
wgi.voice_accountability,CHN,2014,32.9618757,28.7642397,37.1595116
wgi.voice_accountability,CHN,2015,32.4786757,28.2810398,36.6763116
wgi.voice_accountability,CHN,2016,32.5243345,28.3266985,36.7219704
wgi.voice_accountability,CHN,2017,32.6878882,28.4902523,36.8855241
wgi.voice_accountability,CHN,2018,31.4352456,26.9747625,35.8957286
wgi.voice_accountability,CHN,2019,30.5511564,26.0906733,35.0116394
wgi.voice_accountability,CHN,2020,29.8557072,25.5065557,34.2048587
wgi.voice_accountability,CHN,2021,28.6055622,24.2564107,32.9547137
wgi.voice_accountability,CHN,2022,28.5527082,24.2035567,32.9018596
wgi.voice_accountability,CHN,2023,28.0278575,23.6432197,32.4124953
wgi.voice_accountability,CHN,2024,27.9142454,23.5225383,32.3059524
wgi.voice_accountability,CIV,1996,40.3851556,34.816982,45.9533292
wgi.voice_accountability,CIV,1998,39.4615737,33.8934001,45.0297473
wgi.voice_accountability,CIV,2000,33.3101752,27.9737871,38.6465633
wgi.voice_accountability,CIV,2002,33.7660275,29.0014282,38.5306268
wgi.voice_accountability,CIV,2003,33.6002212,28.8356219,38.3648205
wgi.voice_accountability,CIV,2004,31.5272019,26.8938573,36.1605466
wgi.voice_accountability,CIV,2005,32.3448867,27.9990257,36.6907477
wgi.voice_accountability,CIV,2006,35.6007102,31.2548492,39.9465712
wgi.voice_accountability,CIV,2007,36.2569083,31.9110472,40.6027693
wgi.voice_accountability,CIV,2008,37.2353814,32.9240808,41.546682
wgi.voice_accountability,CIV,2009,38.302958,34.4528252,42.1530907
wgi.voice_accountability,CIV,2010,38.9091269,35.0589942,42.7592597
wgi.voice_accountability,CIV,2011,38.8771621,35.0386108,42.7157135
wgi.voice_accountability,CIV,2012,42.1768154,38.658122,45.6955087
wgi.voice_accountability,CIV,2013,42.7566396,39.316016,46.1972631
wgi.voice_accountability,CIV,2014,44.8808711,41.1278072,48.6339351
wgi.voice_accountability,CIV,2015,46.3013539,42.5482899,50.0544179
wgi.voice_accountability,CIV,2016,45.8523538,42.0085989,49.6961087
wgi.voice_accountability,CIV,2017,46.4161702,42.5724154,50.2599251
wgi.voice_accountability,CIV,2018,48.4347113,44.3922122,52.4772104
wgi.voice_accountability,CIV,2019,48.7241989,44.6816998,52.7666981
wgi.voice_accountability,CIV,2020,45.1784572,41.1243732,49.2325412
wgi.voice_accountability,CIV,2021,44.4484319,40.3656525,48.5312113
wgi.voice_accountability,CIV,2022,45.3022051,41.2194257,49.3849844
wgi.voice_accountability,CIV,2023,45.5874151,41.5046358,49.6701945
wgi.voice_accountability,CIV,2024,46.0558972,41.9731179,50.1386766
wgi.voice_accountability,CMR,1996,31.5663865,25.9982129,37.1345601
wgi.voice_accountability,CMR,1998,30.0702265,24.5020529,35.6384
wgi.voice_accountability,CMR,2000,30.2712706,24.9348824,35.6076587
wgi.voice_accountability,CMR,2002,33.3404808,28.5758815,38.1050801
wgi.voice_accountability,CMR,2003,34.4696013,29.750435,39.1887677
wgi.voice_accountability,CMR,2004,37.7840407,33.1925077,42.3755736
wgi.voice_accountability,CMR,2005,38.2771873,34.0063105,42.5480642
wgi.voice_accountability,CMR,2006,40.2200913,35.9562382,44.4839445
wgi.voice_accountability,CMR,2007,40.6130555,36.4860018,44.7401091
wgi.voice_accountability,CMR,2008,40.3260217,36.198968,44.4530753
wgi.voice_accountability,CMR,2009,39.3981062,35.2710526,43.5251599
wgi.voice_accountability,CMR,2010,38.8010841,34.6740304,42.9281377
wgi.voice_accountability,CMR,2011,39.0061012,35.2797951,42.7324074
wgi.voice_accountability,CMR,2012,37.7733257,34.0470195,41.4996318
wgi.voice_accountability,CMR,2013,38.0167853,34.2904791,41.7430914
wgi.voice_accountability,CMR,2014,39.9885912,36.262285,43.7148973
wgi.voice_accountability,CMR,2015,39.7021454,35.9758393,43.4284516
wgi.voice_accountability,CMR,2016,38.2898153,34.4460605,42.1335702
wgi.voice_accountability,CMR,2017,37.5741648,33.73041,41.4179197
wgi.voice_accountability,CMR,2018,35.4806834,31.4381842,39.5231825
wgi.voice_accountability,CMR,2019,34.9263095,30.8838104,38.9688087
wgi.voice_accountability,CMR,2020,35.8409283,31.7868443,39.8950124
wgi.voice_accountability,CMR,2021,35.059913,31.005829,39.1139971
wgi.voice_accountability,CMR,2022,35.0777533,31.0236693,39.1318373
wgi.voice_accountability,CMR,2023,35.0991466,31.0163673,39.181926
wgi.voice_accountability,CMR,2024,35.1152314,31.032452,39.1980108
wgi.voice_accountability,COD,1996,22.7834555,16.1700525,29.3968585
wgi.voice_accountability,COD,1998,24.4967304,17.8833274,31.1101333
wgi.voice_accountability,COD,2000,25.6229648,19.3883612,31.8575684
wgi.voice_accountability,COD,2002,25.905728,20.6756377,31.1358182
wgi.voice_accountability,COD,2003,27.5395101,22.3094198,32.7696003
wgi.voice_accountability,COD,2004,28.8464017,24.213057,33.4797463
wgi.voice_accountability,COD,2005,30.9286413,26.5827803,35.2745023
wgi.voice_accountability,COD,2006,36.381785,32.1805068,40.5830632
wgi.voice_accountability,COD,2007,36.921637,32.7643006,41.0789735
wgi.voice_accountability,COD,2008,34.2658199,30.1084834,38.4231563
wgi.voice_accountability,COD,2009,33.7486196,30.0045974,37.4926417
wgi.voice_accountability,COD,2010,33.4557732,29.711751,37.1997953
wgi.voice_accountability,COD,2011,31.6359274,27.7906655,35.4811892
wgi.voice_accountability,COD,2012,31.5394782,27.6942163,35.38474
wgi.voice_accountability,COD,2013,31.6783762,27.934354,35.4223983
wgi.voice_accountability,COD,2014,33.2532081,29.5091859,36.9972303
wgi.voice_accountability,COD,2015,33.8795277,29.7221912,38.0368641
wgi.voice_accountability,COD,2016,32.1806696,27.892306,36.4690332
wgi.voice_accountability,COD,2017,31.091859,26.9154868,35.2682312
wgi.voice_accountability,COD,2018,33.1697702,28.7347778,37.6047627
wgi.voice_accountability,COD,2019,36.2183503,31.7833578,40.6533427
wgi.voice_accountability,COD,2020,37.1460557,32.6957486,41.5963628
wgi.voice_accountability,COD,2021,36.8553096,32.8835258,40.8270934
wgi.voice_accountability,COD,2022,36.8240239,32.8522401,40.7958077
wgi.voice_accountability,COD,2023,37.1491449,33.1503915,41.1478983
wgi.voice_accountability,COD,2024,35.6079912,31.6092378,39.6067446
wgi.voice_accountability,COG,1996,40.9343889,34.5793997,47.2893782
wgi.voice_accountability,COG,1998,27.6432403,21.2882511,33.9982296
wgi.voice_accountability,COG,2000,29.6162119,23.5995143,35.6329095
wgi.voice_accountability,COG,2002,37.888562,32.0564789,43.7206452
wgi.voice_accountability,COG,2003,38.9209744,33.0888912,44.7530575
wgi.voice_accountability,COG,2004,38.1771028,32.5809288,43.7732769
wgi.voice_accountability,COG,2005,36.6018018,31.9286145,41.2749891
wgi.voice_accountability,COG,2006,36.1346761,31.7888151,40.4805371
wgi.voice_accountability,COG,2007,35.8845691,31.538708,40.2304301
wgi.voice_accountability,COG,2008,36.6785555,32.3326945,41.0244165
wgi.voice_accountability,COG,2009,36.9281427,32.5896835,41.2666019
wgi.voice_accountability,COG,2010,37.6401142,33.301655,41.9785734
wgi.voice_accountability,COG,2011,37.6327877,33.2943285,41.9712469
wgi.voice_accountability,COG,2012,36.8714241,32.5329649,41.2098834
wgi.voice_accountability,COG,2013,37.4664388,33.2718483,41.6610293
wgi.voice_accountability,COG,2014,37.1922833,32.9976928,41.3868738
wgi.voice_accountability,COG,2015,38.7039417,34.5093512,42.8985322
wgi.voice_accountability,COG,2016,36.9744333,32.6101474,41.3387192
wgi.voice_accountability,COG,2017,36.9043691,32.5400832,41.268655
wgi.voice_accountability,COG,2018,35.6500602,30.98805,40.3120704
wgi.voice_accountability,COG,2019,34.3638478,29.5872103,39.1404853
wgi.voice_accountability,COG,2020,35.4212134,30.6254264,40.2170004
wgi.voice_accountability,COG,2021,34.579552,30.3679911,38.7911129
wgi.voice_accountability,COG,2022,34.6222143,30.4106534,38.8337752
wgi.voice_accountability,COG,2023,34.4073835,30.210971,38.603796
wgi.voice_accountability,COG,2024,33.8373029,29.6408904,38.0337154
wgi.voice_accountability,COL,1996,46.0850739,40.5449445,51.6252032
wgi.voice_accountability,COL,1998,46.9643692,41.4242398,52.5044985
wgi.voice_accountability,COL,2000,46.4837911,40.9436617,52.0239204
wgi.voice_accountability,COL,2002,48.3780242,43.5197061,53.2363424
wgi.voice_accountability,COL,2003,48.4317971,43.573479,53.2901153
wgi.voice_accountability,COL,2004,52.5017296,48.2839466,56.7195127
wgi.voice_accountability,COL,2005,52.6690307,48.489116,56.8489453
wgi.voice_accountability,COL,2006,53.8271896,49.6538629,58.0005164
wgi.voice_accountability,COL,2007,54.6667438,50.6219448,58.7115427
wgi.voice_accountability,COL,2008,54.8009984,50.7561994,58.8457973
wgi.voice_accountability,COL,2009,54.4023529,50.357554,58.4471519
wgi.voice_accountability,COL,2010,54.2907413,50.2459423,58.3355403
wgi.voice_accountability,COL,2011,56.6931907,53.017682,60.3686994
wgi.voice_accountability,COL,2012,55.9300069,51.8658817,59.9941321
wgi.voice_accountability,COL,2013,54.8880505,50.6934827,59.0826182
wgi.voice_accountability,COL,2014,55.8546972,51.6601295,60.049265
wgi.voice_accountability,COL,2015,57.1433985,52.9488307,61.3379662
wgi.voice_accountability,COL,2016,57.4468041,53.2522364,61.6413719
wgi.voice_accountability,COL,2017,57.2127136,53.0181458,61.4072813
wgi.voice_accountability,COL,2018,58.2793678,53.822569,62.7361666
wgi.voice_accountability,COL,2019,58.2585713,53.8017725,62.7153701
wgi.voice_accountability,COL,2020,57.9482784,53.4759392,62.4206177
wgi.voice_accountability,COL,2021,56.6767594,52.2044201,61.1490986
wgi.voice_accountability,COL,2022,57.3542597,52.8819205,61.826599
wgi.voice_accountability,COL,2023,57.3811943,52.870241,61.8921475
wgi.voice_accountability,COL,2024,57.4541954,52.9432422,61.9651487
wgi.voice_accountability,COM,1996,46.6658572,39.6310608,53.7006536
wgi.voice_accountability,COM,1998,45.5597769,38.5249805,52.5945733
wgi.voice_accountability,COM,2000,38.2520555,31.6681862,44.8359248
wgi.voice_accountability,COM,2002,48.5107018,42.1665782,54.8548255
wgi.voice_accountability,COM,2003,46.9547603,40.6106366,53.298884
wgi.voice_accountability,COM,2004,46.1796451,40.1358921,52.2233981
wgi.voice_accountability,COM,2005,45.4876492,39.6565042,51.3187942
wgi.voice_accountability,COM,2006,49.7614314,44.5557799,54.967083
wgi.voice_accountability,COM,2007,47.7235939,42.5179424,52.9292454
wgi.voice_accountability,COM,2008,47.7479976,42.5423461,52.9536492
wgi.voice_accountability,COM,2009,46.8821547,41.6892083,52.0751012
wgi.voice_accountability,COM,2010,46.5685241,41.3755777,51.7614706
wgi.voice_accountability,COM,2011,47.7750005,42.582054,52.9679469
wgi.voice_accountability,COM,2012,47.2522991,42.0593527,52.4452456
wgi.voice_accountability,COM,2013,45.9661375,41.0147779,50.9174971
wgi.voice_accountability,COM,2014,46.4062288,41.4548692,51.3575884
wgi.voice_accountability,COM,2015,44.9984669,40.0471072,49.9498265
wgi.voice_accountability,COM,2016,44.4460866,39.5556864,49.3364868
wgi.voice_accountability,COM,2017,44.4906094,39.5896027,49.3916161
wgi.voice_accountability,COM,2018,42.5617388,37.22722,47.8962577
wgi.voice_accountability,COM,2019,35.9374738,30.602955,41.2719927
wgi.voice_accountability,COM,2020,35.5822766,30.2210489,40.9435042
wgi.voice_accountability,COM,2021,34.3964969,29.0352693,39.7577246
wgi.voice_accountability,COM,2022,34.2934843,28.9461326,39.640836
wgi.voice_accountability,COM,2023,34.4250768,29.0777251,39.7724284
wgi.voice_accountability,COM,2024,35.1817444,29.8343927,40.529096
wgi.voice_accountability,CPV,1996,71.7062254,63.7030075,79.7094433
wgi.voice_accountability,CPV,1998,71.5954102,63.5921923,79.598628
wgi.voice_accountability,CPV,2000,70.0183484,62.6612577,77.3754391
wgi.voice_accountability,CPV,2002,66.1744132,59.8817084,72.4671181
wgi.voice_accountability,CPV,2003,65.8722888,59.5795839,72.1649937
wgi.voice_accountability,CPV,2004,67.5783807,61.5791365,73.5776248
wgi.voice_accountability,CPV,2005,71.0197305,65.2285875,76.8108736
wgi.voice_accountability,CPV,2006,72.4237207,67.246593,77.6008484
wgi.voice_accountability,CPV,2007,73.5505992,68.3734715,78.7277269
wgi.voice_accountability,CPV,2008,73.807387,68.6302592,78.9845147
wgi.voice_accountability,CPV,2009,73.1108002,67.9336724,78.2879279
wgi.voice_accountability,CPV,2010,72.0301825,66.9111875,77.1491774
wgi.voice_accountability,CPV,2011,73.2372696,68.1182747,78.3562646
wgi.voice_accountability,CPV,2012,72.5617523,67.4427574,77.6807473
wgi.voice_accountability,CPV,2013,71.3703176,66.4831869,76.2574484
wgi.voice_accountability,CPV,2014,70.3903953,65.5032646,75.277526
wgi.voice_accountability,CPV,2015,70.3174117,65.4302809,75.2045424
wgi.voice_accountability,CPV,2016,69.5042425,64.6171118,74.3913733
wgi.voice_accountability,CPV,2017,69.6973702,64.8102395,74.584501
wgi.voice_accountability,CPV,2018,71.6772168,66.3605785,76.9938551
wgi.voice_accountability,CPV,2019,70.9958081,65.5072324,76.4843839
wgi.voice_accountability,CPV,2020,69.4419914,63.9243125,74.9596703
wgi.voice_accountability,CPV,2021,69.6631389,64.14546,75.1808178
wgi.voice_accountability,CPV,2022,69.8994557,64.3817768,75.4171346
wgi.voice_accountability,CPV,2023,69.7474589,64.1567736,75.3381441
wgi.voice_accountability,CPV,2024,70.6950996,65.1044143,76.2857849
wgi.voice_accountability,CRI,1996,76.1019545,70.5383683,81.6655407
wgi.voice_accountability,CRI,1998,76.2289963,70.6654102,81.7925825
wgi.voice_accountability,CRI,2000,75.8555597,70.2919735,81.4191459
wgi.voice_accountability,CRI,2002,76.5935399,71.7194258,81.4676541
wgi.voice_accountability,CRI,2003,75.7827196,70.9086055,80.6568338
wgi.voice_accountability,CRI,2004,75.2066007,70.3535263,80.0596751
wgi.voice_accountability,CRI,2005,74.7613356,69.9657009,79.5569703
wgi.voice_accountability,CRI,2006,75.2605801,70.4748868,80.0462734
wgi.voice_accountability,CRI,2007,75.4712593,70.8766337,80.065885
wgi.voice_accountability,CRI,2008,74.8268964,70.2322708,79.4215221
wgi.voice_accountability,CRI,2009,75.397033,70.8024074,79.9916587
wgi.voice_accountability,CRI,2010,76.4369714,71.8423458,81.0315971
wgi.voice_accountability,CRI,2011,76.2810102,71.6863846,80.8756359
wgi.voice_accountability,CRI,2012,76.0540502,71.2683569,80.8397435
wgi.voice_accountability,CRI,2013,75.9115502,71.1065989,80.7165015
wgi.voice_accountability,CRI,2014,76.8298148,72.612051,81.0475786
wgi.voice_accountability,CRI,2015,77.1279242,72.9101604,81.345688
wgi.voice_accountability,CRI,2016,76.7771743,72.5594105,80.9949381
wgi.voice_accountability,CRI,2017,77.4404556,73.2226918,81.6582194
wgi.voice_accountability,CRI,2018,77.9697974,73.4851434,82.4544514
wgi.voice_accountability,CRI,2019,77.803487,73.318833,82.288141
wgi.voice_accountability,CRI,2020,77.8892877,73.4046337,82.3739417
wgi.voice_accountability,CRI,2021,76.5700463,72.0853923,81.0547003
wgi.voice_accountability,CRI,2022,76.2945712,71.8099172,80.7792252
wgi.voice_accountability,CRI,2023,76.0739593,71.550371,80.5975476
wgi.voice_accountability,CRI,2024,74.5525589,70.0289706,79.0761472
wgi.voice_accountability,CUB,1996,32.3258475,26.7576739,37.8940211
wgi.voice_accountability,CUB,1998,30.9352205,25.3670469,36.5033941
wgi.voice_accountability,CUB,2000,30.5095092,24.9413356,36.0776828
wgi.voice_accountability,CUB,2002,30.237545,25.310148,35.164942
wgi.voice_accountability,CUB,2003,30.1224679,25.1950709,35.0498649
wgi.voice_accountability,CUB,2004,27.3063104,22.3996749,32.2129459
wgi.voice_accountability,CUB,2005,27.2476491,22.3410136,32.1542846
wgi.voice_accountability,CUB,2006,29.1600358,24.26404,34.0560315
wgi.voice_accountability,CUB,2007,29.9172757,25.02128,34.8132715
wgi.voice_accountability,CUB,2008,29.8729979,24.9770022,34.7689937
wgi.voice_accountability,CUB,2009,29.8607217,24.9647259,34.7567174
wgi.voice_accountability,CUB,2010,30.2585112,25.3418923,35.1751302
wgi.voice_accountability,CUB,2011,30.585372,25.668753,35.5019909
wgi.voice_accountability,CUB,2012,30.610313,25.7143173,35.5063088
wgi.voice_accountability,CUB,2013,31.1229277,26.2269319,36.0189234
wgi.voice_accountability,CUB,2014,31.8509454,26.9549497,36.7469412
wgi.voice_accountability,CUB,2015,32.3785177,27.482522,37.2745135
wgi.voice_accountability,CUB,2016,32.164408,27.2684123,37.0604038
wgi.voice_accountability,CUB,2017,32.0664238,27.1597883,36.9730593
wgi.voice_accountability,CUB,2018,34.3466534,29.0048727,39.688434
wgi.voice_accountability,CUB,2019,36.0283923,30.6866116,41.3701729
wgi.voice_accountability,CUB,2020,36.0220564,30.6534567,41.3906561
wgi.voice_accountability,CUB,2021,35.3352482,29.9666485,40.7038479
wgi.voice_accountability,CUB,2022,35.3256306,29.9570309,40.6942303
wgi.voice_accountability,CUB,2023,34.9817452,29.6131455,40.3503449
wgi.voice_accountability,CUB,2024,34.6460842,29.2774845,40.0146839
wgi.voice_accountability,CYM,1996,82.603065,69.4308913,95.7752387
wgi.voice_accountability,CYM,1998,82.5478902,69.3757165,95.7200639
wgi.voice_accountability,CYM,2000,82.5789501,69.4067764,95.7511238
wgi.voice_accountability,CYM,2002,82.8611567,69.688983,96.0333304
wgi.voice_accountability,CYM,2003,71.2205558,58.0483822,84.3927295
wgi.voice_accountability,CYM,2004,66.4962683,53.3240946,79.6684419
wgi.voice_accountability,CYM,2005,71.4017906,58.2296169,84.5739643
wgi.voice_accountability,CYM,2006,71.5889885,58.4168148,84.7611622
wgi.voice_accountability,CYM,2007,71.534785,58.3626114,84.7069587
wgi.voice_accountability,CYM,2008,71.4904722,58.3182985,84.6626459
wgi.voice_accountability,CYM,2009,69.2554464,60.5698642,77.9410285
wgi.voice_accountability,CYM,2010,69.2332952,60.5477131,77.9188774
wgi.voice_accountability,CYM,2011,69.2731502,60.587568,77.9587323
wgi.voice_accountability,CYM,2012,69.2399269,60.5543448,77.9255091
wgi.voice_accountability,CYM,2013,69.1909935,60.5054113,77.8765756
wgi.voice_accountability,CYM,2014,69.2436655,60.5580833,77.9292476
wgi.voice_accountability,CYM,2015,69.2570129,60.5714307,77.942595
wgi.voice_accountability,CYM,2016,69.2403873,60.5548051,77.9259694
wgi.voice_accountability,CYM,2017,69.2259319,60.5403498,77.9115141
wgi.voice_accountability,CYM,2018,66.0179795,55.27296,76.762999
wgi.voice_accountability,CYM,2019,66.0066081,55.2615886,76.7516277
wgi.voice_accountability,CYM,2020,65.9905706,55.2455511,76.7355901
wgi.voice_accountability,CYM,2021,73.7033364,62.9583169,84.4483559
wgi.voice_accountability,CYM,2022,73.666779,62.9217594,84.4117985
wgi.voice_accountability,CYM,2023,73.6306066,62.8855871,84.3756261
wgi.voice_accountability,CYM,2024,73.6108253,62.8658057,84.3558448
wgi.voice_accountability,CYP,1996,74.9140781,69.3459045,80.4822517
wgi.voice_accountability,CYP,1998,71.7041706,66.135997,77.2723442
wgi.voice_accountability,CYP,2000,73.2251142,67.6569406,78.7932877
wgi.voice_accountability,CYP,2002,75.0563961,69.4882225,80.6245697
wgi.voice_accountability,CYP,2003,74.6798913,69.2590082,80.1007744
wgi.voice_accountability,CYP,2004,72.9328051,67.6346809,78.2309293
wgi.voice_accountability,CYP,2005,75.2626402,69.964516,80.5607643
wgi.voice_accountability,CYP,2006,77.9202496,72.6355183,83.2049809
wgi.voice_accountability,CYP,2007,78.165414,72.8806827,83.4501452
wgi.voice_accountability,CYP,2008,78.5822095,73.2974782,83.8669408
wgi.voice_accountability,CYP,2009,77.9688505,72.6841192,83.2535818
wgi.voice_accountability,CYP,2010,76.9320923,71.647361,82.2168236
wgi.voice_accountability,CYP,2011,77.0213673,71.736636,82.3060985
wgi.voice_accountability,CYP,2012,76.1561352,70.8714039,81.4408665
wgi.voice_accountability,CYP,2013,75.161075,69.8763437,80.4458062
wgi.voice_accountability,CYP,2014,74.9591067,69.6743755,80.243838
wgi.voice_accountability,CYP,2015,74.5414851,69.2567538,79.8262164
wgi.voice_accountability,CYP,2016,74.6994013,69.41467,79.9841326
wgi.voice_accountability,CYP,2017,75.0825343,69.8179186,80.34715
wgi.voice_accountability,CYP,2018,75.2896237,69.476109,81.1031385
wgi.voice_accountability,CYP,2019,75.9989104,70.1853956,81.8124251
wgi.voice_accountability,CYP,2020,75.3727676,69.8318069,80.9137283
wgi.voice_accountability,CYP,2021,72.7343496,68.044752,77.4239473
wgi.voice_accountability,CYP,2022,72.4547001,67.7651025,77.1442977
wgi.voice_accountability,CYP,2023,72.5799252,67.8457487,77.3141016
wgi.voice_accountability,CYP,2024,72.3797719,67.6455955,77.1139484
wgi.voice_accountability,CZE,1996,74.08526,68.540601,79.629919
wgi.voice_accountability,CZE,1998,72.3377765,66.7931175,77.8824355
wgi.voice_accountability,CZE,2000,69.4788009,63.9341419,75.0234599
wgi.voice_accountability,CZE,2002,72.3867082,67.5253394,77.248077
wgi.voice_accountability,CZE,2003,73.2181849,68.3568161,78.0795537
wgi.voice_accountability,CZE,2004,71.4989749,66.6797311,76.3182188
wgi.voice_accountability,CZE,2005,73.7427923,68.9798084,78.5057761
wgi.voice_accountability,CZE,2006,74.3536571,69.6004135,79.1069008
wgi.voice_accountability,CZE,2007,73.5829963,68.8297526,78.33624
wgi.voice_accountability,CZE,2008,74.5857577,69.832514,79.3390014
wgi.voice_accountability,CZE,2009,74.3666177,69.613374,79.1198614
wgi.voice_accountability,CZE,2010,73.6576147,69.0917281,78.2235012
wgi.voice_accountability,CZE,2011,72.9507784,68.8974837,77.0040731
wgi.voice_accountability,CZE,2012,72.3470685,68.2937739,76.4003632
wgi.voice_accountability,CZE,2013,72.8109125,68.6282517,76.9935733
wgi.voice_accountability,CZE,2014,73.6817786,69.4991178,77.8644394
wgi.voice_accountability,CZE,2015,74.1253494,69.9426886,78.3080102
wgi.voice_accountability,CZE,2016,74.0399968,69.857336,78.2226576
wgi.voice_accountability,CZE,2017,71.3494407,67.2718053,75.427076
wgi.voice_accountability,CZE,2018,70.211021,65.8937398,74.5283022
wgi.voice_accountability,CZE,2019,72.4005859,68.0833047,76.7178671
wgi.voice_accountability,CZE,2020,74.3890559,70.0717747,78.7063371
wgi.voice_accountability,CZE,2021,75.0612863,70.7440051,79.3785675
wgi.voice_accountability,CZE,2022,75.836398,71.5191168,80.1536792
wgi.voice_accountability,CZE,2023,76.7906652,72.4386818,81.1426486
wgi.voice_accountability,CZE,2024,78.8095441,74.4575607,83.1615274
wgi.voice_accountability,DEU,1996,84.8791675,79.3345085,90.4238264
wgi.voice_accountability,DEU,1998,84.6517104,79.1070514,90.1963694
wgi.voice_accountability,DEU,2000,84.7483574,79.2659582,90.2307565
wgi.voice_accountability,DEU,2002,83.8049959,78.5271414,89.0828505
wgi.voice_accountability,DEU,2003,82.8235036,77.5456491,88.1013582
wgi.voice_accountability,DEU,2004,82.706587,77.4287324,87.9844415
wgi.voice_accountability,DEU,2005,84.299513,79.0216585,89.5773676
wgi.voice_accountability,DEU,2006,84.5315505,79.2669349,89.7961662
wgi.voice_accountability,DEU,2007,84.4210853,79.2295705,89.6126001
wgi.voice_accountability,DEU,2008,83.9182301,78.7267153,89.1097448
wgi.voice_accountability,DEU,2009,84.6882223,79.4967075,89.8797371
wgi.voice_accountability,DEU,2010,83.2910931,78.0995783,88.4826079
wgi.voice_accountability,DEU,2011,83.4341725,79.1192436,87.7491013
wgi.voice_accountability,DEU,2012,83.5802395,79.2653106,87.8951684
wgi.voice_accountability,DEU,2013,83.6048742,79.1328588,88.0768897
wgi.voice_accountability,DEU,2014,84.035306,79.5632905,88.5073214
wgi.voice_accountability,DEU,2015,84.7083922,80.2363767,89.1804076
wgi.voice_accountability,DEU,2016,83.3579649,78.8859494,87.8299803
wgi.voice_accountability,DEU,2017,83.5118415,79.1675102,87.8561728
wgi.voice_accountability,DEU,2018,83.8472015,79.2094952,88.4849077
wgi.voice_accountability,DEU,2019,83.6923779,79.0546717,88.3300842
wgi.voice_accountability,DEU,2020,84.8610331,80.2233269,89.4987394
wgi.voice_accountability,DEU,2021,84.4494113,79.8117051,89.0871176
wgi.voice_accountability,DEU,2022,84.1299384,79.4922321,88.7676447
wgi.voice_accountability,DEU,2023,84.705289,80.0244828,89.3860951
wgi.voice_accountability,DEU,2024,84.8208684,80.1400623,89.5016746
wgi.voice_accountability,DJI,1996,38.6411078,31.6063114,45.6759042
wgi.voice_accountability,DJI,1998,36.7934926,29.7586962,43.828289
wgi.voice_accountability,DJI,2000,38.9862166,32.4023474,45.5700859
wgi.voice_accountability,DJI,2002,41.3879414,35.0438177,47.7320651
wgi.voice_accountability,DJI,2003,44.2117072,37.8675836,50.5558309
wgi.voice_accountability,DJI,2004,42.8528595,36.8091065,48.8966125
wgi.voice_accountability,DJI,2005,39.305014,33.8611991,44.7488289
wgi.voice_accountability,DJI,2006,39.8586264,34.9341261,44.7831267
wgi.voice_accountability,DJI,2007,38.301703,33.3772027,43.2262033
wgi.voice_accountability,DJI,2008,38.0037494,33.0900096,42.9174892
wgi.voice_accountability,DJI,2009,38.3954499,33.4817101,43.3091896
wgi.voice_accountability,DJI,2010,38.0244899,33.1107501,42.9382296
wgi.voice_accountability,DJI,2011,35.5012628,30.587523,40.4150026
wgi.voice_accountability,DJI,2012,34.8321059,29.9183661,39.7458457
wgi.voice_accountability,DJI,2013,32.8926078,28.1850264,37.6001893
wgi.voice_accountability,DJI,2014,33.2658572,28.5582757,37.9734386
wgi.voice_accountability,DJI,2015,33.4605338,28.7529524,38.1681153
wgi.voice_accountability,DJI,2016,34.8195794,29.8682197,39.770939
wgi.voice_accountability,DJI,2017,34.342171,29.379804,39.3045379
wgi.voice_accountability,DJI,2018,35.2265052,30.304338,40.1486724
wgi.voice_accountability,DJI,2019,34.7493471,29.8271799,39.6715143
wgi.voice_accountability,DJI,2020,35.9593957,31.0162692,40.9025221
wgi.voice_accountability,DJI,2021,35.8520424,30.908916,40.7951689
wgi.voice_accountability,DJI,2022,35.7267876,30.7836612,40.6699141
wgi.voice_accountability,DJI,2023,35.4171773,30.4740509,40.3603038
wgi.voice_accountability,DJI,2024,35.0586389,30.1155124,40.0017653
wgi.voice_accountability,DMA,1996,75.4442775,66.803752,84.084803
wgi.voice_accountability,DMA,1998,75.4205354,66.7800099,84.0610609
wgi.voice_accountability,DMA,2000,75.4339003,66.7933748,84.0744258
wgi.voice_accountability,DMA,2002,74.6240934,65.9835679,83.2646189
wgi.voice_accountability,DMA,2003,73.7136489,65.0731234,82.3541744
wgi.voice_accountability,DMA,2004,72.7046969,64.1746699,81.2347239
wgi.voice_accountability,DMA,2005,74.401698,66.4401553,82.3632407
wgi.voice_accountability,DMA,2006,72.9795385,65.0179958,80.9410812
wgi.voice_accountability,DMA,2007,73.8324155,65.8708728,81.7939582
wgi.voice_accountability,DMA,2008,73.8162275,65.8546848,81.7777702
wgi.voice_accountability,DMA,2009,73.5844805,65.6229378,81.5460232
wgi.voice_accountability,DMA,2010,73.4057661,65.3546037,81.4569285
wgi.voice_accountability,DMA,2011,73.4400115,65.388849,81.4911739
wgi.voice_accountability,DMA,2012,72.9137589,64.8625964,80.9649213
wgi.voice_accountability,DMA,2013,72.8030644,64.751902,80.8542268
wgi.voice_accountability,DMA,2014,72.8483223,64.7971599,80.8994848
wgi.voice_accountability,DMA,2015,66.3656612,60.4240598,72.3072626
wgi.voice_accountability,DMA,2016,66.3628135,60.4229396,72.3026875
wgi.voice_accountability,DMA,2017,66.1051682,60.1652942,72.0450421
wgi.voice_accountability,DMA,2018,64.4290528,57.6641728,71.1939328
wgi.voice_accountability,DMA,2019,63.977135,57.212255,70.742015
wgi.voice_accountability,DMA,2020,62.7273558,55.9624758,69.4922358
wgi.voice_accountability,DMA,2021,62.5675266,55.8000947,69.3349585
wgi.voice_accountability,DMA,2022,62.4245137,55.6570819,69.1919456
wgi.voice_accountability,DMA,2023,62.1513699,55.383938,68.9188018
wgi.voice_accountability,DMA,2024,63.4970873,56.7296554,70.2645191
wgi.voice_accountability,DNK,1996,85.7511117,80.2064527,91.2957707
wgi.voice_accountability,DNK,1998,85.6266638,80.0820048,91.1713227
wgi.voice_accountability,DNK,2000,86.0777677,80.5953685,91.5601668
wgi.voice_accountability,DNK,2002,87.0867074,81.8088528,92.3645619
wgi.voice_accountability,DNK,2003,87.562355,82.2845005,92.8402096
wgi.voice_accountability,DNK,2004,87.2407083,81.9628537,92.5185628
wgi.voice_accountability,DNK,2005,86.7945978,81.5167433,92.0724524
wgi.voice_accountability,DNK,2006,88.3775282,83.1129125,93.6421439
wgi.voice_accountability,DNK,2007,87.2727221,82.0081064,92.5373378
wgi.voice_accountability,DNK,2008,88.2666482,83.0020325,93.5312638
wgi.voice_accountability,DNK,2009,88.6536615,83.3890458,93.9182771
wgi.voice_accountability,DNK,2010,87.5410475,82.2764318,92.8056632
wgi.voice_accountability,DNK,2011,87.5483828,82.2837671,92.8129985
wgi.voice_accountability,DNK,2012,89.1101001,84.5916156,93.6285847
wgi.voice_accountability,DNK,2013,88.7377959,84.2193114,93.2562805
wgi.voice_accountability,DNK,2014,86.3617245,81.84324,90.8802091
wgi.voice_accountability,DNK,2015,88.4046798,83.8861952,92.9231644
wgi.voice_accountability,DNK,2016,88.3687787,83.8502941,92.8872633
wgi.voice_accountability,DNK,2017,86.5174407,82.1305433,90.904338
wgi.voice_accountability,DNK,2018,88.0316703,83.3420726,92.7212679
wgi.voice_accountability,DNK,2019,88.1418817,83.452284,92.8314793
wgi.voice_accountability,DNK,2020,89.6133247,84.923727,94.3029223
wgi.voice_accountability,DNK,2021,90.3144289,85.6248312,95.0040265
wgi.voice_accountability,DNK,2022,90.3305977,85.641,95.0201953
wgi.voice_accountability,DNK,2023,90.4768537,85.7426773,95.2110302
wgi.voice_accountability,DNK,2024,90.0154146,85.2812381,94.7495911
wgi.voice_accountability,DOM,1996,52.9790155,47.4108419,58.5471891
wgi.voice_accountability,DOM,1998,52.0285989,46.4604253,57.5967724
wgi.voice_accountability,DOM,2000,54.3146217,48.7464481,59.8827953
wgi.voice_accountability,DOM,2002,56.5674913,51.5838606,61.551122
wgi.voice_accountability,DOM,2003,54.9531195,50.0759232,59.8303158
wgi.voice_accountability,DOM,2004,56.5500886,51.6970142,61.403163
wgi.voice_accountability,DOM,2005,56.5273109,51.6742365,61.3803853
wgi.voice_accountability,DOM,2006,58.4132496,53.5704754,63.2560237
wgi.voice_accountability,DOM,2007,57.8597998,53.0741065,62.6454932
wgi.voice_accountability,DOM,2008,57.5743535,52.7886602,62.3600468
wgi.voice_accountability,DOM,2009,57.5210234,52.7353301,62.3067167
wgi.voice_accountability,DOM,2010,57.4392693,52.653576,62.2249626
wgi.voice_accountability,DOM,2011,56.4884116,52.2836906,60.6931325
wgi.voice_accountability,DOM,2012,57.7259233,53.5212024,61.9306443
wgi.voice_accountability,DOM,2013,56.6031089,52.3983879,60.8078298
wgi.voice_accountability,DOM,2014,57.6504263,53.4457054,61.8551473
wgi.voice_accountability,DOM,2015,56.633509,52.428788,60.8382299
wgi.voice_accountability,DOM,2016,56.5518283,52.3471074,60.7565493
wgi.voice_accountability,DOM,2017,56.3875797,52.1828588,60.5923007
wgi.voice_accountability,DOM,2018,56.2310882,51.7621042,60.7000723
wgi.voice_accountability,DOM,2019,56.9085693,52.4395853,61.3775533
wgi.voice_accountability,DOM,2020,57.9585751,53.4739211,62.4432291
wgi.voice_accountability,DOM,2021,58.4208789,53.9362249,62.9055329
wgi.voice_accountability,DOM,2022,58.8978952,54.4132412,63.3825492
wgi.voice_accountability,DOM,2023,59.4494634,54.9258751,63.9730517
wgi.voice_accountability,DOM,2024,60.3698685,55.8462803,64.8934568
wgi.voice_accountability,DZA,1996,36.7305974,31.1624238,42.298771
wgi.voice_accountability,DZA,1998,32.4600373,26.8918637,38.0282109
wgi.voice_accountability,DZA,2000,35.4940693,30.1576811,40.8304574
wgi.voice_accountability,DZA,2002,39.8938835,35.1292841,44.6584828
wgi.voice_accountability,DZA,2003,38.3337693,33.614603,43.0529357
wgi.voice_accountability,DZA,2004,43.30096,39.3189197,47.2830002
wgi.voice_accountability,DZA,2005,44.5179868,40.5678623,48.4681113
wgi.voice_accountability,DZA,2006,44.4848546,40.5350556,48.4346535
wgi.voice_accountability,DZA,2007,43.881066,40.0407521,47.7213798
wgi.voice_accountability,DZA,2008,43.2131185,39.3779136,47.0483234
wgi.voice_accountability,DZA,2009,41.8290672,37.9938623,45.6642721
wgi.voice_accountability,DZA,2010,41.3500065,37.0529652,45.6470479
wgi.voice_accountability,DZA,2011,41.3027988,37.0218405,45.5837571
wgi.voice_accountability,DZA,2012,42.1699894,37.8890311,46.4509477
wgi.voice_accountability,DZA,2013,42.3840553,37.9222403,46.8458703
wgi.voice_accountability,DZA,2014,44.1619792,39.7001642,48.6237942
wgi.voice_accountability,DZA,2015,44.1474398,39.6856248,48.6092549
wgi.voice_accountability,DZA,2016,43.2596418,38.7978268,47.7214568
wgi.voice_accountability,DZA,2017,43.0234808,38.5536146,47.4933469
wgi.voice_accountability,DZA,2018,41.1830888,36.3917177,45.9744599
wgi.voice_accountability,DZA,2019,38.3703951,33.5790239,43.1617662
wgi.voice_accountability,DZA,2020,38.1726659,33.3587131,42.9866188
wgi.voice_accountability,DZA,2021,38.5948417,34.3705968,42.8190867
wgi.voice_accountability,DZA,2022,38.0535965,33.8293515,42.2778415
wgi.voice_accountability,DZA,2023,38.4825878,34.2258529,42.7393226
wgi.voice_accountability,DZA,2024,38.4995232,34.2427883,42.756258
wgi.voice_accountability,ECU,1996,53.9942824,48.4306962,59.5578686
wgi.voice_accountability,ECU,1998,54.917943,49.3543568,60.4815292
wgi.voice_accountability,ECU,2000,50.7264207,45.1628345,56.2900069
wgi.voice_accountability,ECU,2002,54.3302304,49.4561163,59.2043446
wgi.voice_accountability,ECU,2003,54.9413701,50.0672559,59.8154842
wgi.voice_accountability,ECU,2004,54.376367,50.1482592,58.6044747
wgi.voice_accountability,ECU,2005,54.0173769,49.8274158,58.207338
wgi.voice_accountability,ECU,2006,54.4998715,50.3165439,58.6831992
wgi.voice_accountability,ECU,2007,55.9444587,51.8905585,59.998359
wgi.voice_accountability,ECU,2008,54.3667319,50.3128316,58.4206321
wgi.voice_accountability,ECU,2009,54.5185519,50.4646517,58.5724522
wgi.voice_accountability,ECU,2010,53.8542957,49.8003955,57.908196
wgi.voice_accountability,ECU,2011,53.6415057,49.5876055,57.695406
wgi.voice_accountability,ECU,2012,50.9033988,46.8300393,54.9767584
wgi.voice_accountability,ECU,2013,50.5885483,46.3838274,54.7932693
wgi.voice_accountability,ECU,2014,51.2998915,47.0951705,55.5046124
wgi.voice_accountability,ECU,2015,49.7402114,45.5354905,53.9449324
wgi.voice_accountability,ECU,2016,50.3441576,46.1394366,54.5488785
wgi.voice_accountability,ECU,2017,51.1405821,46.9358611,55.345303
wgi.voice_accountability,ECU,2018,54.0288726,49.5598885,58.4978566
wgi.voice_accountability,ECU,2019,54.3671397,49.8981556,58.8361237
wgi.voice_accountability,ECU,2020,54.0647929,49.5801389,58.5494469
wgi.voice_accountability,ECU,2021,55.5302221,51.0455681,60.0148761
wgi.voice_accountability,ECU,2022,55.2767755,50.7921215,59.7614295
wgi.voice_accountability,ECU,2023,54.6761706,50.1525823,59.1997589
wgi.voice_accountability,ECU,2024,55.0090172,50.4854289,59.5326055
wgi.voice_accountability,EGY,1996,36.7718472,31.2036736,42.3400208
wgi.voice_accountability,EGY,1998,36.2714161,30.7032425,41.8395897
wgi.voice_accountability,EGY,2000,35.3232537,29.9868656,40.6596419
wgi.voice_accountability,EGY,2002,37.5223662,32.7577669,42.2869655
wgi.voice_accountability,EGY,2003,37.2203748,32.5012084,41.9395411
wgi.voice_accountability,EGY,2004,37.5948003,33.61276,41.5768405
wgi.voice_accountability,EGY,2005,38.0478697,34.0977452,41.9979942
wgi.voice_accountability,EGY,2006,38.6190407,34.7784293,42.4596521
wgi.voice_accountability,EGY,2007,38.6088192,34.7682078,42.4494306
wgi.voice_accountability,EGY,2008,37.7735112,33.9328998,41.6141226
wgi.voice_accountability,EGY,2009,39.1521105,35.3166115,42.9876094
wgi.voice_accountability,EGY,2010,37.7646689,33.92917,41.6001679
wgi.voice_accountability,EGY,2011,39.0846366,35.2605878,42.9086854
wgi.voice_accountability,EGY,2012,43.2032033,39.6956888,46.7107179
wgi.voice_accountability,EGY,2013,37.8527134,34.3454247,41.3600022
wgi.voice_accountability,EGY,2014,35.7379315,32.2306427,39.2452202
wgi.voice_accountability,EGY,2015,34.5030031,30.9957143,38.0102918
wgi.voice_accountability,EGY,2016,33.3711731,29.4021792,37.3401671
wgi.voice_accountability,EGY,2017,33.5339603,29.5649664,37.5029542
wgi.voice_accountability,EGY,2018,30.133575,25.944622,34.3225279
wgi.voice_accountability,EGY,2019,29.3473772,25.1584242,33.5363301
wgi.voice_accountability,EGY,2020,29.0711441,24.8540892,33.2881991
wgi.voice_accountability,EGY,2021,27.8305747,23.6135198,32.0476297
wgi.voice_accountability,EGY,2022,28.2938498,24.0767949,32.5109048
wgi.voice_accountability,EGY,2023,28.799152,24.5493726,33.0489313
wgi.voice_accountability,EGY,2024,28.8341534,24.5843741,33.0839328
wgi.voice_accountability,ERI,1996,30.3371447,23.3023483,37.3719411
wgi.voice_accountability,ERI,1998,32.311996,25.2771996,39.3467924
wgi.voice_accountability,ERI,2000,25.2171591,18.6332898,31.8010283
wgi.voice_accountability,ERI,2002,20.0104031,14.4205475,25.6002588
wgi.voice_accountability,ERI,2003,19.6574864,14.0676308,25.2473421
wgi.voice_accountability,ERI,2004,22.3254171,17.7617359,26.8890983
wgi.voice_accountability,ERI,2005,19.2633479,14.9751278,23.551568
wgi.voice_accountability,ERI,2006,21.0503415,17.0301248,25.0705582
wgi.voice_accountability,ERI,2007,19.7511965,15.7309798,23.7714132
wgi.voice_accountability,ERI,2008,17.6672189,13.6470022,21.6874356
wgi.voice_accountability,ERI,2009,17.4261256,13.4059089,21.4463423
wgi.voice_accountability,ERI,2010,17.1520577,13.1318409,21.1722744
wgi.voice_accountability,ERI,2011,17.0409221,13.0207054,21.0611388
wgi.voice_accountability,ERI,2012,15.5240426,10.9782839,20.0698013
wgi.voice_accountability,ERI,2013,15.8422151,11.4611566,20.2232737
wgi.voice_accountability,ERI,2014,16.2465506,11.8654921,20.6276092
wgi.voice_accountability,ERI,2015,16.3717862,11.9907277,20.7528447
wgi.voice_accountability,ERI,2016,17.4426445,12.8671508,22.0181381
wgi.voice_accountability,ERI,2017,17.3543304,12.7788367,21.9298241
wgi.voice_accountability,ERI,2018,19.2923705,14.3702033,24.2145377
wgi.voice_accountability,ERI,2019,19.2121391,14.2899719,24.1343063
wgi.voice_accountability,ERI,2020,19.534836,14.5917096,24.4779624
wgi.voice_accountability,ERI,2021,19.2882242,14.3450977,24.2313506
wgi.voice_accountability,ERI,2022,19.6943729,14.7512465,24.6374994
wgi.voice_accountability,ERI,2023,18.3927233,13.4495969,23.3358498
wgi.voice_accountability,ERI,2024,16.7723692,11.8292427,21.7154956
wgi.voice_accountability,ESP,1996,78.4602311,72.9155721,84.0048901
wgi.voice_accountability,ESP,1998,78.7628964,73.2182374,84.3075554
wgi.voice_accountability,ESP,2000,79.1183265,73.6359273,84.6007256
wgi.voice_accountability,ESP,2002,79.4625672,74.1847126,84.7404217
wgi.voice_accountability,ESP,2003,77.7688478,72.4909933,83.0467024
wgi.voice_accountability,ESP,2004,78.4131214,73.1352669,83.690976
wgi.voice_accountability,ESP,2005,78.0992195,72.821365,83.3770741
wgi.voice_accountability,ESP,2006,78.6807415,73.4161258,83.9453572
wgi.voice_accountability,ESP,2007,79.8538266,74.8404609,84.8671923
wgi.voice_accountability,ESP,2008,80.8441804,75.8308147,85.8575461
wgi.voice_accountability,ESP,2009,80.0373752,75.0872565,84.9874939
wgi.voice_accountability,ESP,2010,79.0214764,74.0713578,83.9715951
wgi.voice_accountability,ESP,2011,77.2266435,72.9117146,81.5415723
wgi.voice_accountability,ESP,2012,77.6944412,73.2224258,82.1664567
wgi.voice_accountability,ESP,2013,74.6541486,70.1821332,79.1261641
wgi.voice_accountability,ESP,2014,75.3333607,70.8613453,79.8053762
wgi.voice_accountability,ESP,2015,76.0518361,71.5798207,80.5238516
wgi.voice_accountability,ESP,2016,76.0217564,71.5497409,80.4937718
wgi.voice_accountability,ESP,2017,75.6211296,71.2767983,79.9654609
wgi.voice_accountability,ESP,2018,75.3326711,70.6949649,79.9703774
wgi.voice_accountability,ESP,2019,75.9825578,71.3448515,80.6202641
wgi.voice_accountability,ESP,2020,77.1336317,72.4959255,81.771338
wgi.voice_accountability,ESP,2021,76.7746749,72.1369687,81.4123812
wgi.voice_accountability,ESP,2022,76.8995079,72.2618017,81.5372142
wgi.voice_accountability,ESP,2023,77.0174292,72.3366231,81.6982354
wgi.voice_accountability,ESP,2024,76.9498381,72.2690319,81.6306442
wgi.voice_accountability,EST,1996,73.2091396,67.2006122,79.2176671
wgi.voice_accountability,EST,1998,75.5108447,69.9426711,81.0790183
wgi.voice_accountability,EST,2000,75.5104509,69.9422773,81.0786245
wgi.voice_accountability,EST,2002,74.1950356,69.2282843,79.1617869
wgi.voice_accountability,EST,2003,75.1218099,70.2604411,79.9831787
wgi.voice_accountability,EST,2004,75.0547456,70.2355018,79.8739894
wgi.voice_accountability,EST,2005,75.2783591,70.4591153,80.097603
wgi.voice_accountability,EST,2006,74.8736929,70.064534,79.6828517
wgi.voice_accountability,EST,2007,75.0732282,70.2640693,79.8823871
wgi.voice_accountability,EST,2008,75.0821965,70.2730376,79.8913554
wgi.voice_accountability,EST,2009,75.7035961,70.8944372,80.512755
wgi.voice_accountability,EST,2010,76.4265679,71.617409,81.2357268
wgi.voice_accountability,EST,2011,77.7366747,73.5160668,81.9572827
wgi.voice_accountability,EST,2012,77.030108,72.8095001,81.250716
wgi.voice_accountability,EST,2013,76.8619213,72.6413134,81.0825293
wgi.voice_accountability,EST,2014,78.1604695,73.9398616,82.3810775
wgi.voice_accountability,EST,2015,78.8819589,74.6613509,83.1025668
wgi.voice_accountability,EST,2016,79.0334481,74.8128402,83.2540561
wgi.voice_accountability,EST,2017,79.5406913,75.3200833,83.7612992
wgi.voice_accountability,EST,2018,79.1000346,74.6119624,83.5881069
wgi.voice_accountability,EST,2019,81.518392,77.0303198,86.0064643
wgi.voice_accountability,EST,2020,81.6020224,77.242975,85.9610698
wgi.voice_accountability,EST,2021,81.4627954,77.103748,85.8218428
wgi.voice_accountability,EST,2022,81.6559703,77.296923,86.0150177
wgi.voice_accountability,EST,2023,81.3059013,76.9111226,85.70068
wgi.voice_accountability,EST,2024,81.6064996,77.2117208,86.0012783
wgi.voice_accountability,ETH,1996,35.3090487,29.7408751,40.8772223
wgi.voice_accountability,ETH,1998,35.5900092,30.0218356,41.1581828
wgi.voice_accountability,ETH,2000,35.235337,29.8989489,40.5717251
wgi.voice_accountability,ETH,2002,33.3907322,28.6261329,38.1553315
wgi.voice_accountability,ETH,2003,33.0315006,28.3123342,37.7506669
wgi.voice_accountability,ETH,2004,35.8565266,31.8047529,39.9083003
wgi.voice_accountability,ETH,2005,36.7788482,32.9235487,40.6341477
wgi.voice_accountability,ETH,2006,38.0316676,34.2831491,41.7801862
wgi.voice_accountability,ETH,2007,38.1013153,34.3527967,41.8498339
wgi.voice_accountability,ETH,2008,35.982527,32.2340084,39.7310456
wgi.voice_accountability,ETH,2009,35.3799513,31.6314327,39.1284699
wgi.voice_accountability,ETH,2010,34.9886166,31.2400981,38.7371352
wgi.voice_accountability,ETH,2011,34.6391777,31.1902212,38.0881342
wgi.voice_accountability,ETH,2012,34.8885007,31.1246149,38.6523864
wgi.voice_accountability,ETH,2013,33.6951985,29.9313127,37.4590842
wgi.voice_accountability,ETH,2014,34.0634123,30.2995266,37.8272981
wgi.voice_accountability,ETH,2015,33.8420636,30.0781778,37.6059493
wgi.voice_accountability,ETH,2016,33.4216416,29.5365983,37.3066848
wgi.voice_accountability,ETH,2017,32.8756777,28.9906344,36.7607209
wgi.voice_accountability,ETH,2018,36.3631326,32.2725261,40.4537391
wgi.voice_accountability,ETH,2019,39.0548474,34.9781222,43.1315726
wgi.voice_accountability,ETH,2020,38.68122,34.5926106,42.7698294
wgi.voice_accountability,ETH,2021,38.0877526,34.0336686,42.1418366
wgi.voice_accountability,ETH,2022,37.5210885,33.4670045,41.5751726
wgi.voice_accountability,ETH,2023,36.211169,32.1283896,40.2939484
wgi.voice_accountability,ETH,2024,35.1042066,31.0214272,39.1869859
wgi.voice_accountability,FIN,1996,85.514401,79.969742,91.05906
wgi.voice_accountability,FIN,1998,85.7120146,80.1673556,91.2566736
wgi.voice_accountability,FIN,2000,86.3089265,80.8265274,91.7913257
wgi.voice_accountability,FIN,2002,87.2647357,81.9868811,92.5425903
wgi.voice_accountability,FIN,2003,86.7083718,81.4305173,91.9862264
wgi.voice_accountability,FIN,2004,86.9487283,81.6708737,92.2265828
wgi.voice_accountability,FIN,2005,86.5615417,81.2836871,91.8393963
wgi.voice_accountability,FIN,2006,86.8399118,81.5752961,92.1045275
wgi.voice_accountability,FIN,2007,86.3480113,81.0833957,91.612627
wgi.voice_accountability,FIN,2008,86.4438532,81.1792375,91.7084689
wgi.voice_accountability,FIN,2009,86.1463617,80.881746,91.4109773
wgi.voice_accountability,FIN,2010,85.965876,80.7012603,91.2304917
wgi.voice_accountability,FIN,2011,86.4919991,81.2273834,91.7566147
wgi.voice_accountability,FIN,2012,88.6958512,84.1773667,93.2143358
wgi.voice_accountability,FIN,2013,87.6526679,83.1341833,92.1711524
wgi.voice_accountability,FIN,2014,87.455028,82.9365434,91.9735126
wgi.voice_accountability,FIN,2015,88.9116954,84.3932108,93.43018
wgi.voice_accountability,FIN,2016,88.5675667,84.0490822,93.0860513
wgi.voice_accountability,FIN,2017,88.2802004,83.893303,92.6670977
wgi.voice_accountability,FIN,2018,89.3360905,84.6464929,94.0256882
wgi.voice_accountability,FIN,2019,88.9448031,84.2552055,93.6344008
wgi.voice_accountability,FIN,2020,90.3688494,85.6792517,95.058447
wgi.voice_accountability,FIN,2021,90.3489508,85.6593532,95.0385484
wgi.voice_accountability,FIN,2022,90.2348906,85.5452929,94.9244882
wgi.voice_accountability,FIN,2023,89.1357028,84.4015263,93.8698793
wgi.voice_accountability,FIN,2024,89.2911196,84.5569431,94.0252961
wgi.voice_accountability,FJI,1996,57.8544948,50.8196984,64.8892912
wgi.voice_accountability,FJI,1998,58.9344212,51.8996248,65.9692176
wgi.voice_accountability,FJI,2000,50.2010292,43.1662328,57.2358256
wgi.voice_accountability,FJI,2002,57.6540178,50.6192214,64.6888142
wgi.voice_accountability,FJI,2003,59.6422183,52.8976569,66.3867797
wgi.voice_accountability,FJI,2004,59.5142139,52.7696525,66.2587752
wgi.voice_accountability,FJI,2005,61.0681233,54.323562,67.8126847
wgi.voice_accountability,FJI,2006,52.9023966,47.0777521,58.7270412
wgi.voice_accountability,FJI,2007,45.9319096,40.2058076,51.6580117
wgi.voice_accountability,FJI,2008,44.0190206,38.2929185,49.7451226
wgi.voice_accountability,FJI,2009,40.1303456,34.4367509,45.8239403
wgi.voice_accountability,FJI,2010,36.8775903,31.1839956,42.5711849
wgi.voice_accountability,FJI,2011,37.6354585,31.9418639,43.3290532
wgi.voice_accountability,FJI,2012,39.9251622,34.2315675,45.6187568
wgi.voice_accountability,FJI,2013,42.1223686,36.4287739,47.8159633
wgi.voice_accountability,FJI,2014,51.4521036,45.758509,57.1456983
wgi.voice_accountability,FJI,2015,52.1930592,46.4994646,57.8866539
wgi.voice_accountability,FJI,2016,53.3223758,47.6287812,59.0159705
wgi.voice_accountability,FJI,2017,52.5966736,47.1576632,58.0356841
wgi.voice_accountability,FJI,2018,56.5301165,50.479149,62.581084
wgi.voice_accountability,FJI,2019,56.8829772,50.7929476,62.9730067
wgi.voice_accountability,FJI,2020,58.3410465,52.4683699,64.2137232
wgi.voice_accountability,FJI,2021,56.9069906,51.034314,62.7796672
wgi.voice_accountability,FJI,2022,57.164706,51.2926945,63.0367175
wgi.voice_accountability,FJI,2023,59.9323746,54.060363,65.8043861
wgi.voice_accountability,FJI,2024,62.6535898,56.7815783,68.5256014
wgi.voice_accountability,FRA,1996,79.6250778,74.0804188,85.1697368
wgi.voice_accountability,FRA,1998,77.7993126,72.2546537,83.3439716
wgi.voice_accountability,FRA,2000,78.3023254,72.8199263,83.7847246
wgi.voice_accountability,FRA,2002,78.4910583,73.2132037,83.7689128
wgi.voice_accountability,FRA,2003,78.4370771,73.1592225,83.7149316
wgi.voice_accountability,FRA,2004,79.1033636,73.825509,84.3812181
wgi.voice_accountability,FRA,2005,83.1881592,77.9839517,88.3923668
wgi.voice_accountability,FRA,2006,80.6060853,75.4145705,85.7976001
wgi.voice_accountability,FRA,2007,81.5281392,76.5780205,86.4782579
wgi.voice_accountability,FRA,2008,81.3966482,76.4465295,86.3467669
wgi.voice_accountability,FRA,2009,81.2144911,76.2643724,86.1646098
wgi.voice_accountability,FRA,2010,80.1958007,75.245682,85.1459194
wgi.voice_accountability,FRA,2011,78.2503115,73.9353827,82.5652404
wgi.voice_accountability,FRA,2012,79.8368702,75.3648547,84.3088856
wgi.voice_accountability,FRA,2013,78.3724421,73.9004267,82.8444576
wgi.voice_accountability,FRA,2014,78.039137,73.5671215,82.5111525
wgi.voice_accountability,FRA,2015,78.3723529,73.9003374,82.8443683
wgi.voice_accountability,FRA,2016,77.5657419,73.0937265,82.0377574
wgi.voice_accountability,FRA,2017,77.2017812,72.8574499,81.5461125
wgi.voice_accountability,FRA,2018,77.0230983,72.385392,81.6608045
wgi.voice_accountability,FRA,2019,76.5450825,71.9073763,81.1827888
wgi.voice_accountability,FRA,2020,77.5439443,72.9062381,82.1816506
wgi.voice_accountability,FRA,2021,77.2412738,72.6035675,81.8789801
wgi.voice_accountability,FRA,2022,77.4969169,72.8592106,82.1346232
wgi.voice_accountability,FRA,2023,77.4023509,72.7215448,82.0831571
wgi.voice_accountability,FRA,2024,76.9537832,72.272977,81.6345893
wgi.voice_accountability,FSM,1996,76.9749927,66.3149285,87.6350569
wgi.voice_accountability,FSM,1998,73.7830848,63.1230206,84.4431489
wgi.voice_accountability,FSM,2000,74.4452792,63.785215,85.1053434
wgi.voice_accountability,FSM,2002,74.3626727,63.7026085,85.0227369
wgi.voice_accountability,FSM,2003,73.2829511,62.6228869,83.9430153
wgi.voice_accountability,FSM,2004,70.5423589,61.9018334,79.1828844
wgi.voice_accountability,FSM,2005,74.2332435,65.5948393,82.8716477
wgi.voice_accountability,FSM,2006,74.313755,65.6753508,82.9521592
wgi.voice_accountability,FSM,2007,74.1172983,65.4788941,82.7557025
wgi.voice_accountability,FSM,2008,74.0982416,65.4598374,82.7366458
wgi.voice_accountability,FSM,2009,74.1020151,65.4636109,82.7404193
wgi.voice_accountability,FSM,2010,74.0801055,65.4417013,82.7185097
wgi.voice_accountability,FSM,2011,69.9691436,61.9196982,78.0185891
wgi.voice_accountability,FSM,2012,71.7010849,63.6516395,79.7505304
wgi.voice_accountability,FSM,2013,71.659058,63.6096125,79.7085034
wgi.voice_accountability,FSM,2014,71.7860158,63.7365703,79.8354612
wgi.voice_accountability,FSM,2015,71.7974799,63.7480344,79.8469253
wgi.voice_accountability,FSM,2016,71.6197631,63.5703177,79.6692086
wgi.voice_accountability,FSM,2017,71.6073469,63.5579014,79.6567923
wgi.voice_accountability,FSM,2018,72.3242891,61.7492712,82.8993069
wgi.voice_accountability,FSM,2019,74.8828484,65.7148854,84.0508114
wgi.voice_accountability,FSM,2020,68.1323169,58.9643539,77.3002799
wgi.voice_accountability,FSM,2021,68.0512874,58.8833244,77.2192504
wgi.voice_accountability,FSM,2022,68.0246749,58.8567119,77.1926379
wgi.voice_accountability,FSM,2023,67.9983406,58.8303776,77.1663036
wgi.voice_accountability,FSM,2024,72.6574017,63.4894387,81.8253647
wgi.voice_accountability,GAB,1996,40.4488664,34.8806928,46.01704
wgi.voice_accountability,GAB,1998,38.5622503,32.9940768,44.1304239
wgi.voice_accountability,GAB,2000,40.3433491,35.006961,45.6797373
wgi.voice_accountability,GAB,2002,42.1066881,36.9003698,47.3130065
wgi.voice_accountability,GAB,2003,38.8660463,33.6597279,44.0723647
wgi.voice_accountability,GAB,2004,37.2117565,32.0299084,42.3936047
wgi.voice_accountability,GAB,2005,38.2027597,33.0209116,43.3846079
wgi.voice_accountability,GAB,2006,39.0421773,33.8603292,44.2240255
wgi.voice_accountability,GAB,2007,40.8366743,35.9323403,45.7410082
wgi.voice_accountability,GAB,2008,42.2790964,37.3747625,47.1834303
wgi.voice_accountability,GAB,2009,40.1602713,35.2559374,45.0646053
wgi.voice_accountability,GAB,2010,41.77702,36.8726861,46.6813539
wgi.voice_accountability,GAB,2011,41.1199241,36.2155901,46.024258
wgi.voice_accountability,GAB,2012,42.2707827,37.4262653,47.1153001
wgi.voice_accountability,GAB,2013,41.5655147,36.9189101,46.2121192
wgi.voice_accountability,GAB,2014,41.3681969,36.7215923,46.0148014
wgi.voice_accountability,GAB,2015,41.298978,36.6523735,45.9455826
wgi.voice_accountability,GAB,2016,40.6983731,35.8178146,45.5789317
wgi.voice_accountability,GAB,2017,39.6232582,34.7662283,44.4802882
wgi.voice_accountability,GAB,2018,40.7326657,35.9133501,45.5519813
wgi.voice_accountability,GAB,2019,40.7747662,35.9554506,45.5940818
wgi.voice_accountability,GAB,2020,40.6262016,35.7872185,45.4651847
wgi.voice_accountability,GAB,2021,40.1798724,35.2918718,45.067873
wgi.voice_accountability,GAB,2022,38.2530024,33.9794004,42.5266044
wgi.voice_accountability,GAB,2023,36.6346382,32.3610362,40.9082402
wgi.voice_accountability,GAB,2024,38.9820563,34.7084543,43.2556583
wgi.voice_accountability,GBR,1996,80.2003338,74.6556748,85.7449928
wgi.voice_accountability,GBR,1998,79.7436852,74.1990262,85.2883441
wgi.voice_accountability,GBR,2000,81.1378949,75.6554958,86.6202941
wgi.voice_accountability,GBR,2002,82.5242163,77.2463618,87.8020709
wgi.voice_accountability,GBR,2003,82.5184195,77.2405649,87.796274
wgi.voice_accountability,GBR,2004,82.0252309,76.7473763,87.3030854
wgi.voice_accountability,GBR,2005,82.1611622,76.9569546,87.3653698
wgi.voice_accountability,GBR,2006,82.3416461,77.1501313,87.5331609
wgi.voice_accountability,GBR,2007,81.5866552,76.3951405,86.77817
wgi.voice_accountability,GBR,2008,81.2265363,76.0350215,86.418051
wgi.voice_accountability,GBR,2009,81.4342803,76.2427655,86.6257951
wgi.voice_accountability,GBR,2010,80.864212,75.6726972,86.0557268
wgi.voice_accountability,GBR,2011,81.801514,77.3294986,86.2735295
wgi.voice_accountability,GBR,2012,81.6320742,77.1600587,86.1040896
wgi.voice_accountability,GBR,2013,81.5231212,77.0511057,85.9951367
wgi.voice_accountability,GBR,2014,81.0109896,76.5389742,85.4830051
wgi.voice_accountability,GBR,2015,82.451581,77.9795655,86.9235964
wgi.voice_accountability,GBR,2016,82.548214,78.0761985,87.0202294
wgi.voice_accountability,GBR,2017,81.7675715,77.5395547,85.9955882
wgi.voice_accountability,GBR,2018,80.9247321,76.4277493,85.4217149
wgi.voice_accountability,GBR,2019,79.7382961,75.2413134,84.2352789
wgi.voice_accountability,GBR,2020,79.905809,75.4088262,84.4027917
wgi.voice_accountability,GBR,2021,79.4801029,74.9831202,83.9770857
wgi.voice_accountability,GBR,2022,79.9192229,75.2801637,84.5582821
wgi.voice_accountability,GBR,2023,78.761785,74.0795892,83.4439809
wgi.voice_accountability,GBR,2024,79.6131796,74.9309837,84.2953754
wgi.voice_accountability,GEO,1996,45.3438715,38.3090751,52.3786679
wgi.voice_accountability,GEO,1998,45.0271955,37.9923991,52.0619919
wgi.voice_accountability,GEO,2000,46.6580319,40.2745661,53.0414976
wgi.voice_accountability,GEO,2002,46.2430024,40.6262909,51.8597138
wgi.voice_accountability,GEO,2003,49.8022385,44.3365997,55.2678773
wgi.voice_accountability,GEO,2004,55.9002282,50.5301163,61.2703401
wgi.voice_accountability,GEO,2005,57.0064625,51.8584047,62.1545203
wgi.voice_accountability,GEO,2006,57.663884,53.1515113,62.1762567
wgi.voice_accountability,GEO,2007,56.646221,52.1341511,61.1582909
wgi.voice_accountability,GEO,2008,54.2054919,49.693422,58.7175618
wgi.voice_accountability,GEO,2009,55.4817892,50.9697193,59.9938591
wgi.voice_accountability,GEO,2010,56.0972782,51.5852083,60.6093481
wgi.voice_accountability,GEO,2011,56.1882754,51.6762055,60.7003453
wgi.voice_accountability,GEO,2012,56.2795806,52.2640773,60.2950839
wgi.voice_accountability,GEO,2013,58.0674126,53.926238,62.2085873
wgi.voice_accountability,GEO,2014,60.9874036,56.846229,65.1285783
wgi.voice_accountability,GEO,2015,61.3634638,57.2222892,65.5046385
wgi.voice_accountability,GEO,2016,61.7383794,57.5972048,65.8795541
wgi.voice_accountability,GEO,2017,60.0790909,55.9379163,64.2202656
wgi.voice_accountability,GEO,2018,60.1793837,55.6976911,64.6610763
wgi.voice_accountability,GEO,2019,59.543233,55.0615404,64.0249256
wgi.voice_accountability,GEO,2020,58.4781278,53.9803329,62.9759226
wgi.voice_accountability,GEO,2021,57.3760311,52.8782362,61.8738259
wgi.voice_accountability,GEO,2022,56.4827898,51.9849949,60.9805846
wgi.voice_accountability,GEO,2023,55.0069694,50.4698937,59.5440451
wgi.voice_accountability,GEO,2024,52.4116933,47.9089208,56.9144659
wgi.voice_accountability,GHA,1996,50.3876933,44.8195197,55.9558668
wgi.voice_accountability,GHA,1998,50.029013,44.4608394,55.5971866
wgi.voice_accountability,GHA,2000,53.8576807,48.5212926,59.1940688
wgi.voice_accountability,GHA,2002,54.5476288,49.8049286,59.290329
wgi.voice_accountability,GHA,2003,56.3513041,51.653419,61.0491892
wgi.voice_accountability,GHA,2004,59.9554394,55.3835127,64.527366
wgi.voice_accountability,GHA,2005,62.0741367,57.8190523,66.329221
wgi.voice_accountability,GHA,2006,66.2876491,62.174853,70.4004452
wgi.voice_accountability,GHA,2007,67.2232324,63.1104363,71.3360285
wgi.voice_accountability,GHA,2008,65.5364248,61.4236287,69.6492209
wgi.voice_accountability,GHA,2009,66.3317536,62.6203613,70.0431459
wgi.voice_accountability,GHA,2010,66.2585477,62.5471554,69.96994
wgi.voice_accountability,GHA,2011,65.7898066,62.3698325,69.2097806
wgi.voice_accountability,GHA,2012,66.092008,62.6720339,69.5119821
wgi.voice_accountability,GHA,2013,65.0416767,61.6217026,68.4616508
wgi.voice_accountability,GHA,2014,64.6567059,61.2367318,68.07668
wgi.voice_accountability,GHA,2015,63.6349404,59.9086342,67.3612465
wgi.voice_accountability,GHA,2016,63.3416127,59.4978578,67.1853675
wgi.voice_accountability,GHA,2017,64.7557157,60.9119609,68.5994706
wgi.voice_accountability,GHA,2018,63.4452274,59.4027283,67.4877265
wgi.voice_accountability,GHA,2019,62.4518929,58.4093938,66.494392
wgi.voice_accountability,GHA,2020,61.8015634,57.7474794,65.8556474
wgi.voice_accountability,GHA,2021,60.4693895,56.4153054,64.5234735
wgi.voice_accountability,GHA,2022,59.8196813,55.7655973,63.8737653
wgi.voice_accountability,GHA,2023,59.8335888,55.7601068,63.9070708
wgi.voice_accountability,GHA,2024,60.4252814,56.3517994,64.4987635
wgi.voice_accountability,GIN,1996,30.4452365,24.0902473,36.8002258
wgi.voice_accountability,GIN,1998,31.2300902,24.8751009,37.5850794
wgi.voice_accountability,GIN,2000,32.0392425,26.0225449,38.0559401
wgi.voice_accountability,GIN,2002,31.9151026,26.6850123,37.1451928
wgi.voice_accountability,GIN,2003,31.0685159,25.8384257,36.2986062
wgi.voice_accountability,GIN,2004,34.4896644,29.4317357,39.5475932
wgi.voice_accountability,GIN,2005,37.7775157,33.0871602,42.4678712
wgi.voice_accountability,GIN,2006,35.9425075,31.5966465,40.2883686
wgi.voice_accountability,GIN,2007,33.5371667,29.1913057,37.8830278
wgi.voice_accountability,GIN,2008,31.7655193,27.4270601,36.1039785
wgi.voice_accountability,GIN,2009,33.7012018,29.3627426,38.039661
wgi.voice_accountability,GIN,2010,40.1848466,35.8463874,44.5233058
wgi.voice_accountability,GIN,2011,40.9444494,36.6225423,45.2663565
wgi.voice_accountability,GIN,2012,39.5959963,35.3080826,43.8839101
wgi.voice_accountability,GIN,2013,39.7286232,35.5797667,43.8774797
wgi.voice_accountability,GIN,2014,40.5577826,36.4089261,44.7066391
wgi.voice_accountability,GIN,2015,41.6277535,37.478897,45.77661
wgi.voice_accountability,GIN,2016,41.3768921,37.0640495,45.6897347
wgi.voice_accountability,GIN,2017,41.708244,37.3954014,46.0210865
wgi.voice_accountability,GIN,2018,43.0819636,38.4825055,47.6814217
wgi.voice_accountability,GIN,2019,42.4901327,37.8906746,47.0895907
wgi.voice_accountability,GIN,2020,41.8776173,37.2610716,46.4941631
wgi.voice_accountability,GIN,2021,38.7815408,34.6929313,42.8701502
wgi.voice_accountability,GIN,2022,38.9688122,34.8802027,43.0574216
wgi.voice_accountability,GIN,2023,38.0686661,33.9858868,42.1514455
wgi.voice_accountability,GIN,2024,35.6814842,31.5987048,39.7642635
wgi.voice_accountability,GMB,1996,31.5250456,25.1700564,37.8800348
wgi.voice_accountability,GMB,1998,36.3639762,30.008987,42.7189655
wgi.voice_accountability,GMB,2000,34.5297661,28.5130685,40.5464638
wgi.voice_accountability,GMB,2002,43.7231865,37.8911034,49.5552696
wgi.voice_accountability,GMB,2003,47.054143,41.3047924,52.8034936
wgi.voice_accountability,GMB,2004,44.5065874,38.9836315,50.0295433
wgi.voice_accountability,GMB,2005,39.4078568,34.3538924,44.4618213
wgi.voice_accountability,GMB,2006,39.6656475,35.0353483,44.2959467
wgi.voice_accountability,GMB,2007,39.8174273,35.1871281,44.4477266
wgi.voice_accountability,GMB,2008,39.1071641,34.4768649,43.7374633
wgi.voice_accountability,GMB,2009,38.4221744,33.7918752,43.0524736
wgi.voice_accountability,GMB,2010,37.9037122,33.273413,42.5340114
wgi.voice_accountability,GMB,2011,35.8772653,31.2469661,40.5075645
wgi.voice_accountability,GMB,2012,35.2021365,30.5718373,39.8324357
wgi.voice_accountability,GMB,2013,35.5035976,31.0470106,39.9601846
wgi.voice_accountability,GMB,2014,35.6811919,31.2246049,40.1377789
wgi.voice_accountability,GMB,2015,33.9282914,29.4717043,38.3848784
wgi.voice_accountability,GMB,2016,35.7451687,31.0834333,40.4069042
wgi.voice_accountability,GMB,2017,45.3921906,40.7509733,50.0334079
wgi.voice_accountability,GMB,2018,51.7495392,47.1412598,56.3578185
wgi.voice_accountability,GMB,2019,51.0069331,46.4479215,55.5659446
wgi.voice_accountability,GMB,2020,52.3236331,47.7479819,56.8992843
wgi.voice_accountability,GMB,2021,53.3253933,49.2652726,57.3855139
wgi.voice_accountability,GMB,2022,53.1728626,49.1187786,57.2269466
wgi.voice_accountability,GMB,2023,53.9013739,49.8185946,57.9841533
wgi.voice_accountability,GMB,2024,53.6637356,49.5809563,57.746515
wgi.voice_accountability,GNB,1996,39.5782646,33.2232753,45.9332538
wgi.voice_accountability,GNB,1998,38.4781474,32.1231582,44.8331366
wgi.voice_accountability,GNB,2000,42.235559,36.2188613,48.2522566
wgi.voice_accountability,GNB,2002,43.7416061,37.909523,49.5736893
wgi.voice_accountability,GNB,2003,38.6930237,32.8609406,44.5251068
wgi.voice_accountability,GNB,2004,43.855178,38.259004,49.4513521
wgi.voice_accountability,GNB,2005,48.6946722,43.2685506,54.1207939
wgi.voice_accountability,GNB,2006,45.9213154,41.0099262,50.8327045
wgi.voice_accountability,GNB,2007,43.9561079,39.0447187,48.8674971
wgi.voice_accountability,GNB,2008,42.7907677,37.8793785,47.7021569
wgi.voice_accountability,GNB,2009,43.2653354,38.3539462,48.1767246
wgi.voice_accountability,GNB,2010,42.5842243,37.6728351,47.4956135
wgi.voice_accountability,GNB,2011,41.9011039,36.9897147,46.8124931
wgi.voice_accountability,GNB,2012,36.0903003,31.1789111,41.0016895
wgi.voice_accountability,GNB,2013,36.2947784,31.589264,41.0002928
wgi.voice_accountability,GNB,2014,40.6657152,35.9602008,45.3712296
wgi.voice_accountability,GNB,2015,41.537817,36.8323026,46.2433314
wgi.voice_accountability,GNB,2016,41.0878437,36.3823293,45.7933582
wgi.voice_accountability,GNB,2017,40.3925976,35.6870832,45.098112
wgi.voice_accountability,GNB,2018,42.692934,38.0217385,47.3641295
wgi.voice_accountability,GNB,2019,45.763821,41.0926254,50.4350165
wgi.voice_accountability,GNB,2020,47.8576367,43.1685379,52.5467355
wgi.voice_accountability,GNB,2021,47.6100903,42.9209914,52.2991891
wgi.voice_accountability,GNB,2022,46.5687657,41.8796669,51.2578645
wgi.voice_accountability,GNB,2023,45.7786088,41.1413839,50.4158338
wgi.voice_accountability,GNB,2024,43.2178109,38.5805859,47.8550358
wgi.voice_accountability,GNQ,1996,24.3197067,18.3111792,30.3282342
wgi.voice_accountability,GNQ,1998,24.2543804,18.2458529,30.2629079
wgi.voice_accountability,GNQ,2000,24.5182042,18.7980005,30.2384079
wgi.voice_accountability,GNQ,2002,26.9418053,21.3809443,32.5026664
wgi.voice_accountability,GNQ,2003,26.0546322,20.4937711,31.6154932
wgi.voice_accountability,GNQ,2004,26.0704054,20.5393318,31.601479
wgi.voice_accountability,GNQ,2005,26.5707298,21.3734795,31.7679801
wgi.voice_accountability,GNQ,2006,27.0167807,21.8195304,32.2140311
wgi.voice_accountability,GNQ,2007,25.1788461,20.0519645,30.3057277
wgi.voice_accountability,GNQ,2008,24.8311242,19.7042426,29.9580058
wgi.voice_accountability,GNQ,2009,26.8771844,21.7266044,32.0277643
wgi.voice_accountability,GNQ,2010,25.9638415,20.8369599,31.0907231
wgi.voice_accountability,GNQ,2011,26.0588783,20.9319967,31.1857598
wgi.voice_accountability,GNQ,2012,25.9073645,20.7804829,31.0342461
wgi.voice_accountability,GNQ,2013,25.4447282,20.5507347,30.3387216
wgi.voice_accountability,GNQ,2014,26.1729822,21.2789888,31.0669757
wgi.voice_accountability,GNQ,2015,26.0949877,21.2009942,30.9889811
wgi.voice_accountability,GNQ,2016,26.9664471,21.7724925,32.1604017
wgi.voice_accountability,GNQ,2017,27.1030453,21.9090906,32.2969999
wgi.voice_accountability,GNQ,2018,26.5915473,21.4436364,31.7394581
wgi.voice_accountability,GNQ,2019,26.9649996,21.8170888,32.1129104
wgi.voice_accountability,GNQ,2020,26.7440465,21.5961356,31.8919573
wgi.voice_accountability,GNQ,2021,26.6306058,21.482695,31.7785166
wgi.voice_accountability,GNQ,2022,26.4149139,21.2670031,31.5628247
wgi.voice_accountability,GNQ,2023,26.6244257,21.4765149,31.7723365
wgi.voice_accountability,GNQ,2024,26.6499881,21.5020773,31.7978989
wgi.voice_accountability,GRC,1996,74.801173,69.256514,80.345832
wgi.voice_accountability,GRC,1998,77.5082883,71.9636293,83.0529473
wgi.voice_accountability,GRC,2000,78.3414295,72.8590304,83.8238286
wgi.voice_accountability,GRC,2002,76.6197184,71.3418638,81.8975729
wgi.voice_accountability,GRC,2003,77.5179566,72.2401021,82.7958112
wgi.voice_accountability,GRC,2004,76.9149504,71.6370958,82.1928049
wgi.voice_accountability,GRC,2005,77.0494238,71.7715692,82.3272783
wgi.voice_accountability,GRC,2006,77.6959534,72.4313378,82.9605691
wgi.voice_accountability,GRC,2007,78.2776067,73.012991,83.5422223
wgi.voice_accountability,GRC,2008,76.0836679,70.8190523,81.3482836
wgi.voice_accountability,GRC,2009,76.9488685,71.6842528,82.2134841
wgi.voice_accountability,GRC,2010,74.5182943,70.026326,79.0102626
wgi.voice_accountability,GRC,2011,73.2601226,68.7681543,77.7520909
wgi.voice_accountability,GRC,2012,69.2308011,65.2294871,73.2321152
wgi.voice_accountability,GRC,2013,68.6771029,64.6757889,72.6784169
wgi.voice_accountability,GRC,2014,68.9194616,64.9181476,72.9207756
wgi.voice_accountability,GRC,2015,68.5275896,64.0091051,73.0460742
wgi.voice_accountability,GRC,2016,68.7174146,64.1989301,73.2358992
wgi.voice_accountability,GRC,2017,68.4514591,64.0645617,72.8383564
wgi.voice_accountability,GRC,2018,69.092871,64.4032734,73.7824687
wgi.voice_accountability,GRC,2019,69.7011648,65.0115671,74.3907624
wgi.voice_accountability,GRC,2020,71.8204834,67.1308858,76.5100811
wgi.voice_accountability,GRC,2021,70.8235136,66.133916,75.5131113
wgi.voice_accountability,GRC,2022,70.7122573,66.0226597,75.401855
wgi.voice_accountability,GRC,2023,71.378003,66.6438265,76.1121795
wgi.voice_accountability,GRC,2024,70.5336147,65.7994382,75.2677911
wgi.voice_accountability,GRD,1996,68.2358582,59.5953327,76.8763836
wgi.voice_accountability,GRD,1998,68.212116,59.5715905,76.8526415
wgi.voice_accountability,GRD,2000,68.2254809,59.5849554,76.8660064
wgi.voice_accountability,GRD,2002,67.9252187,59.2846932,76.5657442
wgi.voice_accountability,GRD,2003,69.4117244,60.7711989,78.0522499
wgi.voice_accountability,GRD,2004,68.6782406,60.6512438,76.7052373
wgi.voice_accountability,GRD,2005,71.2458767,63.6979756,78.7937778
wgi.voice_accountability,GRD,2006,70.8226088,63.2747076,78.3705099
wgi.voice_accountability,GRD,2007,71.9200831,64.372182,79.4679842
wgi.voice_accountability,GRD,2008,72.0563697,64.5084686,79.6042708
wgi.voice_accountability,GRD,2009,71.404717,63.4431743,79.3662597
wgi.voice_accountability,GRD,2010,70.9665475,63.0050048,78.9280902
wgi.voice_accountability,GRD,2011,71.000035,63.0384923,78.9615777
wgi.voice_accountability,GRD,2012,70.6196919,62.6581492,78.5812346
wgi.voice_accountability,GRD,2013,70.5114478,62.5499051,78.4729904
wgi.voice_accountability,GRD,2014,70.6228336,62.6612909,78.5843763
wgi.voice_accountability,GRD,2015,67.4231056,61.5178008,73.3284103
wgi.voice_accountability,GRD,2016,67.3142821,61.4106733,73.2178909
wgi.voice_accountability,GRD,2017,64.9214048,59.017796,70.8250136
wgi.voice_accountability,GRD,2018,63.9687706,57.2573169,70.6802243
wgi.voice_accountability,GRD,2019,63.2847086,56.5732549,69.9961622
wgi.voice_accountability,GRD,2020,63.1956751,56.4307951,69.9605552
wgi.voice_accountability,GRD,2021,61.3295493,54.5621174,68.0969812
wgi.voice_accountability,GRD,2022,61.0614304,54.2939985,67.8288623
wgi.voice_accountability,GRD,2023,62.0017586,55.2368786,68.7666386
wgi.voice_accountability,GRD,2024,63.4781058,56.7132258,70.2429858
wgi.voice_accountability,GRL,2009,81.7245013,70.9794818,92.4695209
wgi.voice_accountability,GRL,2010,81.6906008,70.9455812,92.4356203
wgi.voice_accountability,GRL,2011,81.7515969,71.0065774,92.4966165
wgi.voice_accountability,GRL,2012,81.7007505,70.9557309,92.44577
wgi.voice_accountability,GRL,2013,81.6258626,70.880843,92.3708821
wgi.voice_accountability,GRL,2014,81.706472,70.9614525,92.4514915
wgi.voice_accountability,GRL,2015,81.7269009,70.9818814,92.4719205
wgi.voice_accountability,GRL,2016,81.7014558,70.9564363,92.4464753
wgi.voice_accountability,GRL,2017,81.6793327,70.9343131,92.4243522
wgi.voice_accountability,GRL,2018,81.6661165,70.921097,92.4111361
wgi.voice_accountability,GRL,2019,81.6547452,70.9097256,92.3997647
wgi.voice_accountability,GRL,2020,81.6387076,70.8936881,92.3837272
wgi.voice_accountability,GRL,2021,81.5274041,70.7823845,92.2724236
wgi.voice_accountability,GRL,2022,81.4908484,70.7458288,92.2358679
wgi.voice_accountability,GRL,2023,81.4546742,70.7096547,92.1996937
wgi.voice_accountability,GRL,2024,81.4348929,70.6898734,92.1799124
wgi.voice_accountability,GTM,1996,47.4745527,41.9109666,53.0381389
wgi.voice_accountability,GTM,1998,45.5975666,40.0339804,51.1611527
wgi.voice_accountability,GTM,2000,46.4185191,40.8549329,51.9821052
wgi.voice_accountability,GTM,2002,47.7359559,42.8618418,52.61007
wgi.voice_accountability,GTM,2003,48.0205621,43.7785644,52.2625599
wgi.voice_accountability,GTM,2004,51.4398466,47.2117389,55.6679544
wgi.voice_accountability,GTM,2005,51.7758752,47.5859141,55.9658363
wgi.voice_accountability,GTM,2006,55.5218524,51.4679521,59.5757526
wgi.voice_accountability,GTM,2007,54.7045894,50.6506892,58.7584896
wgi.voice_accountability,GTM,2008,54.1715459,50.1176456,58.2254461
wgi.voice_accountability,GTM,2009,53.7102432,49.656343,57.7641435
wgi.voice_accountability,GTM,2010,52.0094529,47.9555526,56.0633531
wgi.voice_accountability,GTM,2011,50.9103316,47.2279969,54.5926662
wgi.voice_accountability,GTM,2012,51.742806,48.0604713,55.4251406
wgi.voice_accountability,GTM,2013,51.1081517,47.3296304,54.886673
wgi.voice_accountability,GTM,2014,51.3087407,47.5302194,55.0872621
wgi.voice_accountability,GTM,2015,51.71291,47.508189,55.9176309
wgi.voice_accountability,GTM,2016,52.1987861,47.9940651,56.403507
wgi.voice_accountability,GTM,2017,52.7004827,48.4957617,56.9052036
wgi.voice_accountability,GTM,2018,51.4747798,47.0057958,55.9437639
wgi.voice_accountability,GTM,2019,50.9032903,46.4343063,55.3722744
wgi.voice_accountability,GTM,2020,50.5901848,46.1055308,55.0748388
wgi.voice_accountability,GTM,2021,49.2239545,44.7393005,53.7086085
wgi.voice_accountability,GTM,2022,48.5358582,44.0512042,53.0205122
wgi.voice_accountability,GTM,2023,48.2786416,43.7550533,52.8022299
wgi.voice_accountability,GTM,2024,48.6097484,44.0861601,53.1333367
wgi.voice_accountability,GUM,2004,62.7180357,49.545862,75.8902094
wgi.voice_accountability,GUM,2005,67.5054828,54.3333091,80.6776565
wgi.voice_accountability,GUM,2006,67.6926807,54.520507,80.8648543
wgi.voice_accountability,GUM,2007,75.4310911,62.2589174,88.6032648
wgi.voice_accountability,GUM,2008,75.3867783,62.2146046,88.558952
wgi.voice_accountability,GUM,2009,75.3955541,62.2233804,88.5677277
wgi.voice_accountability,GUM,2010,71.4483017,58.2761281,84.6204754
wgi.voice_accountability,GUM,2011,71.5399675,58.3677938,84.7121412
wgi.voice_accountability,GUM,2012,71.4635534,58.2913797,84.6357271
wgi.voice_accountability,GUM,2013,71.3510124,58.1788387,84.5231861
wgi.voice_accountability,GUM,2014,71.4721541,58.2999804,84.6443278
wgi.voice_accountability,GUM,2015,71.5028517,58.3306781,84.6750254
wgi.voice_accountability,GUM,2016,71.4646123,58.2924386,84.636786
wgi.voice_accountability,GUM,2017,71.4313681,58.2591944,84.6035418
wgi.voice_accountability,GUM,2018,75.519764,59.9489249,91.090603
wgi.voice_accountability,GUM,2019,77.0408563,61.4700172,92.6116953
wgi.voice_accountability,GUM,2020,77.8566245,62.2857855,93.4274636
wgi.voice_accountability,GUM,2021,77.6228911,62.052052,93.1937301
wgi.voice_accountability,GUM,2022,77.5461251,61.9752861,93.1169642
wgi.voice_accountability,GUM,2023,77.4701626,61.8993235,93.0410016
wgi.voice_accountability,GUM,2024,77.4286239,61.8577849,92.999463
wgi.voice_accountability,GUY,1996,59.3699444,53.0149551,65.7249336
wgi.voice_accountability,GUY,1998,61.8163565,55.4613673,68.1713457
wgi.voice_accountability,GUY,2000,62.3078964,55.9529072,68.6628856
wgi.voice_accountability,GUY,2002,63.235187,56.8801978,69.5901762
wgi.voice_accountability,GUY,2003,63.4755575,57.1205682,69.8305467
wgi.voice_accountability,GUY,2004,60.0024423,53.6918044,66.3130802
wgi.voice_accountability,GUY,2005,57.321173,52.4108812,62.2314648
wgi.voice_accountability,GUY,2006,57.1752337,52.6569365,61.693531
wgi.voice_accountability,GUY,2007,57.1871599,52.6771781,61.6971418
wgi.voice_accountability,GUY,2008,57.750264,53.3196192,62.1809088
wgi.voice_accountability,GUY,2009,58.3091938,53.8785489,62.7398386
wgi.voice_accountability,GUY,2010,57.3297457,52.8991009,61.7603905
wgi.voice_accountability,GUY,2011,56.485886,51.3181098,61.6536621
wgi.voice_accountability,GUY,2012,56.1881389,51.0214986,61.3547791
wgi.voice_accountability,GUY,2013,57.0098982,51.843258,62.1765385
wgi.voice_accountability,GUY,2014,56.6340568,51.4674166,61.800697
wgi.voice_accountability,GUY,2015,55.4498331,50.9937484,59.9059178
wgi.voice_accountability,GUY,2016,55.6613805,51.2052958,60.1174652
wgi.voice_accountability,GUY,2017,56.2105193,51.746415,60.6746236
wgi.voice_accountability,GUY,2018,57.9237697,53.1394906,62.7080488
wgi.voice_accountability,GUY,2019,57.5732719,52.7889927,62.357551
wgi.voice_accountability,GUY,2020,57.1370066,52.2855511,61.988462
wgi.voice_accountability,GUY,2021,56.6266427,51.7742457,61.4790398
wgi.voice_accountability,GUY,2022,56.1732863,51.3208892,61.0256833
wgi.voice_accountability,GUY,2023,55.7296997,50.8773026,60.5820967
wgi.voice_accountability,GUY,2024,54.9687965,50.1163994,59.8211935
wgi.voice_accountability,HKG,1996,67.2178399,61.5040421,72.9316377
wgi.voice_accountability,HKG,1998,60.1253605,54.4115627,65.8391583
wgi.voice_accountability,HKG,2000,61.7805709,56.0667731,67.4943687
wgi.voice_accountability,HKG,2002,62.8660998,57.3965055,68.3356941
wgi.voice_accountability,HKG,2003,63.9148227,58.4452283,69.384417
wgi.voice_accountability,HKG,2004,64.2636665,58.7940722,69.7332608
wgi.voice_accountability,HKG,2005,66.4268149,60.9572206,71.8964092
wgi.voice_accountability,HKG,2006,66.8031744,61.3346758,72.2716731
wgi.voice_accountability,HKG,2007,66.8106025,61.3557382,72.2654667
wgi.voice_accountability,HKG,2008,67.0985429,61.6436787,72.5534071
wgi.voice_accountability,HKG,2009,66.9155859,61.4607217,72.3704501
wgi.voice_accountability,HKG,2010,67.0290965,61.5742323,72.4839608
wgi.voice_accountability,HKG,2011,70.0087658,65.3717071,74.6458244
wgi.voice_accountability,HKG,2012,69.5638035,64.9267448,74.2008622
wgi.voice_accountability,HKG,2013,68.56201,63.9249514,73.1990687
wgi.voice_accountability,HKG,2014,67.6305416,62.9934829,72.2676002
wgi.voice_accountability,HKG,2015,67.9910333,63.3539747,72.628092
wgi.voice_accountability,HKG,2016,67.4015303,62.7644716,72.0385889
wgi.voice_accountability,HKG,2017,67.591721,62.9546624,72.2287797
wgi.voice_accountability,HKG,2018,67.0063468,62.1217452,71.8909484
wgi.voice_accountability,HKG,2019,63.2367745,58.5157861,67.9577629
wgi.voice_accountability,HKG,2020,61.0611101,56.3401217,65.7820985
wgi.voice_accountability,HKG,2021,55.1384499,50.4174615,59.8594382
wgi.voice_accountability,HKG,2022,53.2777165,48.5567281,57.9987049
wgi.voice_accountability,HKG,2023,51.4519531,46.6854775,56.2184287
wgi.voice_accountability,HKG,2024,51.2373358,46.4708603,56.0038114
wgi.voice_accountability,HND,1996,47.6675527,42.1039665,53.2311389
wgi.voice_accountability,HND,1998,47.987773,42.4241868,53.5513592
wgi.voice_accountability,HND,2000,48.590837,43.0272508,54.1544232
wgi.voice_accountability,HND,2002,48.5273117,43.5469697,53.5076537
wgi.voice_accountability,HND,2003,49.9654912,45.0913771,54.8396054
wgi.voice_accountability,HND,2004,51.0697583,46.8416505,55.297866
wgi.voice_accountability,HND,2005,51.845269,47.728127,55.962411
wgi.voice_accountability,HND,2006,53.7045847,49.5937384,57.815431
wgi.voice_accountability,HND,2007,52.4552728,48.3444264,56.5661191
wgi.voice_accountability,HND,2008,50.4894072,46.3785609,54.6002536
wgi.voice_accountability,HND,2009,47.0961752,42.9853288,51.2070215
wgi.voice_accountability,HND,2010,46.8766572,42.7658109,50.9875036
wgi.voice_accountability,HND,2011,47.7456715,43.6348252,51.8565179
wgi.voice_accountability,HND,2012,47.9366622,43.8258159,52.0475085
wgi.voice_accountability,HND,2013,48.0553256,43.9444792,52.1661719
wgi.voice_accountability,HND,2014,47.0324294,43.3075724,50.7572863
wgi.voice_accountability,HND,2015,46.2920986,42.1609546,50.4232426
wgi.voice_accountability,HND,2016,45.3362894,41.2051454,49.4674334
wgi.voice_accountability,HND,2017,44.4167594,40.2856154,48.5479034
wgi.voice_accountability,HND,2018,43.3993065,39.0183652,47.7802477
wgi.voice_accountability,HND,2019,42.6832219,38.3022806,47.0641631
wgi.voice_accountability,HND,2020,43.1419166,38.746219,47.5376142
wgi.voice_accountability,HND,2021,43.802023,39.4063254,48.1977206
wgi.voice_accountability,HND,2022,45.6572098,41.2615122,50.0529074
wgi.voice_accountability,HND,2023,46.193213,41.7608687,50.6255573
wgi.voice_accountability,HND,2024,45.4105717,40.9782274,49.842916
wgi.voice_accountability,HRV,1996,48.3599231,42.3513957,54.3684506
wgi.voice_accountability,HRV,1998,47.5466542,41.9784807,53.1148278
wgi.voice_accountability,HRV,2000,61.2549239,56.0269287,66.4829191
wgi.voice_accountability,HRV,2002,64.8160363,60.1723337,69.4597389
wgi.voice_accountability,HRV,2003,65.7711629,61.1274603,70.4148655
wgi.voice_accountability,HRV,2004,68.5186161,63.9286531,73.1085791
wgi.voice_accountability,HRV,2005,68.2006694,63.6593931,72.7419457
wgi.voice_accountability,HRV,2006,68.1681095,63.6479885,72.6882306
wgi.voice_accountability,HRV,2007,68.3518401,63.8317191,72.8719612
wgi.voice_accountability,HRV,2008,66.9306905,62.4105695,71.4508116
wgi.voice_accountability,HRV,2009,67.5780043,63.0578833,72.0981254
wgi.voice_accountability,HRV,2010,67.1178027,62.5814673,71.654138
wgi.voice_accountability,HRV,2011,65.7283851,61.6958064,69.7609638
wgi.voice_accountability,HRV,2012,66.9041743,62.8715956,70.936753
wgi.voice_accountability,HRV,2013,65.8326369,61.8000582,69.8652156
wgi.voice_accountability,HRV,2014,66.2306032,62.1980245,70.263182
wgi.voice_accountability,HRV,2015,67.0648751,63.0322964,71.0974538
wgi.voice_accountability,HRV,2016,66.0568525,62.0242738,70.0894312
wgi.voice_accountability,HRV,2017,64.8291527,60.8909439,68.7673615
wgi.voice_accountability,HRV,2018,63.6336749,59.4808681,67.7864817
wgi.voice_accountability,HRV,2019,64.5067603,60.3539535,68.6595672
wgi.voice_accountability,HRV,2020,66.8450089,62.5277277,71.1622901
wgi.voice_accountability,HRV,2021,67.1912168,62.8739356,71.508498
wgi.voice_accountability,HRV,2022,67.2458369,62.9285557,71.5631181
wgi.voice_accountability,HRV,2023,67.8614239,63.5094405,72.2134073
wgi.voice_accountability,HRV,2024,68.2024792,63.8504958,72.5544625
wgi.voice_accountability,HTI,1996,43.3463492,36.9913599,49.7013384
wgi.voice_accountability,HTI,1998,42.6986521,36.3436628,49.0536413
wgi.voice_accountability,HTI,2000,40.8796429,34.5246537,47.2346321
wgi.voice_accountability,HTI,2002,36.4832119,31.1030938,41.86333
wgi.voice_accountability,HTI,2003,38.2974499,33.734376,42.8605238
wgi.voice_accountability,HTI,2004,37.4850597,32.9384889,42.0316305
wgi.voice_accountability,HTI,2005,40.2554586,35.801504,44.7094133
wgi.voice_accountability,HTI,2006,43.1744222,39.025669,47.3231755
wgi.voice_accountability,HTI,2007,44.6560254,40.5072722,48.8047787
wgi.voice_accountability,HTI,2008,46.5426922,42.3631714,50.7222131
wgi.voice_accountability,HTI,2009,45.2818917,40.5018919,50.0618914
wgi.voice_accountability,HTI,2010,43.7386885,39.5591676,47.9182093
wgi.voice_accountability,HTI,2011,43.556127,39.4073738,47.7048802
wgi.voice_accountability,HTI,2012,44.4120757,40.2633225,48.560829
wgi.voice_accountability,HTI,2013,44.0112127,39.8624595,48.159966
wgi.voice_accountability,HTI,2014,44.0314771,39.8827239,48.1802303
wgi.voice_accountability,HTI,2015,41.4118481,36.6777188,46.1459773
wgi.voice_accountability,HTI,2016,42.1277296,37.3936004,46.8618589
wgi.voice_accountability,HTI,2017,43.1539671,38.4198378,47.8880963
wgi.voice_accountability,HTI,2018,43.1873688,38.0660548,48.3086829
wgi.voice_accountability,HTI,2019,42.2177204,37.0964064,47.3390345
wgi.voice_accountability,HTI,2020,41.6040272,36.4590953,46.7489591
wgi.voice_accountability,HTI,2021,37.7097199,33.2668618,42.1525779
wgi.voice_accountability,HTI,2022,35.5068933,31.0640353,39.9497514
wgi.voice_accountability,HTI,2023,35.4415566,30.9526967,39.9304164
wgi.voice_accountability,HTI,2024,34.7109239,30.2220641,39.1997838
wgi.voice_accountability,HUN,1996,74.7744397,69.2297807,80.3190987
wgi.voice_accountability,HUN,1998,76.2819939,70.7373349,81.8266529
wgi.voice_accountability,HUN,2000,76.8837627,71.3391037,82.4284217
wgi.voice_accountability,HUN,2002,75.3859399,70.5245711,80.2473088
wgi.voice_accountability,HUN,2003,76.2018832,71.3405144,81.0632521
wgi.voice_accountability,HUN,2004,74.5320513,69.7128074,79.3512951
wgi.voice_accountability,HUN,2005,76.9193593,72.1001154,81.7386031
wgi.voice_accountability,HUN,2006,75.8174376,71.0082787,80.6265965
wgi.voice_accountability,HUN,2007,75.3628664,70.5537075,80.1720253
wgi.voice_accountability,HUN,2008,73.8407222,69.2253439,78.4561005
wgi.voice_accountability,HUN,2009,73.8941748,69.2787965,78.5095531
wgi.voice_accountability,HUN,2010,73.456287,68.8409087,78.0716654
wgi.voice_accountability,HUN,2011,72.3519027,67.7365244,76.9672811
wgi.voice_accountability,HUN,2012,69.5198407,65.4320399,73.6076416
wgi.voice_accountability,HUN,2013,68.613028,64.3924201,72.833636
wgi.voice_accountability,HUN,2014,65.8318248,61.649164,70.0144856
wgi.voice_accountability,HUN,2015,64.8981107,60.7154499,69.0807716
wgi.voice_accountability,HUN,2016,63.3774175,59.1947567,67.5600783
wgi.voice_accountability,HUN,2017,62.693541,58.6159056,66.7711764
wgi.voice_accountability,HUN,2018,59.2259986,54.9087174,63.5432798
wgi.voice_accountability,HUN,2019,59.202512,54.8852308,63.5197932
wgi.voice_accountability,HUN,2020,59.7687176,55.4514364,64.0859988
wgi.voice_accountability,HUN,2021,58.2540592,53.936778,62.5713404
wgi.voice_accountability,HUN,2022,57.6320347,53.3147535,61.9493159
wgi.voice_accountability,HUN,2023,56.0300739,51.6780905,60.3820573
wgi.voice_accountability,HUN,2024,56.3639304,52.011947,60.7159138
wgi.voice_accountability,IDN,1996,33.9989857,28.4543267,39.5436447
wgi.voice_accountability,IDN,1998,32.7460875,27.2014285,38.2907465
wgi.voice_accountability,IDN,2000,44.5807857,39.0361267,50.1254447
wgi.voice_accountability,IDN,2002,49.722856,44.8614871,54.5842248
wgi.voice_accountability,IDN,2003,50.0378868,45.8042955,54.2714781
wgi.voice_accountability,IDN,2004,53.436177,49.2157756,57.6565784
wgi.voice_accountability,IDN,2005,55.1948551,51.0126354,59.3770749
wgi.voice_accountability,IDN,2006,57.4648492,53.4234982,61.5062001
wgi.voice_accountability,IDN,2007,58.0369285,53.9955776,62.0782795
wgi.voice_accountability,IDN,2008,57.8240038,53.7826528,61.8653547
wgi.voice_accountability,IDN,2009,57.6313994,53.5900484,61.6727503
wgi.voice_accountability,IDN,2010,56.4908182,52.4494672,60.5321691
wgi.voice_accountability,IDN,2011,57.9002989,54.227377,61.5732207
wgi.voice_accountability,IDN,2012,57.4061423,53.733056,61.0792287
wgi.voice_accountability,IDN,2013,56.6991573,52.9306246,60.46769
wgi.voice_accountability,IDN,2014,56.837448,53.0689153,60.6059806
wgi.voice_accountability,IDN,2015,58.3565485,54.165581,62.547516
wgi.voice_accountability,IDN,2016,58.650123,54.4591555,62.8410905
wgi.voice_accountability,IDN,2017,57.9365325,53.745565,62.1275
wgi.voice_accountability,IDN,2018,58.9811213,54.5286386,63.433604
wgi.voice_accountability,IDN,2019,58.8407723,54.3882897,63.293255
wgi.voice_accountability,IDN,2020,58.6901424,54.2221648,63.1581201
wgi.voice_accountability,IDN,2021,57.2686095,52.8006319,61.7365872
wgi.voice_accountability,IDN,2022,57.3025784,52.8346007,61.770556
wgi.voice_accountability,IDN,2023,56.4982077,51.9917334,61.0046821
wgi.voice_accountability,IDN,2024,53.7787497,49.4017133,58.1557862
wgi.voice_accountability,IND,1996,62.3357849,56.7911259,67.8804439
wgi.voice_accountability,IND,1998,62.349162,56.804503,67.893821
wgi.voice_accountability,IND,2000,61.4488672,55.9042082,66.9935262
wgi.voice_accountability,IND,2002,62.3524577,57.4910889,67.2138266
wgi.voice_accountability,IND,2003,62.6734551,57.8120863,67.534824
wgi.voice_accountability,IND,2004,62.8977268,58.056295,67.7391585
wgi.voice_accountability,IND,2005,64.3727053,59.695881,69.0495296
wgi.voice_accountability,IND,2006,66.4764887,61.986668,70.9663094
wgi.voice_accountability,IND,2007,66.5265546,62.0367338,71.0163753
wgi.voice_accountability,IND,2008,65.7238344,61.2340137,70.2136552
wgi.voice_accountability,IND,2009,65.0004408,60.5106201,69.4902615
wgi.voice_accountability,IND,2010,63.7706914,59.2808707,68.2605122
wgi.voice_accountability,IND,2011,63.303865,59.3040667,67.3036633
wgi.voice_accountability,IND,2012,61.6528272,57.6530289,65.6526255
wgi.voice_accountability,IND,2013,62.1381958,58.0142436,66.262148
wgi.voice_accountability,IND,2014,61.4831896,57.3592374,65.6071418
wgi.voice_accountability,IND,2015,62.0542118,57.9302596,66.178164
wgi.voice_accountability,IND,2016,62.1809526,58.0570004,66.3049048
wgi.voice_accountability,IND,2017,61.3202362,57.196284,65.4441884
wgi.voice_accountability,IND,2018,60.4062457,55.9463577,64.8661337
wgi.voice_accountability,IND,2019,58.7855415,54.3330588,63.2380242
wgi.voice_accountability,IND,2020,57.8427157,53.50098,62.1844513
wgi.voice_accountability,IND,2021,55.1745242,50.8327886,59.5162599
wgi.voice_accountability,IND,2022,55.1293486,50.7876129,59.4710842
wgi.voice_accountability,IND,2023,54.3472936,49.9702571,58.72433
wgi.voice_accountability,IND,2024,55.4677802,51.0837077,59.8518526
wgi.voice_accountability,IRL,1996,80.0174346,74.4727756,85.5620936
wgi.voice_accountability,IRL,1998,80.8682953,75.3236363,86.4129543
wgi.voice_accountability,IRL,2000,81.1373628,75.6549637,86.619762
wgi.voice_accountability,IRL,2002,80.7612028,75.4833483,86.0390574
wgi.voice_accountability,IRL,2003,81.9055611,76.6277065,87.1834156
wgi.voice_accountability,IRL,2004,80.3431156,75.0652611,85.6209702
wgi.voice_accountability,IRL,2005,84.9427522,79.6648977,90.2206068
wgi.voice_accountability,IRL,2006,83.6649148,78.4002991,88.9295304
wgi.voice_accountability,IRL,2007,84.0229649,78.7583493,89.2875806
wgi.voice_accountability,IRL,2008,84.3089381,79.0443224,89.5735538
wgi.voice_accountability,IRL,2009,82.223359,76.9587434,87.4879747
wgi.voice_accountability,IRL,2010,80.9135183,75.6489026,86.1781339
wgi.voice_accountability,IRL,2011,80.6915394,75.6781738,85.7049051
wgi.voice_accountability,IRL,2012,80.7225399,75.7091742,85.7359055
wgi.voice_accountability,IRL,2013,80.5463703,75.2817546,85.810986
wgi.voice_accountability,IRL,2014,80.6613459,75.3967302,85.9259616
wgi.voice_accountability,IRL,2015,81.2097304,75.9451147,86.4743461
wgi.voice_accountability,IRL,2016,80.9430205,75.6784048,86.2076361
wgi.voice_accountability,IRL,2017,81.3302263,76.0656106,86.5948419
wgi.voice_accountability,IRL,2018,81.9187352,76.1052205,87.7322499
wgi.voice_accountability,IRL,2019,82.1491467,76.335632,87.9626615
wgi.voice_accountability,IRL,2020,83.1221818,77.5812211,88.6631426
wgi.voice_accountability,IRL,2021,84.4812519,79.7916542,89.1708495
wgi.voice_accountability,IRL,2022,84.8842327,80.194635,89.5738303
wgi.voice_accountability,IRL,2023,85.3236572,80.5894807,90.0578336
wgi.voice_accountability,IRL,2024,85.5124618,80.7782853,90.2466382
wgi.voice_accountability,IRN,1996,36.559318,30.9911444,42.1274916
wgi.voice_accountability,IRN,1998,39.6694,34.1012265,45.2375736
wgi.voice_accountability,IRN,2000,38.4360206,32.8678471,44.0041942
wgi.voice_accountability,IRN,2002,39.4802646,34.5528677,44.4076616
wgi.voice_accountability,IRN,2003,36.0630122,31.1356152,40.9904091
wgi.voice_accountability,IRN,2004,35.1454687,31.0406957,39.2502417
wgi.voice_accountability,IRN,2005,35.0944174,30.9896445,39.1991904
wgi.voice_accountability,IRN,2006,35.5411457,31.4426106,39.6396808
wgi.voice_accountability,IRN,2007,34.2120592,30.1135241,38.3105943
wgi.voice_accountability,IRN,2008,32.8049939,28.7064588,36.903529
wgi.voice_accountability,IRN,2009,31.4324067,27.3338716,35.5309418
wgi.voice_accountability,IRN,2010,30.6298633,26.5603543,34.6993723
wgi.voice_accountability,IRN,2011,30.6737263,26.9708682,34.3765844
wgi.voice_accountability,IRN,2012,30.9574346,26.8562444,35.0586248
wgi.voice_accountability,IRN,2013,31.719542,27.4601695,35.9789145
wgi.voice_accountability,IRN,2014,32.5998384,28.340466,36.8592109
wgi.voice_accountability,IRN,2015,33.9556477,29.7097049,38.2015906
wgi.voice_accountability,IRN,2016,34.129437,29.8834942,38.3753798
wgi.voice_accountability,IRN,2017,34.7266726,30.4737954,38.9795499
wgi.voice_accountability,IRN,2018,33.4222839,28.9037136,37.9408542
wgi.voice_accountability,IRN,2019,32.6183071,28.0997367,37.1368774
wgi.voice_accountability,IRN,2020,31.6779526,27.1431837,36.2127215
wgi.voice_accountability,IRN,2021,30.8120782,26.2773093,35.3468471
wgi.voice_accountability,IRN,2022,30.045884,25.5111151,34.5806529
wgi.voice_accountability,IRN,2023,29.7411517,25.1661166,34.3161868
wgi.voice_accountability,IRN,2024,29.7481474,25.1731123,34.3231825
wgi.voice_accountability,IRQ,1996,20.4637368,14.8955633,26.0319104
wgi.voice_accountability,IRQ,1998,19.5890377,14.0208641,25.1572113
wgi.voice_accountability,IRQ,2000,19.3237087,13.7555351,24.8918823
wgi.voice_accountability,IRQ,2002,18.736901,13.8095041,23.664298
wgi.voice_accountability,IRQ,2003,26.2352211,21.3078241,31.1626181
wgi.voice_accountability,IRQ,2004,31.3364318,26.6494595,36.023404
wgi.voice_accountability,IRQ,2005,33.7353702,29.0483979,38.4223424
wgi.voice_accountability,IRQ,2006,35.2269305,30.5399583,39.9139028
wgi.voice_accountability,IRQ,2007,37.8486564,33.1616841,42.5356286
wgi.voice_accountability,IRQ,2008,39.7113378,35.2125417,44.2101338
wgi.voice_accountability,IRQ,2009,40.1498206,35.712236,44.5874052
wgi.voice_accountability,IRQ,2010,40.4269725,35.989388,44.8645571
wgi.voice_accountability,IRQ,2011,39.116829,34.6796995,43.5539584
wgi.voice_accountability,IRQ,2012,40.1226532,35.6855237,44.5597827
wgi.voice_accountability,IRQ,2013,39.459911,34.8514269,44.0683951
wgi.voice_accountability,IRQ,2014,38.5912905,33.9828064,43.1997746
wgi.voice_accountability,IRQ,2015,38.1866574,33.5781733,42.7951415
wgi.voice_accountability,IRQ,2016,37.5935471,32.7571071,42.4299871
wgi.voice_accountability,IRQ,2017,37.5392824,32.7028423,42.3757224
wgi.voice_accountability,IRQ,2018,39.8456589,34.5933404,45.0979773
wgi.voice_accountability,IRQ,2019,40.5014754,35.2499166,45.7530342
wgi.voice_accountability,IRQ,2020,39.0405286,33.7634932,44.317564
wgi.voice_accountability,IRQ,2021,38.8679453,33.5909099,44.1449807
wgi.voice_accountability,IRQ,2022,39.0707519,33.7937165,44.3477873
wgi.voice_accountability,IRQ,2023,38.5997109,33.3226755,43.8767464
wgi.voice_accountability,IRQ,2024,38.9686214,33.6915859,44.2456568
wgi.voice_accountability,ISL,1996,82.3877337,76.0676339,88.7078334
wgi.voice_accountability,ISL,1998,82.5306555,76.2105557,88.8507552
wgi.voice_accountability,ISL,2000,82.6258673,76.3057675,88.945967
wgi.voice_accountability,ISL,2002,83.8665855,77.8542652,89.8789057
wgi.voice_accountability,ISL,2003,84.3183177,78.3059975,90.3306379
wgi.voice_accountability,ISL,2004,83.1774705,77.1651502,89.1897907
wgi.voice_accountability,ISL,2005,84.4697072,78.457387,90.4820275
wgi.voice_accountability,ISL,2006,85.2525796,79.9192456,90.5859135
wgi.voice_accountability,ISL,2007,85.6645741,80.3312402,90.9979081
wgi.voice_accountability,ISL,2008,85.6307838,80.2974499,90.9641178
wgi.voice_accountability,ISL,2009,84.6745284,79.3548551,89.9942016
wgi.voice_accountability,ISL,2010,83.9650632,78.7004475,89.2296789
wgi.voice_accountability,ISL,2011,83.0701382,77.8055225,88.3347539
wgi.voice_accountability,ISL,2012,83.2687512,78.0041355,88.5333669
wgi.voice_accountability,ISL,2013,83.8659064,78.6012907,89.130522
wgi.voice_accountability,ISL,2014,82.9094181,77.6448024,88.1740338
wgi.voice_accountability,ISL,2015,83.4046055,78.1399898,88.6692212
wgi.voice_accountability,ISL,2016,83.6500202,78.3854045,88.9146358
wgi.voice_accountability,ISL,2017,83.1207484,77.8561327,88.3853641
wgi.voice_accountability,ISL,2018,83.0383239,77.2248092,88.8518386
wgi.voice_accountability,ISL,2019,83.00704,77.1191292,88.8949508
wgi.voice_accountability,ISL,2020,82.288365,76.4004542,88.1762758
wgi.voice_accountability,ISL,2021,82.3108995,76.4973848,88.1244142
wgi.voice_accountability,ISL,2022,81.9022059,76.0886911,87.7157206
wgi.voice_accountability,ISL,2023,81.521777,75.6226839,87.4208702
wgi.voice_accountability,ISL,2024,81.7864479,75.8873548,87.685541
wgi.voice_accountability,ISR,1996,66.5916411,61.0469821,72.1363001
wgi.voice_accountability,ISR,1998,66.2859846,60.7413256,71.8306436
wgi.voice_accountability,ISR,2000,65.2663491,59.7216901,70.8110081
wgi.voice_accountability,ISR,2002,65.9258867,60.5925527,71.2592206
wgi.voice_accountability,ISR,2003,66.9394873,61.6061534,72.2728212
wgi.voice_accountability,ISR,2004,66.638861,61.3055271,71.972195
wgi.voice_accountability,ISR,2005,66.9237246,61.5903906,72.2570585
wgi.voice_accountability,ISR,2006,70.4783383,65.4174954,75.5391812
wgi.voice_accountability,ISR,2007,69.3394986,64.2786557,74.4003415
wgi.voice_accountability,ISR,2008,68.9280098,63.8671669,73.9888528
wgi.voice_accountability,ISR,2009,68.6819231,63.6210801,73.742766
wgi.voice_accountability,ISR,2010,67.5895297,62.5286868,72.6503727
wgi.voice_accountability,ISR,2011,66.2922925,60.9726193,71.6119658
wgi.voice_accountability,ISR,2012,65.5250622,60.2053889,70.8447354
wgi.voice_accountability,ISR,2013,65.2820348,59.9623616,70.6017081
wgi.voice_accountability,ISR,2014,65.2042485,59.8845753,70.5239218
wgi.voice_accountability,ISR,2015,65.311432,59.9917588,70.6311053
wgi.voice_accountability,ISR,2016,65.787715,60.4680418,71.1073883
wgi.voice_accountability,ISR,2017,65.7818079,60.4621347,71.1014812
wgi.voice_accountability,ISR,2018,66.4720676,60.5841568,72.3599784
wgi.voice_accountability,ISR,2019,65.7521009,59.8641901,71.6400117
wgi.voice_accountability,ISR,2020,66.6347987,60.7468879,72.5227095
wgi.voice_accountability,ISR,2021,66.0797755,60.1918647,71.9676863
wgi.voice_accountability,ISR,2022,65.8258984,59.9379876,71.7138092
wgi.voice_accountability,ISR,2023,64.2038955,58.2270283,70.1807627
wgi.voice_accountability,ISR,2024,62.0152058,56.0383386,67.992073
wgi.voice_accountability,ITA,1996,74.3291677,68.7845087,79.8738267
wgi.voice_accountability,ITA,1998,73.926866,68.382207,79.4715249
wgi.voice_accountability,ITA,2000,73.2475103,67.7651112,78.7299095
wgi.voice_accountability,ITA,2002,73.7092068,68.4313522,78.9870613
wgi.voice_accountability,ITA,2003,73.2772733,67.9994188,78.5551279
wgi.voice_accountability,ITA,2004,73.5031272,68.2252726,78.7809817
wgi.voice_accountability,ITA,2005,74.4874357,69.2095811,79.7652902
wgi.voice_accountability,ITA,2006,77.6846066,72.4199909,82.9492223
wgi.voice_accountability,ITA,2007,78.2185305,73.2051648,83.2318962
wgi.voice_accountability,ITA,2008,77.0465866,72.0332209,82.0599523
wgi.voice_accountability,ITA,2009,76.7924085,71.8422898,81.7425272
wgi.voice_accountability,ITA,2010,74.8425122,70.5506918,79.1343325
wgi.voice_accountability,ITA,2011,71.650431,67.7925359,75.5083261
wgi.voice_accountability,ITA,2012,72.3763152,68.5184201,76.2342103
wgi.voice_accountability,ITA,2013,72.7085037,68.7395675,76.6774399
wgi.voice_accountability,ITA,2014,73.9186643,69.9497281,77.8876005
wgi.voice_accountability,ITA,2015,74.7209854,70.2489699,79.1930008
wgi.voice_accountability,ITA,2016,74.966414,70.4943986,79.4384295
wgi.voice_accountability,ITA,2017,74.1498302,69.8054989,78.4941615
wgi.voice_accountability,ITA,2018,72.7359563,68.0982501,77.3736626
wgi.voice_accountability,ITA,2019,72.4991372,67.8614309,77.1368434
wgi.voice_accountability,ITA,2020,74.6993348,70.0616285,79.3370411
wgi.voice_accountability,ITA,2021,74.7077693,70.070063,79.3454755
wgi.voice_accountability,ITA,2022,75.0405073,70.4028011,79.6782136
wgi.voice_accountability,ITA,2023,75.8668786,71.1860724,80.5476847
wgi.voice_accountability,ITA,2024,75.530479,70.8496729,80.2112851
wgi.voice_accountability,JAM,1996,61.4226835,55.8545099,66.9908571
wgi.voice_accountability,JAM,1998,63.8314688,58.2632952,69.3996424
wgi.voice_accountability,JAM,2000,63.8799612,58.3117876,69.4481348
wgi.voice_accountability,JAM,2002,63.1620249,58.1783942,68.1456556
wgi.voice_accountability,JAM,2003,63.3549636,58.4777672,68.2321599
wgi.voice_accountability,JAM,2004,63.875078,59.0180166,68.7321395
wgi.voice_accountability,JAM,2005,66.4639167,61.6068552,71.3209781
wgi.voice_accountability,JAM,2006,68.8111685,63.9653681,73.6569688
wgi.voice_accountability,JAM,2007,69.5393315,64.6935312,74.3851319
wgi.voice_accountability,JAM,2008,67.5845468,62.7387464,72.4303471
wgi.voice_accountability,JAM,2009,67.4612417,62.6154414,72.3070421
wgi.voice_accountability,JAM,2010,65.318048,60.4722476,70.1638483
wgi.voice_accountability,JAM,2011,63.0218527,58.7765417,67.2671636
wgi.voice_accountability,JAM,2012,63.9190425,59.6737316,68.1643535
wgi.voice_accountability,JAM,2013,65.5194054,61.2740944,69.7647163
wgi.voice_accountability,JAM,2014,66.2872798,62.0419688,70.5325908
wgi.voice_accountability,JAM,2015,67.169603,62.9242921,71.414914
wgi.voice_accountability,JAM,2016,67.2494301,63.0041192,71.4947411
wgi.voice_accountability,JAM,2017,67.4206955,63.1753845,71.6660064
wgi.voice_accountability,JAM,2018,65.1174432,60.5996325,69.6352539
wgi.voice_accountability,JAM,2019,65.6772901,61.182047,70.1725331
wgi.voice_accountability,JAM,2020,65.8112874,61.3160444,70.3065304
wgi.voice_accountability,JAM,2021,65.6473048,61.1602512,70.1343584
wgi.voice_accountability,JAM,2022,65.6275112,61.1404576,70.1145648
wgi.voice_accountability,JAM,2023,65.4815405,60.9554861,70.0075949
wgi.voice_accountability,JAM,2024,65.3416046,60.8155502,69.867659
wgi.voice_accountability,JOR,1996,47.279218,41.7110444,52.8473915
wgi.voice_accountability,JOR,1998,45.0985899,39.5304163,50.6667634
wgi.voice_accountability,JOR,2000,48.1161082,42.5479346,53.6842818
wgi.voice_accountability,JOR,2002,44.3361692,39.4589729,49.2133655
wgi.voice_accountability,JOR,2003,44.99616,40.7625687,49.2297513
wgi.voice_accountability,JOR,2004,44.9480825,40.8817152,49.0144497
wgi.voice_accountability,JOR,2005,46.662502,42.6301036,50.6949004
wgi.voice_accountability,JOR,2006,46.989725,42.9635837,51.0158663
wgi.voice_accountability,JOR,2007,47.165492,43.2551227,51.0758614
wgi.voice_accountability,JOR,2008,46.954552,43.0441827,50.8649214
wgi.voice_accountability,JOR,2009,45.8780965,41.9677271,49.7884658
wgi.voice_accountability,JOR,2010,45.2004456,41.2900763,49.1108149
wgi.voice_accountability,JOR,2011,45.3024046,41.7286379,48.8761713
wgi.voice_accountability,JOR,2012,45.0624035,41.4886367,48.6361702
wgi.voice_accountability,JOR,2013,44.4412121,40.7797194,48.1027048
wgi.voice_accountability,JOR,2014,45.0915364,41.4300437,48.753029
wgi.voice_accountability,JOR,2015,46.1749737,42.1297704,50.2201769
wgi.voice_accountability,JOR,2016,46.5584392,42.3616836,50.7551948
wgi.voice_accountability,JOR,2017,46.7198052,42.6219842,50.8176261
wgi.voice_accountability,JOR,2018,45.6485828,41.3073232,49.9898424
wgi.voice_accountability,JOR,2019,45.6344653,41.2932057,49.9757249
wgi.voice_accountability,JOR,2020,45.0859863,40.7303659,49.4416067
wgi.voice_accountability,JOR,2021,44.3189975,39.9708279,48.6671671
wgi.voice_accountability,JOR,2022,43.5235881,39.1754185,47.8717577
wgi.voice_accountability,JOR,2023,43.6737717,39.2901421,48.0574014
wgi.voice_accountability,JOR,2024,44.3570076,39.973378,48.7406373
wgi.voice_accountability,JPN,1996,75.985773,70.441114,81.530432
wgi.voice_accountability,JPN,1998,75.1257462,69.5810872,80.6704052
wgi.voice_accountability,JPN,2000,75.168167,69.623508,80.712826
wgi.voice_accountability,JPN,2002,75.2402002,69.9068663,80.5735342
wgi.voice_accountability,JPN,2003,75.8499397,70.5292565,81.1706228
wgi.voice_accountability,JPN,2004,74.3857427,69.0650596,79.7064259
wgi.voice_accountability,JPN,2005,75.4073595,70.0866764,80.7280426
wgi.voice_accountability,JPN,2006,75.8939847,70.5868677,81.2011017
wgi.voice_accountability,JPN,2007,77.0953415,72.0453116,82.1453714
wgi.voice_accountability,JPN,2008,76.567834,71.5178041,81.6178639
wgi.voice_accountability,JPN,2009,78.7385942,73.6885643,83.7886241
wgi.voice_accountability,JPN,2010,78.8802174,73.8301875,83.9302473
wgi.voice_accountability,JPN,2011,79.6122572,75.2316328,83.9928817
wgi.voice_accountability,JPN,2012,79.5104015,75.129777,83.8910259
wgi.voice_accountability,JPN,2013,78.2998173,73.7545452,82.8450894
wgi.voice_accountability,JPN,2014,78.4535539,73.9082818,82.9988261
wgi.voice_accountability,JPN,2015,77.439983,72.8947109,81.9852552
wgi.voice_accountability,JPN,2016,77.2544812,72.7565025,81.7524598
wgi.voice_accountability,JPN,2017,77.8115906,73.313612,82.3095693
wgi.voice_accountability,JPN,2018,76.4575228,71.6314775,81.2835681
wgi.voice_accountability,JPN,2019,75.7090271,70.8829818,80.5350724
wgi.voice_accountability,JPN,2020,75.7748855,70.9488402,80.6009308
wgi.voice_accountability,JPN,2021,76.0165966,71.1905513,80.8426419
wgi.voice_accountability,JPN,2022,76.09673,71.2706847,80.9227753
wgi.voice_accountability,JPN,2023,76.6083575,71.7336868,81.4830282
wgi.voice_accountability,JPN,2024,76.3842312,71.4998378,81.2686245
wgi.voice_accountability,KAZ,1996,34.2127523,28.2042249,40.2212798
wgi.voice_accountability,KAZ,1998,38.1200622,32.5518886,43.6882358
wgi.voice_accountability,KAZ,2000,34.6097158,29.3817206,39.837711
wgi.voice_accountability,KAZ,2002,39.395164,34.7081918,44.0821363
wgi.voice_accountability,KAZ,2003,39.9794024,35.2924301,44.6663746
wgi.voice_accountability,KAZ,2004,39.1254542,34.456359,43.7945494
wgi.voice_accountability,KAZ,2005,41.115895,36.5394194,45.6923705
wgi.voice_accountability,KAZ,2006,41.9358516,37.3680153,46.5036879
wgi.voice_accountability,KAZ,2007,42.900125,38.4993149,47.300935
wgi.voice_accountability,KAZ,2008,44.8016619,40.4124892,49.1908346
wgi.voice_accountability,KAZ,2009,44.0635207,39.674348,48.4526933
wgi.voice_accountability,KAZ,2010,43.3402356,38.9510629,47.7294082
wgi.voice_accountability,KAZ,2011,42.9287958,38.9900252,46.8675664
wgi.voice_accountability,KAZ,2012,41.2958923,37.3571217,45.234663
wgi.voice_accountability,KAZ,2013,39.4424995,35.3853351,43.499664
wgi.voice_accountability,KAZ,2014,40.9561305,36.8989661,45.013295
wgi.voice_accountability,KAZ,2015,43.0048109,38.9476464,47.0619753
wgi.voice_accountability,KAZ,2016,42.4087461,38.3515816,46.4659106
wgi.voice_accountability,KAZ,2017,40.9828603,37.0209217,44.944799
wgi.voice_accountability,KAZ,2018,42.796491,38.6158307,46.9771513
wgi.voice_accountability,KAZ,2019,40.3488309,36.1681706,44.5294912
wgi.voice_accountability,KAZ,2020,41.3660073,37.0174072,45.7146075
wgi.voice_accountability,KAZ,2021,41.8293717,37.4807715,46.1779719
wgi.voice_accountability,KAZ,2022,41.4913864,37.3107261,45.6720467
wgi.voice_accountability,KAZ,2023,41.736451,37.524302,45.9486
wgi.voice_accountability,KAZ,2024,42.5722351,38.3600861,46.7843841
wgi.voice_accountability,KEN,1996,35.852298,30.2841244,41.4204716
wgi.voice_accountability,KEN,1998,34.7534112,29.1852376,40.3215848
wgi.voice_accountability,KEN,2000,35.0758806,29.7394924,40.4122687
wgi.voice_accountability,KEN,2002,41.1904433,36.4477431,45.9331435
wgi.voice_accountability,KEN,2003,48.3197427,44.1954492,52.4440362
wgi.voice_accountability,KEN,2004,52.2860867,48.2478039,56.3243695
wgi.voice_accountability,KEN,2005,53.2472499,49.4323059,57.0621939
wgi.voice_accountability,KEN,2006,54.292453,50.5810608,58.0038453
wgi.voice_accountability,KEN,2007,52.1044494,48.3930571,55.8158417
wgi.voice_accountability,KEN,2008,50.3606029,46.6492106,54.0719952
wgi.voice_accountability,KEN,2009,49.6174192,45.9060269,53.3288115
wgi.voice_accountability,KEN,2010,51.2465229,47.5351306,54.9579152
wgi.voice_accountability,KEN,2011,49.0454799,45.6255058,52.465454
wgi.voice_accountability,KEN,2012,50.6467686,47.2267945,54.0667427
wgi.voice_accountability,KEN,2013,52.1462418,48.7262677,55.5662159
wgi.voice_accountability,KEN,2014,53.4229696,50.0029956,56.8429437
wgi.voice_accountability,KEN,2015,52.1921054,48.4657992,55.9184115
wgi.voice_accountability,KEN,2016,51.806515,47.9627602,55.6502699
wgi.voice_accountability,KEN,2017,49.6994691,45.8557143,53.543224
wgi.voice_accountability,KEN,2018,47.5553687,43.5128696,51.5978679
wgi.voice_accountability,KEN,2019,48.0956706,44.0531714,52.1381697
wgi.voice_accountability,KEN,2020,49.2213466,45.1672626,53.2754307
wgi.voice_accountability,KEN,2021,49.1873936,45.1333095,53.2414776
wgi.voice_accountability,KEN,2022,52.4566065,48.4025225,56.5106905
wgi.voice_accountability,KEN,2023,52.1090946,48.0263152,56.1918739
wgi.voice_accountability,KEN,2024,50.649359,46.6722281,54.6264898
wgi.voice_accountability,KGZ,1996,40.9140405,33.8792441,47.9488369
wgi.voice_accountability,KGZ,1998,39.2430972,32.2083008,46.2778936
wgi.voice_accountability,KGZ,2000,34.252476,27.8690102,40.6359417
wgi.voice_accountability,KGZ,2002,40.3502626,34.8846239,45.8159014
wgi.voice_accountability,KGZ,2003,40.9127734,35.4471346,46.3784121
wgi.voice_accountability,KGZ,2004,41.8006781,36.3633321,47.2380241
wgi.voice_accountability,KGZ,2005,42.2644363,37.0455914,47.4832812
wgi.voice_accountability,KGZ,2006,46.3518538,41.7920389,50.9116688
wgi.voice_accountability,KGZ,2007,45.0448502,40.5327803,49.5569201
wgi.voice_accountability,KGZ,2008,40.643193,36.1311231,45.1552629
wgi.voice_accountability,KGZ,2009,40.2721613,35.7600914,44.7842312
wgi.voice_accountability,KGZ,2010,42.6697187,38.1576488,47.1817886
wgi.voice_accountability,KGZ,2011,45.7848012,41.7692979,49.8003045
wgi.voice_accountability,KGZ,2012,46.9033783,42.887875,50.9188815
wgi.voice_accountability,KGZ,2013,48.9664001,44.8252255,53.1075748
wgi.voice_accountability,KGZ,2014,51.2694914,47.1283168,55.4106661
wgi.voice_accountability,KGZ,2015,52.5021585,48.3609838,56.6433331
wgi.voice_accountability,KGZ,2016,52.4466773,48.3055027,56.587852
wgi.voice_accountability,KGZ,2017,51.8909383,47.850879,55.9309976
wgi.voice_accountability,KGZ,2018,52.0918073,47.8190525,56.3645622
wgi.voice_accountability,KGZ,2019,49.9235378,45.6507829,54.1962926
wgi.voice_accountability,KGZ,2020,48.3251212,43.8570928,52.7931496
wgi.voice_accountability,KGZ,2021,47.8285896,43.3605612,52.296618
wgi.voice_accountability,KGZ,2022,45.6498693,41.3634257,49.9363128
wgi.voice_accountability,KGZ,2023,44.0616234,39.7412197,48.382027
wgi.voice_accountability,KGZ,2024,42.8239839,38.5035802,47.1443875
wgi.voice_accountability,KHM,1996,36.5529769,30.5444494,42.5615043
wgi.voice_accountability,KHM,1998,35.3413758,29.3328484,41.3499033
wgi.voice_accountability,KHM,2000,36.2247037,30.2161762,42.2332311
wgi.voice_accountability,KHM,2002,38.2974079,33.0726857,43.5221302
wgi.voice_accountability,KHM,2003,39.7522218,35.2851123,44.2193313
wgi.voice_accountability,KHM,2004,40.6819733,36.2303482,45.1335983
wgi.voice_accountability,KHM,2005,40.0618566,35.7325459,44.3911673
wgi.voice_accountability,KHM,2006,41.6525773,37.3305809,45.9745737
wgi.voice_accountability,KHM,2007,41.5003302,37.2190568,45.7816035
wgi.voice_accountability,KHM,2008,40.7724892,36.6355851,44.9093932
wgi.voice_accountability,KHM,2009,40.2579317,36.1210277,44.3948358
wgi.voice_accountability,KHM,2010,39.4279112,35.2910071,43.5648152
wgi.voice_accountability,KHM,2011,38.533646,34.7894366,42.2778555
wgi.voice_accountability,KHM,2012,38.9560248,35.2118154,42.7002343
wgi.voice_accountability,KHM,2013,38.8362676,34.9908045,42.6817307
wgi.voice_accountability,KHM,2014,38.0297161,34.184253,41.8751792
wgi.voice_accountability,KHM,2015,35.7157243,31.4181684,40.0132802
wgi.voice_accountability,KHM,2016,35.5099843,31.2124284,39.8075402
wgi.voice_accountability,KHM,2017,35.6591422,31.3615864,39.9566981
wgi.voice_accountability,KHM,2018,30.2862352,25.7053052,34.8671651
wgi.voice_accountability,KHM,2019,30.7308457,26.1499157,35.3117756
wgi.voice_accountability,KHM,2020,32.6413141,28.0353451,37.2472831
wgi.voice_accountability,KHM,2021,31.5905697,26.9927586,36.1883808
wgi.voice_accountability,KHM,2022,30.5089596,25.902336,35.1155832
wgi.voice_accountability,KHM,2023,30.0876992,25.4388456,34.7365528
wgi.voice_accountability,KHM,2024,27.6085959,22.9597423,32.2574495
wgi.voice_accountability,KIR,1996,77.7773103,67.1172461,88.4373745
wgi.voice_accountability,KIR,1998,77.9016339,67.2415698,88.5616981
wgi.voice_accountability,KIR,2000,77.1196647,66.4596006,87.7797289
wgi.voice_accountability,KIR,2002,73.8545369,63.1944727,84.5146011
wgi.voice_accountability,KIR,2003,72.6678419,62.0077777,83.3279061
wgi.voice_accountability,KIR,2004,66.5755475,57.935022,75.216073
wgi.voice_accountability,KIR,2005,61.8630584,53.8136129,69.9125038
wgi.voice_accountability,KIR,2006,62.4718282,54.4223828,70.5212737
wgi.voice_accountability,KIR,2007,60.7169867,52.6675412,68.7664321
wgi.voice_accountability,KIR,2008,59.7795008,51.7300554,67.8289463
wgi.voice_accountability,KIR,2009,59.4356452,51.4757617,67.3955286
wgi.voice_accountability,KIR,2010,60.0355553,52.0756718,67.9954387
wgi.voice_accountability,KIR,2011,67.4818474,59.521964,75.4417309
wgi.voice_accountability,KIR,2012,67.7234903,59.7636068,75.6833737
wgi.voice_accountability,KIR,2013,67.5481906,59.5883072,75.5080741
wgi.voice_accountability,KIR,2014,67.5924282,59.6325447,75.5523116
wgi.voice_accountability,KIR,2015,67.5365375,59.576654,75.4964209
wgi.voice_accountability,KIR,2016,67.6104172,59.6505338,75.5703007
wgi.voice_accountability,KIR,2017,67.7660301,59.8061466,75.7259135
wgi.voice_accountability,KIR,2018,71.2631762,60.8888261,81.6375262
wgi.voice_accountability,KIR,2019,72.3109242,63.1429612,81.4788872
wgi.voice_accountability,KIR,2020,72.3530439,63.1850809,81.5210069
wgi.voice_accountability,KIR,2021,74.1358579,64.9678949,83.3038209
wgi.voice_accountability,KIR,2022,74.1092454,64.9412824,83.2772084
wgi.voice_accountability,KIR,2023,74.0829111,64.9149481,83.2508741
wgi.voice_accountability,KIR,2024,73.877803,64.70984,83.045766
wgi.voice_accountability,KNA,1996,75.1029229,64.4428588,85.7629871
wgi.voice_accountability,KNA,1998,75.0667873,64.4067231,85.7268515
wgi.voice_accountability,KNA,2000,75.0871287,64.4270645,85.7471929
wgi.voice_accountability,KNA,2002,73.9347701,63.2747059,84.5948343
wgi.voice_accountability,KNA,2003,71.6248301,60.9647659,82.2848943
wgi.voice_accountability,KNA,2004,65.1920651,56.662038,73.7220921
wgi.voice_accountability,KNA,2005,77.2442142,68.7141872,85.7742412
wgi.voice_accountability,KNA,2006,77.3997763,68.8697493,85.9298034
wgi.voice_accountability,KNA,2007,77.6467469,69.1167199,86.176774
wgi.voice_accountability,KNA,2008,75.5884928,67.0584657,84.1185198
wgi.voice_accountability,KNA,2009,76.5349503,68.0049233,85.0649774
wgi.voice_accountability,KNA,2010,77.4524798,68.8119543,86.0930053
wgi.voice_accountability,KNA,2011,76.4454934,67.8049679,85.0860189
wgi.voice_accountability,KNA,2012,76.1358761,67.4953506,84.7764016
wgi.voice_accountability,KNA,2013,75.4746793,66.8341538,84.1152048
wgi.voice_accountability,KNA,2014,75.5268052,66.8862797,84.1673307
wgi.voice_accountability,KNA,2015,69.4302262,63.2632295,75.597223
wgi.voice_accountability,KNA,2016,69.4869308,63.3218646,75.651997
wgi.voice_accountability,KNA,2017,69.2165979,63.0515317,75.3816641
wgi.voice_accountability,KNA,2018,64.7590272,57.6556823,71.8623721
wgi.voice_accountability,KNA,2019,64.2839974,57.1806525,71.3873423
wgi.voice_accountability,KNA,2020,64.5441737,57.4408288,71.6475186
wgi.voice_accountability,KNA,2021,64.395231,57.2889334,71.5015286
wgi.voice_accountability,KNA,2022,64.3462135,57.2399159,71.4525111
wgi.voice_accountability,KNA,2023,64.4011608,57.2948633,71.5074584
wgi.voice_accountability,KNA,2024,64.8982368,57.7919392,72.0045343
wgi.voice_accountability,KOR,1996,67.3526265,61.8079676,72.8972855
wgi.voice_accountability,KOR,1998,68.8594281,63.3147691,74.4040871
wgi.voice_accountability,KOR,2000,69.0454095,63.5007505,74.5900685
wgi.voice_accountability,KOR,2002,70.5800558,65.7186869,75.4414246
wgi.voice_accountability,KOR,2003,70.7341354,65.882351,75.5859199
wgi.voice_accountability,KOR,2004,68.4736155,63.621831,73.3253999
wgi.voice_accountability,KOR,2005,69.5938448,64.7994562,74.3882333
wgi.voice_accountability,KOR,2006,71.4698928,66.6854369,76.2543487
wgi.voice_accountability,KOR,2007,72.0025828,67.2181269,76.7870387
wgi.voice_accountability,KOR,2008,70.1545615,65.3701056,74.9390174
wgi.voice_accountability,KOR,2009,71.8459215,67.2523933,76.4394498
wgi.voice_accountability,KOR,2010,72.179393,67.5858647,76.7729212
wgi.voice_accountability,KOR,2011,71.6512571,67.5786624,75.7238517
wgi.voice_accountability,KOR,2012,71.9081254,67.8355307,75.98072
wgi.voice_accountability,KOR,2013,71.0649535,66.8610709,75.268836
wgi.voice_accountability,KOR,2014,70.6617766,66.4578941,74.8656592
wgi.voice_accountability,KOR,2015,68.9463857,64.7425031,73.1502683
wgi.voice_accountability,KOR,2016,68.9577571,64.7538745,73.1616396
wgi.voice_accountability,KOR,2017,72.1621302,68.0639102,76.2603503
wgi.voice_accountability,KOR,2018,72.7204999,68.3787642,77.0622356
wgi.voice_accountability,KOR,2019,72.3281046,67.9863689,76.6698403
wgi.voice_accountability,KOR,2020,73.3976554,69.0559198,77.7393911
wgi.voice_accountability,KOR,2021,74.2070528,69.8653171,78.5487885
wgi.voice_accountability,KOR,2022,73.4330367,69.0913011,77.7747724
wgi.voice_accountability,KOR,2023,72.9350857,68.5580492,77.3121221
wgi.voice_accountability,KOR,2024,70.987799,66.6107626,75.3648354
wgi.voice_accountability,KWT,1996,52.0152917,46.4471181,57.5834653
wgi.voice_accountability,KWT,1998,51.878382,46.3102084,57.4465556
wgi.voice_accountability,KWT,2000,51.8812279,46.3130543,57.4494015
wgi.voice_accountability,KWT,2002,52.834592,47.4137088,58.2554751
wgi.voice_accountability,KWT,2003,52.4727963,47.0519131,57.8936794
wgi.voice_accountability,KWT,2004,53.1339878,48.0284768,58.2394988
wgi.voice_accountability,KWT,2005,53.0456562,47.9959256,58.0953868
wgi.voice_accountability,KWT,2006,51.1449174,46.5102391,55.7795958
wgi.voice_accountability,KWT,2007,51.0116797,46.3770014,55.6463581
wgi.voice_accountability,KWT,2008,51.6195867,46.9849084,56.254265
wgi.voice_accountability,KWT,2009,51.9045605,47.2698821,56.5392388
wgi.voice_accountability,KWT,2010,51.8837465,47.2490682,56.5184248
wgi.voice_accountability,KWT,2011,51.723968,47.0892897,56.3586464
wgi.voice_accountability,KWT,2012,50.0335899,45.3989116,54.6682682
wgi.voice_accountability,KWT,2013,49.322245,44.4555029,54.1889871
wgi.voice_accountability,KWT,2014,49.3499917,44.4838517,54.2161317
wgi.voice_accountability,KWT,2015,49.3808048,44.5146648,54.2469448
wgi.voice_accountability,KWT,2016,49.5532621,44.6871221,54.4194021
wgi.voice_accountability,KWT,2017,49.5289896,44.6524007,54.4055786
wgi.voice_accountability,KWT,2018,49.5918481,44.2887742,54.894922
wgi.voice_accountability,KWT,2019,49.5348985,44.2318246,54.8379724
wgi.voice_accountability,KWT,2020,48.643796,43.3407221,53.9468699
wgi.voice_accountability,KWT,2021,47.0402897,41.7372158,52.3433636
wgi.voice_accountability,KWT,2022,47.1495805,41.8668358,52.4323253
wgi.voice_accountability,KWT,2023,47.4764763,42.9064049,52.0465477
wgi.voice_accountability,KWT,2024,44.2764629,39.7058927,48.8470332
wgi.voice_accountability,LAO,1996,34.3704707,27.3356743,41.4052671
wgi.voice_accountability,LAO,1998,32.9156919,25.8808955,39.9504883
wgi.voice_accountability,LAO,2000,32.7254556,25.6906592,39.760252
wgi.voice_accountability,LAO,2002,27.0993785,21.2413899,32.957367
wgi.voice_accountability,LAO,2003,26.4175515,20.559563,32.2755401
wgi.voice_accountability,LAO,2004,30.7856565,25.9615242,35.6097887
wgi.voice_accountability,LAO,2005,30.458703,25.7451287,35.1722773
wgi.voice_accountability,LAO,2006,31.6830896,27.3262755,36.0399036
wgi.voice_accountability,LAO,2007,31.6545063,27.2976922,36.0113203
wgi.voice_accountability,LAO,2008,31.7533376,27.3965235,36.1101516
wgi.voice_accountability,LAO,2009,31.438095,27.0812809,35.7949091
wgi.voice_accountability,LAO,2010,32.2355434,27.8787293,36.5923575
wgi.voice_accountability,LAO,2011,32.3003376,27.9435235,36.6571517
wgi.voice_accountability,LAO,2012,32.2195391,27.1689386,37.2701396
wgi.voice_accountability,LAO,2013,32.3712489,27.3746664,37.3678315
wgi.voice_accountability,LAO,2014,32.7362073,27.7396248,37.7327899
wgi.voice_accountability,LAO,2015,32.6651717,27.6685892,37.6617543
wgi.voice_accountability,LAO,2016,33.3056893,28.3091068,38.3022719
wgi.voice_accountability,LAO,2017,32.5058781,27.4979837,37.5137725
wgi.voice_accountability,LAO,2018,32.9735131,27.5003133,38.4467129
wgi.voice_accountability,LAO,2019,31.5083447,26.0351449,36.9815446
wgi.voice_accountability,LAO,2020,31.1654727,25.6634148,36.6675306
wgi.voice_accountability,LAO,2021,32.3778071,26.8757492,37.8798651
wgi.voice_accountability,LAO,2022,32.370064,26.8680061,37.8721219
wgi.voice_accountability,LAO,2023,31.7885806,26.2141411,37.3630201
wgi.voice_accountability,LAO,2024,31.0998769,25.5254374,36.6743164
wgi.voice_accountability,LBN,1996,44.0684966,38.3289579,49.8080353
wgi.voice_accountability,LBN,1998,44.3256782,38.5861395,50.0652169
wgi.voice_accountability,LBN,2000,45.7734456,40.0339069,51.5129843
wgi.voice_accountability,LBN,2002,43.2306892,38.3032923,48.1580862
wgi.voice_accountability,LBN,2003,42.921569,37.9941721,47.848966
wgi.voice_accountability,LBN,2004,46.9992902,42.3301949,51.6683854
wgi.voice_accountability,LBN,2005,50.5871446,45.9180494,55.2562399
wgi.voice_accountability,LBN,2006,53.4555313,48.9730248,57.9380377
wgi.voice_accountability,LBN,2007,51.3148719,46.8777424,55.7520014
wgi.voice_accountability,LBN,2008,51.8638934,47.4267639,56.3010229
wgi.voice_accountability,LBN,2009,50.3916698,46.4471829,54.3361568
wgi.voice_accountability,LBN,2010,50.8342745,46.9156825,54.7528665
wgi.voice_accountability,LBN,2011,50.6218783,47.0418387,54.2019179
wgi.voice_accountability,LBN,2012,51.2287754,47.6487358,54.808815
wgi.voice_accountability,LBN,2013,50.2137255,46.5454839,53.8819672
wgi.voice_accountability,LBN,2014,48.8067704,45.1385288,52.4750121
wgi.voice_accountability,LBN,2015,47.1877219,43.1334139,51.24203
wgi.voice_accountability,LBN,2016,46.0621999,42.0078918,50.1165079
wgi.voice_accountability,LBN,2017,46.0819602,42.0276521,50.1362683
wgi.voice_accountability,LBN,2018,46.9459916,42.4743629,51.4176202
wgi.voice_accountability,LBN,2019,46.0597688,41.5881401,50.5313974
wgi.voice_accountability,LBN,2020,44.7916942,40.3043711,49.2790173
wgi.voice_accountability,LBN,2021,43.5085692,39.0212461,47.9958924
wgi.voice_accountability,LBN,2022,43.2213919,38.7340688,47.708715
wgi.voice_accountability,LBN,2023,43.5940654,39.0677362,48.1203946
wgi.voice_accountability,LBN,2024,43.315368,38.7890388,47.8416972
wgi.voice_accountability,LBR,1996,30.3026193,23.94763,36.6576085
wgi.voice_accountability,LBR,1998,39.2734132,32.918424,45.6284025
wgi.voice_accountability,LBR,2000,37.0337422,31.0170446,43.0504398
wgi.voice_accountability,LBR,2002,34.2054573,28.975367,39.4355475
wgi.voice_accountability,LBR,2003,29.3116003,24.0815101,34.5416906
wgi.voice_accountability,LBR,2004,38.8925853,33.8346565,43.9505141
wgi.voice_accountability,LBR,2005,48.7398007,43.6818719,53.7977294
wgi.voice_accountability,LBR,2006,56.0888648,51.6295596,60.5481699
wgi.voice_accountability,LBR,2007,55.0469031,50.8145545,59.2792517
wgi.voice_accountability,LBR,2008,55.3052801,51.0883039,59.5222563
wgi.voice_accountability,LBR,2009,54.1631237,50.4297535,57.8964938
wgi.voice_accountability,LBR,2010,53.7887647,50.0553945,57.5221348
wgi.voice_accountability,LBR,2011,52.0832696,48.6461221,55.5204172
wgi.voice_accountability,LBR,2012,53.4090464,49.9890723,56.8290205
wgi.voice_accountability,LBR,2013,51.1307334,47.7107593,54.5507075
wgi.voice_accountability,LBR,2014,52.5054664,49.0854923,55.9254405
wgi.voice_accountability,LBR,2015,52.6788706,48.9525644,56.4051767
wgi.voice_accountability,LBR,2016,52.9239072,49.0801523,56.767662
wgi.voice_accountability,LBR,2017,56.0453553,52.2828645,59.8078461
wgi.voice_accountability,LBR,2018,54.4845114,50.5362334,58.4327893
wgi.voice_accountability,LBR,2019,52.7156643,48.7673863,56.6639423
wgi.voice_accountability,LBR,2020,53.442779,49.483709,57.401849
wgi.voice_accountability,LBR,2021,53.5700151,49.610945,57.5290851
wgi.voice_accountability,LBR,2022,53.9449849,49.9859149,57.9040549
wgi.voice_accountability,LBR,2023,54.9002672,50.9144849,58.8860495
wgi.voice_accountability,LBR,2024,54.893058,50.9072756,58.8788403
wgi.voice_accountability,LBY,1996,25.809361,20.2411874,31.3775346
wgi.voice_accountability,LBY,1998,24.3249732,18.7567996,29.8931468
wgi.voice_accountability,LBY,2000,24.3275636,18.9911754,29.6639517
wgi.voice_accountability,LBY,2002,23.7312083,18.9666089,28.4958076
wgi.voice_accountability,LBY,2003,24.3076072,19.5430079,29.0722065
wgi.voice_accountability,LBY,2004,23.5032243,19.4827013,27.5237473
wgi.voice_accountability,LBY,2005,24.3294083,20.3088853,28.3499313
wgi.voice_accountability,LBY,2006,25.9245362,21.9040132,29.9450592
wgi.voice_accountability,LBY,2007,25.9010881,21.907974,29.8942022
wgi.voice_accountability,LBY,2008,25.8404105,21.8472963,29.8335246
wgi.voice_accountability,LBY,2009,25.9573848,21.9642707,29.9504989
wgi.voice_accountability,LBY,2010,24.873993,20.8808789,28.8671071
wgi.voice_accountability,LBY,2011,30.1602838,26.1671697,34.1533979
wgi.voice_accountability,LBY,2012,41.9572379,37.4588024,46.4556733
wgi.voice_accountability,LBY,2013,42.6449037,38.1176591,47.1721482
wgi.voice_accountability,LBY,2014,38.0303952,33.5036372,42.5571532
wgi.voice_accountability,LBY,2015,36.4481107,31.9213527,40.9748687
wgi.voice_accountability,LBY,2016,35.8501977,31.3234397,40.3769557
wgi.voice_accountability,LBY,2017,35.2786101,30.7434457,39.8137746
wgi.voice_accountability,LBY,2018,36.0453872,31.1733226,40.9174518
wgi.voice_accountability,LBY,2019,37.4398192,32.517715,42.3619234
wgi.voice_accountability,LBY,2020,37.3425789,32.4204747,42.2646831
wgi.voice_accountability,LBY,2021,34.6432278,29.7211236,39.565332
wgi.voice_accountability,LBY,2022,33.8003587,28.8782545,38.7224629
wgi.voice_accountability,LBY,2023,33.0964663,28.1851034,38.0078292
wgi.voice_accountability,LBY,2024,33.4659211,28.5545582,38.377284
wgi.voice_accountability,LCA,1996,75.9052405,65.2451764,86.5653047
wgi.voice_accountability,LCA,1998,75.8691032,65.209039,86.5291673
wgi.voice_accountability,LCA,2000,75.8894463,65.2293821,86.5495105
wgi.voice_accountability,LCA,2002,76.0742761,65.4142119,86.7343403
wgi.voice_accountability,LCA,2003,74.6885008,64.0284366,85.348565
wgi.voice_accountability,LCA,2004,68.5255068,59.9954798,77.0555339
wgi.voice_accountability,LCA,2005,79.037899,71.0763563,86.9994417
wgi.voice_accountability,LCA,2006,79.2405463,71.2790037,87.202089
wgi.voice_accountability,LCA,2007,79.3885666,71.427024,87.3501093
wgi.voice_accountability,LCA,2008,79.4395076,71.477965,87.4010503
wgi.voice_accountability,LCA,2009,79.4427123,71.4811697,87.404255
wgi.voice_accountability,LCA,2010,79.39663,71.3454676,87.4477925
wgi.voice_accountability,LCA,2011,78.52233,70.4711675,86.5734924
wgi.voice_accountability,LCA,2012,78.0223819,70.0608392,85.9839246
wgi.voice_accountability,LCA,2013,77.5617094,69.6001667,85.523252
wgi.voice_accountability,LCA,2014,77.6059662,69.6444235,85.5675088
wgi.voice_accountability,LCA,2015,71.7802539,65.8749492,77.6855587
wgi.voice_accountability,LCA,2016,71.5992117,65.6956029,77.5028205
wgi.voice_accountability,LCA,2017,70.150697,64.2470882,76.0543057
wgi.voice_accountability,LCA,2018,66.7709331,60.0594794,73.4823867
wgi.voice_accountability,LCA,2019,67.0512774,60.2863974,73.8161575
wgi.voice_accountability,LCA,2020,65.639945,58.875065,72.404825
wgi.voice_accountability,LCA,2021,65.7561143,58.9886824,72.5235461
wgi.voice_accountability,LCA,2022,65.6966618,58.9292299,72.4640937
wgi.voice_accountability,LCA,2023,66.1932214,59.4257895,72.9606533
wgi.voice_accountability,LCA,2024,67.5477408,60.7803089,74.3151727
wgi.voice_accountability,LIE,1996,83.8372793,75.1967538,92.4778048
wgi.voice_accountability,LIE,1998,83.8135372,75.1730117,92.4540627
wgi.voice_accountability,LIE,2000,83.8269021,75.1863766,92.4674276
wgi.voice_accountability,LIE,2002,80.760711,72.1201855,89.4012365
wgi.voice_accountability,LIE,2003,80.8517835,72.211258,89.492309
wgi.voice_accountability,LIE,2004,78.9129365,70.272411,87.553462
wgi.voice_accountability,LIE,2005,82.5250634,73.8845379,91.1655889
wgi.voice_accountability,LIE,2006,81.9742864,73.3337609,90.6148119
wgi.voice_accountability,LIE,2007,82.9973926,74.3568671,91.6379181
wgi.voice_accountability,LIE,2008,82.9783254,74.3377999,91.6188509
wgi.voice_accountability,LIE,2009,87.1726586,80.2532754,94.0920418
wgi.voice_accountability,LIE,2010,87.1586006,80.2392174,94.0779838
wgi.voice_accountability,LIE,2011,86.3860687,79.4666855,93.305452
wgi.voice_accountability,LIE,2012,83.6146546,76.9720085,90.2573008
wgi.voice_accountability,LIE,2013,83.6220372,76.979391,90.2646833
wgi.voice_accountability,LIE,2014,82.3309503,75.6883042,88.9735965
wgi.voice_accountability,LIE,2015,82.2785321,75.635886,88.9211783
wgi.voice_accountability,LIE,2016,81.3509195,74.7082733,87.9935656
wgi.voice_accountability,LIE,2017,81.0346897,74.3920436,87.6773359
wgi.voice_accountability,LIE,2018,79.7318517,71.8681759,87.5955275
wgi.voice_accountability,LIE,2019,79.844412,71.9807362,87.7080877
wgi.voice_accountability,LIE,2020,79.839492,71.9758163,87.7031678
wgi.voice_accountability,LIE,2021,80.2104433,72.3467675,88.0741191
wgi.voice_accountability,LIE,2022,80.2446851,72.3810094,88.1083609
wgi.voice_accountability,LIE,2023,79.8644663,72.0007906,87.7281421
wgi.voice_accountability,LIE,2024,80.0862806,72.2226048,87.9499564
wgi.voice_accountability,LKA,1996,50.8738949,45.3057213,56.4420685
wgi.voice_accountability,LKA,1998,51.3400124,45.7718388,56.908186
wgi.voice_accountability,LKA,2000,49.4748965,43.9067229,55.04307
wgi.voice_accountability,LKA,2002,52.9627032,48.0855069,57.8398995
wgi.voice_accountability,LKA,2003,53.4258786,49.1818488,57.6699083
wgi.voice_accountability,LKA,2004,52.5845339,48.3537903,56.8152776
wgi.voice_accountability,LKA,2005,52.719044,48.5996985,56.8383896
wgi.voice_accountability,LKA,2006,51.4378671,47.3248277,55.5509065
wgi.voice_accountability,LKA,2007,49.4886902,45.4988508,53.4785295
wgi.voice_accountability,LKA,2008,47.1628877,43.1730483,51.1527271
wgi.voice_accountability,LKA,2009,47.7116957,43.7218563,51.7015351
wgi.voice_accountability,LKA,2010,45.0689459,41.0791065,49.0587853
wgi.voice_accountability,LKA,2011,44.8474764,40.857637,48.8373158
wgi.voice_accountability,LKA,2012,46.0718263,42.3453363,49.7983162
wgi.voice_accountability,LKA,2013,45.3606284,41.6341384,49.0871183
wgi.voice_accountability,LKA,2014,44.6894937,40.9630037,48.4159836
wgi.voice_accountability,LKA,2015,50.0769068,45.9435383,54.2102754
wgi.voice_accountability,LKA,2016,52.4332634,48.4449152,56.4216116
wgi.voice_accountability,LKA,2017,52.6657437,48.6773955,56.6540919
wgi.voice_accountability,LKA,2018,53.5850865,49.3733628,57.7968101
wgi.voice_accountability,LKA,2019,53.6648278,49.4531041,57.8765515
wgi.voice_accountability,LKA,2020,54.0901173,49.5944244,58.5858101
wgi.voice_accountability,LKA,2021,52.3307723,47.8429731,56.8185715
wgi.voice_accountability,LKA,2022,50.4815154,46.2034677,54.759563
wgi.voice_accountability,LKA,2023,50.2651881,45.9533817,54.5769945
wgi.voice_accountability,LKA,2024,54.6434795,50.3319373,58.9550216
wgi.voice_accountability,LSO,1996,54.135545,47.1007486,61.1703414
wgi.voice_accountability,LSO,1998,49.3914638,42.3566674,56.4262602
wgi.voice_accountability,LSO,2000,55.1476649,48.5637956,61.7315342
wgi.voice_accountability,LSO,2002,55.9401216,49.413671,62.4665722
wgi.voice_accountability,LSO,2003,58.4021145,52.1094096,64.6948193
wgi.voice_accountability,LSO,2004,57.3626942,51.36345,63.3619383
wgi.voice_accountability,LSO,2005,58.8789435,53.0878005,64.6700866
wgi.voice_accountability,LSO,2006,60.0198135,54.9008186,65.1388085
wgi.voice_accountability,LSO,2007,57.4736494,52.3546545,62.5926444
wgi.voice_accountability,LSO,2008,54.6439818,49.9465868,59.3413768
wgi.voice_accountability,LSO,2009,54.8985257,50.2011307,59.5959207
wgi.voice_accountability,LSO,2010,54.2386906,49.5412956,58.9360857
wgi.voice_accountability,LSO,2011,54.436614,49.739219,59.134009
wgi.voice_accountability,LSO,2012,56.5945117,51.9064577,61.2825656
wgi.voice_accountability,LSO,2013,57.3814026,52.8733897,61.8894154
wgi.voice_accountability,LSO,2014,55.4871817,50.9791689,59.9951945
wgi.voice_accountability,LSO,2015,55.5125901,51.0045772,60.0206029
wgi.voice_accountability,LSO,2016,53.1391493,48.6772888,57.6010098
wgi.voice_accountability,LSO,2017,53.5935909,49.1317304,58.0554514
wgi.voice_accountability,LSO,2018,54.2477797,49.4662625,59.0292969
wgi.voice_accountability,LSO,2019,53.9970915,49.1963688,58.7978142
wgi.voice_accountability,LSO,2020,54.4517852,49.6510625,59.2525079
wgi.voice_accountability,LSO,2021,52.9680345,48.1673118,57.7687572
wgi.voice_accountability,LSO,2022,54.2938777,49.493155,59.0946004
wgi.voice_accountability,LSO,2023,53.7359264,48.8873501,58.5845027
wgi.voice_accountability,LSO,2024,54.1339418,49.2853655,58.982518
wgi.voice_accountability,LTU,1996,71.4551312,65.4466037,77.4636587
wgi.voice_accountability,LTU,1998,71.3348804,65.7667068,76.9030539
wgi.voice_accountability,LTU,2000,70.5585802,64.9904066,76.1267538
wgi.voice_accountability,LTU,2002,68.0745395,63.0909088,73.0581702
wgi.voice_accountability,LTU,2003,70.0826805,65.2054842,74.9598769
wgi.voice_accountability,LTU,2004,69.6700716,64.8354116,74.5047316
wgi.voice_accountability,LTU,2005,71.1889919,66.3543318,76.0236519
wgi.voice_accountability,LTU,2006,71.9705252,67.1460464,76.7950041
wgi.voice_accountability,LTU,2007,71.8616195,67.0524606,76.6707784
wgi.voice_accountability,LTU,2008,71.8479641,67.2325857,76.4633424
wgi.voice_accountability,LTU,2009,73.5035893,68.8882109,78.1189676
wgi.voice_accountability,LTU,2010,73.4595547,68.8441764,78.0749331
wgi.voice_accountability,LTU,2011,72.3350041,67.7196257,76.9503824
wgi.voice_accountability,LTU,2012,72.1074157,67.4920374,76.7227941
wgi.voice_accountability,LTU,2013,72.0562332,67.2470743,76.8653921
wgi.voice_accountability,LTU,2014,72.4091796,67.6000207,77.2183385
wgi.voice_accountability,LTU,2015,72.6352645,67.8261056,77.4444234
wgi.voice_accountability,LTU,2016,71.7660839,66.956925,76.5752428
wgi.voice_accountability,LTU,2017,72.3034401,67.4942812,77.112599
wgi.voice_accountability,LTU,2018,71.0877417,65.8710566,76.3044268
wgi.voice_accountability,LTU,2019,75.6042047,70.3875196,80.8208898
wgi.voice_accountability,LTU,2020,75.8652036,70.8481484,80.8822588
wgi.voice_accountability,LTU,2021,76.704518,72.3454706,81.0635653
wgi.voice_accountability,LTU,2022,77.545047,73.1859996,81.9040944
wgi.voice_accountability,LTU,2023,77.6556977,73.260919,82.0504764
wgi.voice_accountability,LTU,2024,78.248591,73.8538123,82.6433698
wgi.voice_accountability,LUX,1996,83.1012401,76.7811404,89.4213399
wgi.voice_accountability,LUX,1998,82.956022,76.6359222,89.2761217
wgi.voice_accountability,LUX,2000,82.9275314,76.6991797,89.1558831
wgi.voice_accountability,LUX,2002,82.4802116,76.2518598,88.7085633
wgi.voice_accountability,LUX,2003,83.0203366,76.8924579,89.1482153
wgi.voice_accountability,LUX,2004,83.6513801,77.5235014,89.7792588
wgi.voice_accountability,LUX,2005,82.2156614,76.0877828,88.3435401
wgi.voice_accountability,LUX,2006,84.7201276,79.306627,90.1336282
wgi.voice_accountability,LUX,2007,84.7477518,79.3342512,90.1612524
wgi.voice_accountability,LUX,2008,85.2315713,79.9537168,90.5094259
wgi.voice_accountability,LUX,2009,85.8902215,80.6256058,91.1548372
wgi.voice_accountability,LUX,2010,85.6812645,80.4166489,90.9458802
wgi.voice_accountability,LUX,2011,85.9029545,80.6383389,91.1675702
wgi.voice_accountability,LUX,2012,85.7630221,80.4984065,91.0276378
wgi.voice_accountability,LUX,2013,85.1513784,79.8867627,90.4159941
wgi.voice_accountability,LUX,2014,84.6404213,79.3758056,89.9050369
wgi.voice_accountability,LUX,2015,85.0386361,79.7740205,90.3032518
wgi.voice_accountability,LUX,2016,84.8223299,79.5577142,90.0869455
wgi.voice_accountability,LUX,2017,85.3027154,80.0380998,90.5673311
wgi.voice_accountability,LUX,2018,85.0313306,79.2178159,90.8448453
wgi.voice_accountability,LUX,2019,85.0505378,79.2370231,90.8640525
wgi.voice_accountability,LUX,2020,85.7963959,80.2554352,91.3373566
wgi.voice_accountability,LUX,2021,86.185478,81.4958803,90.8750756
wgi.voice_accountability,LUX,2022,86.498517,81.8089193,91.1881146
wgi.voice_accountability,LUX,2023,86.0393392,81.3051627,90.7735157
wgi.voice_accountability,LUX,2024,85.9966191,81.2624426,90.7307956
wgi.voice_accountability,LVA,1996,65.0561022,59.0475748,71.0646297
wgi.voice_accountability,LVA,1998,69.1899363,63.6217627,74.7581099
wgi.voice_accountability,LVA,2000,67.1382578,61.5700842,72.7064314
wgi.voice_accountability,LVA,2002,67.1253637,62.141733,72.1089944
wgi.voice_accountability,LVA,2003,68.3918298,63.5146335,73.2690262
wgi.voice_accountability,LVA,2004,65.7567356,60.9220756,70.5913956
wgi.voice_accountability,LVA,2005,69.0379517,64.2032917,73.8726117
wgi.voice_accountability,LVA,2006,70.4450696,65.6205907,75.2695484
wgi.voice_accountability,LVA,2007,70.4685562,65.8396414,75.0974709
wgi.voice_accountability,LVA,2008,69.6001317,64.9712169,74.2290464
wgi.voice_accountability,LVA,2009,71.7291537,67.1002389,76.3580684
wgi.voice_accountability,LVA,2010,71.7355018,67.1065871,76.3644166
wgi.voice_accountability,LVA,2011,70.1645607,65.5356459,74.7934754
wgi.voice_accountability,LVA,2012,69.0266084,64.2021295,73.8510872
wgi.voice_accountability,LVA,2013,69.1848851,64.3757262,73.994044
wgi.voice_accountability,LVA,2014,70.2553846,65.4462257,75.0645435
wgi.voice_accountability,LVA,2015,70.0312617,65.2221028,74.8404206
wgi.voice_accountability,LVA,2016,69.4619198,64.6527609,74.2710787
wgi.voice_accountability,LVA,2017,69.6048153,64.7956564,74.4139742
wgi.voice_accountability,LVA,2018,69.2005813,63.9838962,74.4172664
wgi.voice_accountability,LVA,2019,72.8394748,67.6227897,78.0561599
wgi.voice_accountability,LVA,2020,73.0508506,68.0337954,78.0679058
wgi.voice_accountability,LVA,2021,74.1953506,69.8363032,78.554398
wgi.voice_accountability,LVA,2022,75.5200195,71.1609721,79.8790669
wgi.voice_accountability,LVA,2023,76.3204346,71.9256559,80.7152133
wgi.voice_accountability,LVA,2024,76.5911683,72.1963896,80.9859471
wgi.voice_accountability,MAC,1996,59.225225,46.0530513,72.3973987
wgi.voice_accountability,MAC,1998,59.1700502,45.9978765,72.3422239
wgi.voice_accountability,MAC,2000,59.2011101,46.0289364,72.3732838
wgi.voice_accountability,MAC,2002,63.3796228,50.2074491,76.5517965
wgi.voice_accountability,MAC,2003,67.324248,54.1520743,80.4964217
wgi.voice_accountability,MAC,2004,56.4209745,43.2488008,69.5931482
wgi.voice_accountability,MAC,2005,63.6091767,50.437003,76.7813504
wgi.voice_accountability,MAC,2006,63.7963746,50.6242009,76.9685483
wgi.voice_accountability,MAC,2007,59.8458633,46.6736896,73.018037
wgi.voice_accountability,MAC,2008,59.8015522,46.6293785,72.9737259
wgi.voice_accountability,MAC,2009,69.2854772,60.599895,77.9710593
wgi.voice_accountability,MAC,2010,69.2633278,60.5777456,77.9489099
wgi.voice_accountability,MAC,2011,69.3031827,60.6176005,77.9887648
wgi.voice_accountability,MAC,2012,64.157661,55.4720788,72.8432431
wgi.voice_accountability,MAC,2013,64.1087292,55.4231471,72.7943114
wgi.voice_accountability,MAC,2014,59.0491027,50.3635206,67.7346849
wgi.voice_accountability,MAC,2015,64.1747486,55.4891665,72.8603308
wgi.voice_accountability,MAC,2016,64.1581213,55.4725391,72.8437034
wgi.voice_accountability,MAC,2017,64.1436677,55.4580856,72.8292499
wgi.voice_accountability,MAC,2018,66.0179795,55.27296,76.762999
wgi.voice_accountability,MAC,2019,66.0066081,55.2615886,76.7516277
wgi.voice_accountability,MAC,2020,65.9905706,55.2455511,76.7355901
wgi.voice_accountability,MAC,2021,58.0551994,47.3101799,68.8002189
wgi.voice_accountability,MAC,2022,58.0186419,47.2736224,68.7636615
wgi.voice_accountability,MAC,2023,57.9824695,47.23745,68.7274891
wgi.voice_accountability,MAC,2024,57.9626882,47.2176687,68.7077078
wgi.voice_accountability,MAR,1996,45.3377841,39.7696105,50.9059577
wgi.voice_accountability,MAR,1998,48.857925,43.2897514,54.4260985
wgi.voice_accountability,MAR,2000,44.5389425,39.2025544,49.8753306
wgi.voice_accountability,MAR,2002,46.4804534,41.761287,51.1996197
wgi.voice_accountability,MAR,2003,44.5401887,40.4015169,48.6788605
wgi.voice_accountability,MAR,2004,45.7540563,41.772016,49.7360966
wgi.voice_accountability,MAR,2005,44.2531094,40.3029849,48.2032339
wgi.voice_accountability,MAR,2006,45.7893466,41.8447826,49.7339105
wgi.voice_accountability,MAR,2007,45.5596264,41.6153845,49.5038683
wgi.voice_accountability,MAR,2008,44.5849076,40.7497027,48.4201125
wgi.voice_accountability,MAR,2009,44.5012632,40.6660583,48.3364681
wgi.voice_accountability,MAR,2010,47.5898259,43.754621,51.4250308
wgi.voice_accountability,MAR,2011,47.2780733,43.438001,51.1181456
wgi.voice_accountability,MAR,2012,46.5541056,42.713734,50.3944772
wgi.voice_accountability,MAR,2013,44.4695837,40.629212,48.3099553
wgi.voice_accountability,MAR,2014,45.1328737,41.2928014,48.9729461
wgi.voice_accountability,MAR,2015,45.5432686,41.7031963,49.3833409
wgi.voice_accountability,MAR,2016,46.8373396,42.8555374,50.8191419
wgi.voice_accountability,MAR,2017,45.9613418,41.9923479,49.9303357
wgi.voice_accountability,MAR,2018,44.7185286,40.5229159,48.9141412
wgi.voice_accountability,MAR,2019,45.1810581,40.9854454,49.3766707
wgi.voice_accountability,MAR,2020,44.6737257,40.4651559,48.8822954
wgi.voice_accountability,MAR,2021,44.6520174,40.4434476,48.8605871
wgi.voice_accountability,MAR,2022,44.6744083,40.4658385,48.882978
wgi.voice_accountability,MAR,2023,44.144895,39.9041977,48.3855923
wgi.voice_accountability,MAR,2024,44.1300931,39.8893958,48.3707904
wgi.voice_accountability,MCO,1996,76.6540705,65.9940063,87.3141347
wgi.voice_accountability,MCO,1998,76.6179331,65.957869,87.2779973
wgi.voice_accountability,MCO,2000,76.6382763,65.9782121,87.2983405
wgi.voice_accountability,MCO,2002,74.4429006,63.7828364,85.1029648
wgi.voice_accountability,MCO,2003,72.5073756,61.8473114,83.1674398
wgi.voice_accountability,MCO,2004,72.0527274,61.3926632,82.7127916
wgi.voice_accountability,MCO,2005,72.5023856,61.8423214,83.1624498
wgi.voice_accountability,MCO,2006,72.6249906,61.9649264,83.2850548
wgi.voice_accountability,MCO,2007,72.5894903,61.9294261,83.2495545
wgi.voice_accountability,MCO,2008,72.5604676,61.9004035,83.2205318
wgi.voice_accountability,MCO,2009,72.5662155,61.9061513,83.2262797
wgi.voice_accountability,MCO,2010,74.125605,63.4655408,84.7856692
wgi.voice_accountability,MCO,2011,69.4073715,58.7473073,80.0674357
wgi.voice_accountability,MCO,2012,69.3573249,58.6972607,80.0173891
wgi.voice_accountability,MCO,2013,70.156135,59.4960708,80.8161992
wgi.voice_accountability,MCO,2014,70.2354755,59.5754113,80.8955397
wgi.voice_accountability,MCO,2015,70.2555806,59.5955164,80.9156448
wgi.voice_accountability,MCO,2016,68.9067163,58.2466521,79.5667805
wgi.voice_accountability,MCO,2017,68.2832076,57.6231434,78.9432718
wgi.voice_accountability,MCO,2018,71.0183461,58.9821365,83.0545557
wgi.voice_accountability,MCO,2019,72.2826174,60.2464077,84.318827
wgi.voice_accountability,MCO,2020,72.262493,60.2262834,84.2987027
wgi.voice_accountability,MCO,2021,72.6342476,60.598038,84.6704573
wgi.voice_accountability,MCO,2022,72.5883771,60.5521675,84.6245868
wgi.voice_accountability,MCO,2023,71.52016,59.4839503,83.5563696
wgi.voice_accountability,MCO,2024,71.4953397,59.45913,83.5315493
wgi.voice_accountability,MDA,1996,54.3612693,48.3527419,60.3697968
wgi.voice_accountability,MDA,1998,55.2299739,49.6618003,60.7981475
wgi.voice_accountability,MDA,2000,52.6799067,47.4519115,57.9079019
wgi.voice_accountability,MDA,2002,47.6514714,42.8702762,52.4326666
wgi.voice_accountability,MDA,2003,48.1961559,43.5091836,52.8831281
wgi.voice_accountability,MDA,2004,50.2619116,45.5928164,54.9310069
wgi.voice_accountability,MDA,2005,49.484206,44.95536,54.0130521
wgi.voice_accountability,MDA,2006,55.1208003,50.6003257,59.6412749
wgi.voice_accountability,MDA,2007,55.1868197,50.8284094,59.54523
wgi.voice_accountability,MDA,2008,54.7594702,50.4010599,59.1178805
wgi.voice_accountability,MDA,2009,53.4999771,49.1415668,57.8583874
wgi.voice_accountability,MDA,2010,58.3125,53.9540897,62.6709103
wgi.voice_accountability,MDA,2011,60.9176947,56.5592844,65.276105
wgi.voice_accountability,MDA,2012,57.226404,53.3203578,61.1324502
wgi.voice_accountability,MDA,2013,55.6493878,51.6279651,59.6708104
wgi.voice_accountability,MDA,2014,56.259087,52.2376643,60.2805096
wgi.voice_accountability,MDA,2015,55.7249705,51.7035479,59.7463931
wgi.voice_accountability,MDA,2016,55.0295319,51.0409737,59.0180901
wgi.voice_accountability,MDA,2017,54.9146893,50.9261311,58.9032475
wgi.voice_accountability,MDA,2018,53.9131409,49.7011704,58.1251113
wgi.voice_accountability,MDA,2019,54.2085479,49.9965774,58.4205183
wgi.voice_accountability,MDA,2020,55.3022521,51.0771688,59.5273355
wgi.voice_accountability,MDA,2021,57.2917951,53.0667117,61.5168784
wgi.voice_accountability,MDA,2022,58.3756542,54.1505709,62.6007375
wgi.voice_accountability,MDA,2023,61.4510078,57.1427544,65.7592612
wgi.voice_accountability,MDA,2024,61.8150333,57.5067799,66.1232867
wgi.voice_accountability,MDG,1996,53.423402,47.0684127,59.7783912
wgi.voice_accountability,MDG,1998,55.3891923,49.034203,61.7441815
wgi.voice_accountability,MDG,2000,54.5243068,48.5076091,60.5410044
wgi.voice_accountability,MDG,2002,52.069889,46.8397987,57.2999792
wgi.voice_accountability,MDG,2003,54.5523948,49.3822208,59.7225687
wgi.voice_accountability,MDG,2004,54.2770018,49.2733255,59.2806782
wgi.voice_accountability,MDG,2005,54.7131779,50.0865052,59.3398506
wgi.voice_accountability,MDG,2006,55.5600148,51.272101,59.8479286
wgi.voice_accountability,MDG,2007,56.8731075,52.5851938,61.1610213
wgi.voice_accountability,MDG,2008,51.3043249,47.0164111,55.5922386
wgi.voice_accountability,MDG,2009,43.2857381,38.9978243,47.5736518
wgi.voice_accountability,MDG,2010,43.2096512,39.3710999,47.0482026
wgi.voice_accountability,MDG,2011,43.3819825,39.5434311,47.2205339
wgi.voice_accountability,MDG,2012,42.2024478,38.6837544,45.7211411
wgi.voice_accountability,MDG,2013,41.55711,38.1164865,44.9977335
wgi.voice_accountability,MDG,2014,44.0165912,40.5759677,47.4572148
wgi.voice_accountability,MDG,2015,45.0142961,41.2612322,48.7673601
wgi.voice_accountability,MDG,2016,45.2602061,41.4164512,49.103961
wgi.voice_accountability,MDG,2017,45.0151957,41.1714409,48.8589506
wgi.voice_accountability,MDG,2018,46.7110627,42.6685635,50.7535618
wgi.voice_accountability,MDG,2019,47.4902385,43.4477393,51.5327376
wgi.voice_accountability,MDG,2020,48.5473083,44.4932243,52.6013923
wgi.voice_accountability,MDG,2021,47.1096783,43.0555943,51.1637624
wgi.voice_accountability,MDG,2022,47.5054761,43.4226968,51.5882555
wgi.voice_accountability,MDG,2023,46.2565335,42.1737542,50.3393129
wgi.voice_accountability,MDG,2024,44.153487,40.0707076,48.2362663
wgi.voice_accountability,MDV,1996,41.0797944,34.044998,48.1145908
wgi.voice_accountability,MDV,1998,42.056575,35.0217786,49.0913714
wgi.voice_accountability,MDV,2000,42.2360158,35.2012194,49.2708122
wgi.voice_accountability,MDV,2002,43.121864,36.0870676,50.1566604
wgi.voice_accountability,MDV,2003,39.8173591,33.0727977,46.5619205
wgi.voice_accountability,MDV,2004,35.5561331,28.864522,42.2477442
wgi.voice_accountability,MDV,2005,42.4359187,36.030384,48.8414534
wgi.voice_accountability,MDV,2006,42.9768016,36.571267,49.3823363
wgi.voice_accountability,MDV,2007,44.9165027,38.510968,51.3220374
wgi.voice_accountability,MDV,2008,52.6096885,46.2041538,59.0152232
wgi.voice_accountability,MDV,2009,56.7753701,50.3698355,63.1809048
wgi.voice_accountability,MDV,2010,56.3656036,49.9600689,62.7711383
wgi.voice_accountability,MDV,2011,55.3197371,48.9142025,61.7252718
wgi.voice_accountability,MDV,2012,50.7997159,44.3941812,57.2052505
wgi.voice_accountability,MDV,2013,47.8319956,41.4264609,54.2375302
wgi.voice_accountability,MDV,2014,47.5883207,41.182786,53.9938553
wgi.voice_accountability,MDV,2015,46.7090184,40.3034837,53.114553
wgi.voice_accountability,MDV,2016,45.6578661,39.2059341,52.1097982
wgi.voice_accountability,MDV,2017,43.7265697,37.2746377,50.1785018
wgi.voice_accountability,MDV,2018,44.0948379,36.5422513,51.6474244
wgi.voice_accountability,MDV,2019,51.0963725,43.543786,58.6489591
wgi.voice_accountability,MDV,2020,54.6763019,47.1237153,62.2288884
wgi.voice_accountability,MDV,2021,54.4479574,47.4613471,61.4345677
wgi.voice_accountability,MDV,2022,52.9265378,45.9399275,59.9131481
wgi.voice_accountability,MDV,2023,53.323503,46.3368927,60.3101133
wgi.voice_accountability,MDV,2024,49.6404035,42.6537932,56.6270138
wgi.voice_accountability,MEX,1996,56.2777901,50.7376608,61.8179195
wgi.voice_accountability,MEX,1998,57.3297107,51.7895814,62.8698401
wgi.voice_accountability,MEX,2000,59.7257822,54.1856529,65.2659116
wgi.voice_accountability,MEX,2002,61.9995323,57.1412142,66.8578504
wgi.voice_accountability,MEX,2003,62.790209,57.9318908,67.6485271
wgi.voice_accountability,MEX,2004,64.4013061,59.5638247,69.2387875
wgi.voice_accountability,MEX,2005,64.4242694,59.643685,69.2048537
wgi.voice_accountability,MEX,2006,62.5690265,57.9876398,67.1504133
wgi.voice_accountability,MEX,2007,61.9502418,57.368855,66.5316285
wgi.voice_accountability,MEX,2008,61.5166544,56.9352676,66.0980411
wgi.voice_accountability,MEX,2009,62.9155373,58.8707384,66.9603363
wgi.voice_accountability,MEX,2010,62.151951,58.107152,66.1967499
wgi.voice_accountability,MEX,2011,59.4919647,55.816456,63.1674734
wgi.voice_accountability,MEX,2012,59.6728967,55.997388,63.3484054
wgi.voice_accountability,MEX,2013,59.3073064,55.5361589,63.078454
wgi.voice_accountability,MEX,2014,57.8848529,54.1137054,61.6560004
wgi.voice_accountability,MEX,2015,55.7132281,51.5186603,59.9077958
wgi.voice_accountability,MEX,2016,55.1016159,50.9070481,59.2961836
wgi.voice_accountability,MEX,2017,54.3681548,50.278567,58.4577426
wgi.voice_accountability,MEX,2018,56.0204965,51.6890191,60.351974
wgi.voice_accountability,MEX,2019,55.7300707,51.3985933,60.0615482
wgi.voice_accountability,MEX,2020,55.2464122,50.9006737,59.5921507
wgi.voice_accountability,MEX,2021,53.808532,49.4627935,58.1542705
wgi.voice_accountability,MEX,2022,52.639392,48.2936535,56.9851305
wgi.voice_accountability,MEX,2023,52.4429755,48.0618365,56.8241146
wgi.voice_accountability,MEX,2024,50.9282349,46.5470958,55.3093739
wgi.voice_accountability,MHL,1996,79.3819385,68.7218743,90.0420026
wgi.voice_accountability,MHL,1998,79.3458028,68.6857386,90.005867
wgi.voice_accountability,MHL,2000,79.3661442,68.70608,90.0262084
wgi.voice_accountability,MHL,2002,76.1545092,65.4944451,86.8145734
wgi.voice_accountability,MHL,2003,76.4001042,65.74004,87.0601684
wgi.voice_accountability,MHL,2004,76.2128905,65.5528264,86.8729547
wgi.voice_accountability,MHL,2005,75.9598938,65.3038097,86.6159779
wgi.voice_accountability,MHL,2006,75.6986779,65.0425938,86.354762
wgi.voice_accountability,MHL,2007,75.6632039,65.0071197,86.319288
wgi.voice_accountability,MHL,2008,75.3335602,64.6774761,85.9896444
wgi.voice_accountability,MHL,2009,74.1474656,63.6966104,84.5983208
wgi.voice_accountability,MHL,2010,74.1153975,63.6645423,84.5662527
wgi.voice_accountability,MHL,2011,72.1194259,62.6654863,81.5733656
wgi.voice_accountability,MHL,2012,72.0800646,62.6261249,81.5340042
wgi.voice_accountability,MHL,2013,72.2475389,62.7935992,81.7014786
wgi.voice_accountability,MHL,2014,72.1972192,62.7432796,81.6511589
wgi.voice_accountability,MHL,2015,73.3632858,63.7582366,82.968335
wgi.voice_accountability,MHL,2016,73.2265966,63.6215475,82.8316458
wgi.voice_accountability,MHL,2017,73.2089191,63.6038699,82.8139683
wgi.voice_accountability,MHL,2018,72.7190699,62.1440521,83.2940878
wgi.voice_accountability,MHL,2019,73.2477274,64.0797644,82.4156904
wgi.voice_accountability,MHL,2020,69.0287174,59.8607544,78.1966804
wgi.voice_accountability,MHL,2021,68.9476896,59.7797266,78.1156526
wgi.voice_accountability,MHL,2022,68.9210753,59.7531123,78.0890383
wgi.voice_accountability,MHL,2023,68.8947411,59.7267781,78.0627041
wgi.voice_accountability,MHL,2024,73.5538039,64.3858409,82.7217669
wgi.voice_accountability,MKD,1996,46.0140698,40.0055423,52.0225973
wgi.voice_accountability,MKD,1998,48.7853894,42.7768619,54.7939169
wgi.voice_accountability,MKD,2000,46.0054026,40.418104,51.5927011
wgi.voice_accountability,MKD,2002,49.223825,44.1724492,54.2752008
wgi.voice_accountability,MKD,2003,52.4286935,47.5386609,57.3187262
wgi.voice_accountability,MKD,2004,55.1520685,50.28233,60.0218071
wgi.voice_accountability,MKD,2005,57.7261858,52.8564473,62.5959244
wgi.voice_accountability,MKD,2006,61.1406922,56.2813589,66.0000254
wgi.voice_accountability,MKD,2007,61.7963477,57.0352821,66.5574132
wgi.voice_accountability,MKD,2008,60.6065057,56.0336864,65.179325
wgi.voice_accountability,MKD,2009,60.2634237,55.6906044,64.836243
wgi.voice_accountability,MKD,2010,55.4600266,50.8872073,60.0328459
wgi.voice_accountability,MKD,2011,52.7305379,48.1577186,57.3033572
wgi.voice_accountability,MKD,2012,56.5382814,52.4801421,60.5964208
wgi.voice_accountability,MKD,2013,54.9348259,50.733952,59.1356998
wgi.voice_accountability,MKD,2014,53.6878471,49.4869732,57.888721
wgi.voice_accountability,MKD,2015,52.4087249,48.207851,56.6095988
wgi.voice_accountability,MKD,2016,51.4564372,47.2555633,55.6573111
wgi.voice_accountability,MKD,2017,52.075271,47.8743971,56.2761449
wgi.voice_accountability,MKD,2018,54.7923976,50.328029,59.2567663
wgi.voice_accountability,MKD,2019,54.8005573,50.3361887,59.2649259
wgi.voice_accountability,MKD,2020,55.2317959,50.7674273,59.6961645
wgi.voice_accountability,MKD,2021,56.5741685,52.0713959,61.0769411
wgi.voice_accountability,MKD,2022,56.767599,52.2648265,61.2703716
wgi.voice_accountability,MKD,2023,56.8296156,52.326843,61.3323882
wgi.voice_accountability,MKD,2024,58.1398502,53.6370776,62.6426228
wgi.voice_accountability,MLI,1996,56.70937,50.3543808,63.0643592
wgi.voice_accountability,MLI,1998,51.9306322,45.5756429,58.2856214
wgi.voice_accountability,MLI,2000,52.0170175,46.0003198,58.0337151
wgi.voice_accountability,MLI,2002,58.9823745,53.7812088,64.1835401
wgi.voice_accountability,MLI,2003,60.1104782,54.9682504,65.2527059
wgi.voice_accountability,MLI,2004,60.7961504,55.8178177,65.7744831
wgi.voice_accountability,MLI,2005,60.4397507,55.813078,65.0664234
wgi.voice_accountability,MLI,2006,61.3897228,57.1018091,65.6776366
wgi.voice_accountability,MLI,2007,60.8555486,56.5676348,65.1434624
wgi.voice_accountability,MLI,2008,59.9784744,55.6905606,64.2663882
wgi.voice_accountability,MLI,2009,58.2632795,54.0151419,62.5114171
wgi.voice_accountability,MLI,2010,57.3557422,53.5458056,61.1656787
wgi.voice_accountability,MLI,2011,57.3835011,53.5735646,61.1934377
wgi.voice_accountability,MLI,2012,48.8401039,45.0301674,52.6500405
wgi.voice_accountability,MLI,2013,50.4571256,46.7457333,54.1685179
wgi.voice_accountability,MLI,2014,52.7963525,49.0849602,56.5077448
wgi.voice_accountability,MLI,2015,50.92391,46.8111139,55.0367061
wgi.voice_accountability,MLI,2016,50.9538288,46.6814537,55.2262038
wgi.voice_accountability,MLI,2017,50.422609,46.1502339,54.694984
wgi.voice_accountability,MLI,2018,48.4652409,43.9147688,53.015713
wgi.voice_accountability,MLI,2019,47.9812463,43.4307742,52.5317184
wgi.voice_accountability,MLI,2020,45.366532,40.7995147,49.9335492
wgi.voice_accountability,MLI,2021,42.6452765,38.5911925,46.6993605
wgi.voice_accountability,MLI,2022,39.7230907,35.6690067,43.7771747
wgi.voice_accountability,MLI,2023,37.5193155,33.4365362,41.6020949
wgi.voice_accountability,MLI,2024,35.478072,31.3952926,39.5608513
wgi.voice_accountability,MLT,1996,75.4030574,69.0480682,81.7580466
wgi.voice_accountability,MLT,1998,75.3876324,69.0326432,81.7426217
wgi.voice_accountability,MLT,2000,75.5659443,69.2109551,81.9209335
wgi.voice_accountability,MLT,2002,75.593614,69.2386248,81.9486032
wgi.voice_accountability,MLT,2003,78.1029213,71.8545538,84.3512889
wgi.voice_accountability,MLT,2004,77.397347,71.2376785,83.5570154
wgi.voice_accountability,MLT,2005,78.8744958,72.7148273,85.0341642
wgi.voice_accountability,MLT,2006,77.5292877,72.0939055,82.9646699
wgi.voice_accountability,MLT,2007,78.2659623,72.8305801,83.7013445
wgi.voice_accountability,MLT,2008,79.8134098,74.3780276,85.248792
wgi.voice_accountability,MLT,2009,78.7654938,73.4807625,84.0502251
wgi.voice_accountability,MLT,2010,78.4349943,73.150263,83.7197256
wgi.voice_accountability,MLT,2011,77.2271073,71.942376,82.5118386
wgi.voice_accountability,MLT,2012,77.2153298,71.9305986,82.5000611
wgi.voice_accountability,MLT,2013,78.0578717,72.7731404,83.3426029
wgi.voice_accountability,MLT,2014,77.376302,72.0915707,82.6610333
wgi.voice_accountability,MLT,2015,77.6273822,72.3426509,82.9121135
wgi.voice_accountability,MLT,2016,77.2159232,71.9311919,82.5006545
wgi.voice_accountability,MLT,2017,76.5685656,71.2838343,81.8532969
wgi.voice_accountability,MLT,2018,77.2139559,71.3733176,83.0545942
wgi.voice_accountability,MLT,2019,76.3243114,70.4836731,82.1649497
wgi.voice_accountability,MLT,2020,77.1710923,71.6066625,82.7355221
wgi.voice_accountability,MLT,2021,74.5309784,69.8271774,79.2347793
wgi.voice_accountability,MLT,2022,74.7035494,69.9997485,79.4073503
wgi.voice_accountability,MLT,2023,73.6772822,68.9284964,78.426068
wgi.voice_accountability,MLT,2024,72.9801616,68.2313758,77.7289474
wgi.voice_accountability,MMR,1996,19.2882557,13.7200821,24.8564293
wgi.voice_accountability,MMR,1998,18.4135565,12.845383,23.9817301
wgi.voice_accountability,MMR,2000,17.5915171,12.0233436,23.1596907
wgi.voice_accountability,MMR,2002,18.8768107,13.9494137,23.8042076
wgi.voice_accountability,MMR,2003,18.0914722,13.1640753,23.0188692
wgi.voice_accountability,MMR,2004,17.8039711,12.8973356,22.7106066
wgi.voice_accountability,MMR,2005,18.4629031,13.5562676,23.3695386
wgi.voice_accountability,MMR,2006,19.7783096,14.8716741,24.6849451
wgi.voice_accountability,MMR,2007,19.8433314,14.9366959,24.7499669
wgi.voice_accountability,MMR,2008,19.265723,14.3590875,24.1723585
wgi.voice_accountability,MMR,2009,19.4335981,14.5269626,24.3402336
wgi.voice_accountability,MMR,2010,28.7777919,23.8711564,33.6844274
wgi.voice_accountability,MMR,2011,31.0684599,26.8441747,35.2927451
wgi.voice_accountability,MMR,2012,31.5203864,27.2961012,35.7446717
wgi.voice_accountability,MMR,2013,32.3501917,28.6188448,36.0815386
wgi.voice_accountability,MMR,2014,33.3784507,29.6472753,37.109626
wgi.voice_accountability,MMR,2015,34.4122457,30.6854109,38.1390804
wgi.voice_accountability,MMR,2016,40.3548903,36.2210492,44.4887314
wgi.voice_accountability,MMR,2017,38.1566162,34.0291442,42.2840881
wgi.voice_accountability,MMR,2018,38.9367563,34.5601925,43.3133202
wgi.voice_accountability,MMR,2019,39.8672009,35.490637,44.2437648
wgi.voice_accountability,MMR,2020,40.913533,36.4857218,45.3413441
wgi.voice_accountability,MMR,2021,31.9572258,27.5294146,36.385037
wgi.voice_accountability,MMR,2022,24.5647485,20.1369374,28.9925597
wgi.voice_accountability,MMR,2023,21.8520623,17.4242511,26.2798734
wgi.voice_accountability,MMR,2024,19.6638013,15.2287074,24.0988953
wgi.voice_accountability,MNE,1998,48.1266395,36.933446,59.319833
wgi.voice_accountability,MNE,2000,45.5792415,36.5682408,54.5902421
wgi.voice_accountability,MNE,2002,55.6958796,46.6848789,64.7068803
wgi.voice_accountability,MNE,2003,51.7281529,44.2847451,59.1715606
wgi.voice_accountability,MNE,2004,51.5203843,44.0769766,58.9637921
wgi.voice_accountability,MNE,2005,52.4703074,45.0268997,59.9137152
wgi.voice_accountability,MNE,2006,62.161047,57.1772465,67.1448475
wgi.voice_accountability,MNE,2007,61.1545471,56.2226713,66.086423
wgi.voice_accountability,MNE,2008,60.8872334,56.2097912,65.5646755
wgi.voice_accountability,MNE,2009,60.5835494,55.9061073,65.2609916
wgi.voice_accountability,MNE,2010,56.1707326,51.4932905,60.8481748
wgi.voice_accountability,MNE,2011,56.3330507,51.6931672,60.9729343
wgi.voice_accountability,MNE,2012,60.3681078,55.7282242,65.0079914
wgi.voice_accountability,MNE,2013,59.8086127,54.9717106,64.6455148
wgi.voice_accountability,MNE,2014,60.251844,55.4149419,65.0887461
wgi.voice_accountability,MNE,2015,60.2857813,55.4685223,65.1030404
wgi.voice_accountability,MNE,2016,58.632918,53.815659,63.4501771
wgi.voice_accountability,MNE,2017,59.7767845,54.9595254,64.5940435
wgi.voice_accountability,MNE,2018,58.8180664,53.5910355,64.0450972
wgi.voice_accountability,MNE,2019,58.4522696,53.2252388,63.6793004
wgi.voice_accountability,MNE,2020,58.5633474,53.3111988,63.815496
wgi.voice_accountability,MNE,2021,58.3565205,53.1043718,63.6086691
wgi.voice_accountability,MNE,2022,60.0068389,54.7546903,65.2589876
wgi.voice_accountability,MNE,2023,60.6166151,56.1138426,65.1193877
wgi.voice_accountability,MNE,2024,63.6919617,59.1891891,68.1947343
wgi.voice_accountability,MNG,1996,63.1394484,56.7844592,69.4944376
wgi.voice_accountability,MNG,1998,64.6512259,58.2962367,71.0062151
wgi.voice_accountability,MNG,2000,60.7486452,54.3936559,67.1036344
wgi.voice_accountability,MNG,2002,61.1650504,55.7173202,66.6127806
wgi.voice_accountability,MNG,2003,61.934073,56.4998214,67.3683245
wgi.voice_accountability,MNG,2004,62.507269,57.1008289,67.9137091
wgi.voice_accountability,MNG,2005,60.7246703,55.6033107,65.8460298
wgi.voice_accountability,MNG,2006,61.5038426,56.8218847,66.1858004
wgi.voice_accountability,MNG,2007,62.2268529,57.5541434,66.8995624
wgi.voice_accountability,MNG,2008,60.6611782,55.9884687,65.3338877
wgi.voice_accountability,MNG,2009,60.2403029,55.7459385,64.7346673
wgi.voice_accountability,MNG,2010,60.8093928,56.3150284,65.3037572
wgi.voice_accountability,MNG,2011,60.429055,55.9346906,64.9234193
wgi.voice_accountability,MNG,2012,57.6785931,53.6755848,61.6816013
wgi.voice_accountability,MNG,2013,58.3568863,54.2294143,62.4843582
wgi.voice_accountability,MNG,2014,59.994974,55.867502,64.1224459
wgi.voice_accountability,MNG,2015,59.8995259,55.7816576,64.0173943
wgi.voice_accountability,MNG,2016,60.5219512,56.4040828,64.6398195
wgi.voice_accountability,MNG,2017,60.3050446,56.1871762,64.4229129
wgi.voice_accountability,MNG,2018,59.7371658,55.3720503,64.1022813
wgi.voice_accountability,MNG,2019,59.6153397,55.2502242,63.9804553
wgi.voice_accountability,MNG,2020,60.0294539,55.6497396,64.4091682
wgi.voice_accountability,MNG,2021,59.4404759,55.0607616,63.8201902
wgi.voice_accountability,MNG,2022,59.2436569,54.8639426,63.6233712
wgi.voice_accountability,MNG,2023,59.7014695,55.1952962,64.2076428
wgi.voice_accountability,MNG,2024,59.0704348,54.5642614,63.5766081
wgi.voice_accountability,MOZ,1996,51.2933893,45.7252157,56.8615629
wgi.voice_accountability,MOZ,1998,51.3347582,45.7665846,56.9029318
wgi.voice_accountability,MOZ,2000,50.8864197,45.5500316,56.2228078
wgi.voice_accountability,MOZ,2002,51.8293435,47.0866433,56.5720437
wgi.voice_accountability,MOZ,2003,53.5039327,48.8060476,58.2018177
wgi.voice_accountability,MOZ,2004,55.0648834,51.0266006,59.1031662
wgi.voice_accountability,MOZ,2005,57.1057401,53.2620675,60.9494127
wgi.voice_accountability,MOZ,2006,56.6594809,52.9216546,60.3973072
wgi.voice_accountability,MOZ,2007,55.7885868,52.0507605,59.5264131
wgi.voice_accountability,MOZ,2008,55.3081855,51.5703592,59.0460118
wgi.voice_accountability,MOZ,2009,54.5198804,50.8084881,58.2312727
wgi.voice_accountability,MOZ,2010,51.2989166,47.5875243,55.0103089
wgi.voice_accountability,MOZ,2011,49.8903565,46.1789642,53.6017488
wgi.voice_accountability,MOZ,2012,51.6154386,47.367301,55.8635762
wgi.voice_accountability,MOZ,2013,50.3088936,46.1960974,54.4216897
wgi.voice_accountability,MOZ,2014,50.1373132,46.024517,54.2501093
wgi.voice_accountability,MOZ,2015,49.7449284,45.6321322,53.8577245
wgi.voice_accountability,MOZ,2016,46.7149692,42.5879156,50.8420229
wgi.voice_accountability,MOZ,2017,46.4897262,42.4760309,50.5034215
wgi.voice_accountability,MOZ,2018,45.4370267,41.195421,49.6786324
wgi.voice_accountability,MOZ,2019,44.385892,40.1442863,48.6274977
wgi.voice_accountability,MOZ,2020,45.8084278,41.3680901,50.2487655
wgi.voice_accountability,MOZ,2021,43.0854098,39.1263398,47.0444798
wgi.voice_accountability,MOZ,2022,43.2426137,39.2708299,47.2143975
wgi.voice_accountability,MOZ,2023,42.7439695,38.7581872,46.7297518
wgi.voice_accountability,MOZ,2024,39.2482884,35.2625061,43.2340707
wgi.voice_accountability,MRT,1996,40.3803826,33.3455862,47.415179
wgi.voice_accountability,MRT,1998,39.8849467,32.8501503,46.9197431
wgi.voice_accountability,MRT,2000,38.6656743,32.081805,45.2495436
wgi.voice_accountability,MRT,2002,42.2132713,35.8691476,48.557395
wgi.voice_accountability,MRT,2003,42.2709262,35.9268026,48.6150499
wgi.voice_accountability,MRT,2004,36.7673823,31.8200711,41.7146936
wgi.voice_accountability,MRT,2005,40.5441849,35.942441,45.1459288
wgi.voice_accountability,MRT,2006,44.3829446,40.3958758,48.3700133
wgi.voice_accountability,MRT,2007,48.4840981,44.4970293,52.4711668
wgi.voice_accountability,MRT,2008,42.4086218,38.4215531,46.3956906
wgi.voice_accountability,MRT,2009,40.8721728,36.8851041,44.8592416
wgi.voice_accountability,MRT,2010,44.6249305,40.6378618,48.6119992
wgi.voice_accountability,MRT,2011,45.2276287,41.24056,49.2146974
wgi.voice_accountability,MRT,2012,41.5144529,37.016448,46.0124578
wgi.voice_accountability,MRT,2013,40.3297077,35.991448,44.6679674
wgi.voice_accountability,MRT,2014,40.7916229,36.4533632,45.1298826
wgi.voice_accountability,MRT,2015,40.7024897,36.36423,45.0407494
wgi.voice_accountability,MRT,2016,40.6957687,36.1689635,45.222574
wgi.voice_accountability,MRT,2017,39.8466792,35.319874,44.3734845
wgi.voice_accountability,MRT,2018,40.4192924,35.5575876,45.2809973
wgi.voice_accountability,MRT,2019,41.5742134,36.7125085,46.4359183
wgi.voice_accountability,MRT,2020,42.8671433,37.9852475,47.749039
wgi.voice_accountability,MRT,2021,41.1961929,36.9266725,45.4657133
wgi.voice_accountability,MRT,2022,41.3894974,37.136158,45.6428368
wgi.voice_accountability,MRT,2023,42.1672888,37.8807787,46.4537988
wgi.voice_accountability,MRT,2024,40.6539238,36.3674137,44.9404339
wgi.voice_accountability,MUS,1996,70.2270586,63.6482038,76.8059134
wgi.voice_accountability,MUS,1998,71.7321554,65.1533005,78.3110102
wgi.voice_accountability,MUS,2000,71.7150502,65.5094149,77.9206854
wgi.voice_accountability,MUS,2002,69.467111,63.9781064,74.9561156
wgi.voice_accountability,MUS,2003,71.8120227,66.3230181,77.3010273
wgi.voice_accountability,MUS,2004,71.5517992,66.5948195,76.5087789
wgi.voice_accountability,MUS,2005,72.3890168,67.4320371,77.3459964
wgi.voice_accountability,MUS,2006,73.2124879,68.2555082,78.1694675
wgi.voice_accountability,MUS,2007,73.5529515,68.5959719,78.5099312
wgi.voice_accountability,MUS,2008,72.7474397,67.7904601,77.7044194
wgi.voice_accountability,MUS,2009,72.1784531,67.2214734,77.1354327
wgi.voice_accountability,MUS,2010,69.3994901,64.4425105,74.3564698
wgi.voice_accountability,MUS,2011,69.5008715,64.5793467,74.4223964
wgi.voice_accountability,MUS,2012,71.172494,66.2509691,76.0940189
wgi.voice_accountability,MUS,2013,71.0384512,66.3240298,75.7528726
wgi.voice_accountability,MUS,2014,71.5051166,66.7906951,76.219538
wgi.voice_accountability,MUS,2015,70.852209,66.1377875,75.5666304
wgi.voice_accountability,MUS,2016,71.1605276,66.4461061,75.874949
wgi.voice_accountability,MUS,2017,70.5670672,65.8526457,75.2814886
wgi.voice_accountability,MUS,2018,70.4726797,65.3762892,75.5690702
wgi.voice_accountability,MUS,2019,66.106038,61.0096475,71.2024285
wgi.voice_accountability,MUS,2020,65.4279793,60.308314,70.5476447
wgi.voice_accountability,MUS,2021,63.3136122,58.88777,67.7394543
wgi.voice_accountability,MUS,2022,62.8478604,58.4220183,67.2737026
wgi.voice_accountability,MUS,2023,62.0385926,57.5753371,66.5018481
wgi.voice_accountability,MUS,2024,63.3059881,58.8427326,67.7692435
wgi.voice_accountability,MWI,1996,53.5267121,47.9585386,59.0948857
wgi.voice_accountability,MWI,1998,54.7286973,49.1605237,60.2968709
wgi.voice_accountability,MWI,2000,51.0172123,45.6808242,56.3536004
wgi.voice_accountability,MWI,2002,44.6097191,39.8670189,49.3524193
wgi.voice_accountability,MWI,2003,45.7998148,41.1019298,50.4976999
wgi.voice_accountability,MWI,2004,47.8985365,43.3266099,52.4704632
wgi.voice_accountability,MWI,2005,50.7814975,46.9665535,54.5964415
wgi.voice_accountability,MWI,2006,53.1704105,49.3604739,56.980347
wgi.voice_accountability,MWI,2007,54.10019,50.3887977,57.8115822
wgi.voice_accountability,MWI,2008,53.537772,49.8263797,57.2491643
wgi.voice_accountability,MWI,2009,55.1161989,51.4048066,58.8275912
wgi.voice_accountability,MWI,2010,52.1034413,48.392049,55.8148335
wgi.voice_accountability,MWI,2011,51.160878,47.4494857,54.8722702
wgi.voice_accountability,MWI,2012,52.7895721,49.369598,56.2095462
wgi.voice_accountability,MWI,2013,52.6276933,49.2077192,56.0476674
wgi.voice_accountability,MWI,2014,54.0271416,50.6071675,57.4471157
wgi.voice_accountability,MWI,2015,54.3576533,50.6313472,58.0839595
wgi.voice_accountability,MWI,2016,53.4676255,49.6238706,57.3113804
wgi.voice_accountability,MWI,2017,53.0407993,49.1970444,56.8845542
wgi.voice_accountability,MWI,2018,52.9267058,48.8842067,56.9692049
wgi.voice_accountability,MWI,2019,52.0734437,48.0309446,56.1159429
wgi.voice_accountability,MWI,2020,55.3580641,51.3039801,59.4121481
wgi.voice_accountability,MWI,2021,55.5239492,51.4698652,59.5780332
wgi.voice_accountability,MWI,2022,55.460914,51.4068299,59.514998
wgi.voice_accountability,MWI,2023,55.5981702,51.5153909,59.6809496
wgi.voice_accountability,MWI,2024,54.933872,50.8510927,59.0166514
wgi.voice_accountability,MYS,1996,46.2366034,40.6919444,51.7812624
wgi.voice_accountability,MYS,1998,44.897348,39.352689,50.442007
wgi.voice_accountability,MYS,2000,41.6684661,36.1238071,47.2131251
wgi.voice_accountability,MYS,2002,45.9650576,41.1036888,50.8264264
wgi.voice_accountability,MYS,2003,48.9585485,44.7249572,53.1921398
wgi.voice_accountability,MYS,2004,48.5338331,44.3134317,52.7542345
wgi.voice_accountability,MYS,2005,50.1870657,45.9666643,54.4074671
wgi.voice_accountability,MYS,2006,50.6245527,46.4109317,54.8381736
wgi.voice_accountability,MYS,2007,50.1819357,46.0121533,54.3517182
wgi.voice_accountability,MYS,2008,49.7924389,45.6226564,53.9622213
wgi.voice_accountability,MYS,2009,50.075048,45.9052656,54.2448305
wgi.voice_accountability,MYS,2010,52.4641675,48.4225978,56.5057373
wgi.voice_accountability,MYS,2011,51.6149853,47.9418989,55.2880716
wgi.voice_accountability,MYS,2012,50.1194326,46.4463463,53.7925189
wgi.voice_accountability,MYS,2013,49.8898122,46.1212795,53.6583449
wgi.voice_accountability,MYS,2014,49.6764394,45.9079067,53.444972
wgi.voice_accountability,MYS,2015,49.0773257,44.8863582,53.2682932
wgi.voice_accountability,MYS,2016,48.8686207,44.6776532,53.0595882
wgi.voice_accountability,MYS,2017,49.4868804,45.2959129,53.6778479
wgi.voice_accountability,MYS,2018,53.7456963,49.2932136,58.198179
wgi.voice_accountability,MYS,2019,55.9637202,51.6362071,60.2912334
wgi.voice_accountability,MYS,2020,54.0858379,49.7366864,58.4349894
wgi.voice_accountability,MYS,2021,52.4439277,48.102192,56.7856633
wgi.voice_accountability,MYS,2022,54.1725627,49.8308271,58.5142984
wgi.voice_accountability,MYS,2023,53.9455852,49.5685488,58.3226217
wgi.voice_accountability,MYS,2024,54.6313327,50.2472603,59.0154052
wgi.voice_accountability,NAM,1996,62.2744439,56.7062703,67.8426175
wgi.voice_accountability,NAM,1998,60.0928076,54.5246341,65.6609812
wgi.voice_accountability,NAM,2000,59.7898378,54.4534497,65.1262259
wgi.voice_accountability,NAM,2002,59.7300476,55.0321625,64.4279326
wgi.voice_accountability,NAM,2003,59.9503479,55.2524628,64.648233
wgi.voice_accountability,NAM,2004,61.6638503,56.9839683,66.3437323
wgi.voice_accountability,NAM,2005,64.4086326,59.9812748,68.8359905
wgi.voice_accountability,NAM,2006,65.8212638,61.3939059,70.2486216
wgi.voice_accountability,NAM,2007,65.3148993,60.8953668,69.7344318
wgi.voice_accountability,NAM,2008,64.5740294,60.1544969,68.9935619
wgi.voice_accountability,NAM,2009,63.7287642,59.3092317,68.1482967
wgi.voice_accountability,NAM,2010,61.0418609,56.6223284,65.4613934
wgi.voice_accountability,NAM,2011,60.9500831,56.5305506,65.3696155
wgi.voice_accountability,NAM,2012,62.9592498,58.5397173,67.3787823
wgi.voice_accountability,NAM,2013,62.699063,58.4313349,66.9667912
wgi.voice_accountability,NAM,2014,64.0992376,59.817868,68.3806072
wgi.voice_accountability,NAM,2015,64.6001869,60.3324587,68.867915
wgi.voice_accountability,NAM,2016,64.196639,59.7497939,68.6434841
wgi.voice_accountability,NAM,2017,64.0351803,59.5883352,68.4820254
wgi.voice_accountability,NAM,2018,64.5961578,59.8331092,69.3592064
wgi.voice_accountability,NAM,2019,63.4703627,58.6975145,68.2432109
wgi.voice_accountability,NAM,2020,63.9359324,59.1439837,68.7278811
wgi.voice_accountability,NAM,2021,64.1099404,59.9077031,68.3121778
wgi.voice_accountability,NAM,2022,63.6280006,59.4257633,67.830238
wgi.voice_accountability,NAM,2023,63.8814647,59.647245,68.1156843
wgi.voice_accountability,NAM,2024,62.7395218,58.5156706,66.9633729
wgi.voice_accountability,NCL,2018,65.9241994,50.3533604,81.4950385
wgi.voice_accountability,NCL,2019,74.8664748,59.2956358,90.4373139
wgi.voice_accountability,NCL,2020,77.5192606,61.9484215,93.0900996
wgi.voice_accountability,NCL,2021,75.5596732,59.9888341,91.1305122
wgi.voice_accountability,NCL,2022,69.7598261,54.1889871,85.3306652
wgi.voice_accountability,NCL,2023,69.6838636,54.1130245,85.2547026
wgi.voice_accountability,NCL,2024,69.6423249,54.0714859,85.213164
wgi.voice_accountability,NER,1996,29.5651764,23.2101872,35.9201656
wgi.voice_accountability,NER,1998,30.6476038,24.2926146,37.002593
wgi.voice_accountability,NER,2000,51.0025837,44.9858861,57.0192813
wgi.voice_accountability,NER,2002,52.3213612,47.091271,57.5514515
wgi.voice_accountability,NER,2003,51.8862441,46.6561539,57.1163344
wgi.voice_accountability,NER,2004,55.6452309,50.5873021,60.7031597
wgi.voice_accountability,NER,2005,54.171047,49.4806915,58.8614025
wgi.voice_accountability,NER,2006,52.7109281,48.3724689,57.0493874
wgi.voice_accountability,NER,2007,52.3698274,48.0725515,56.6671032
wgi.voice_accountability,NER,2008,48.7104157,44.4131399,53.0076916
wgi.voice_accountability,NER,2009,41.4097373,37.1124614,45.7070131
wgi.voice_accountability,NER,2010,46.2011101,41.9038343,50.498386
wgi.voice_accountability,NER,2011,51.2681035,46.9869159,55.549291
wgi.voice_accountability,NER,2012,52.4380293,48.1568418,56.7192169
wgi.voice_accountability,NER,2013,51.6139421,47.4711765,55.7567078
wgi.voice_accountability,NER,2014,52.0635548,47.9207892,56.2063205
wgi.voice_accountability,NER,2015,51.9111922,47.7684265,56.0539578
wgi.voice_accountability,NER,2016,48.9119744,44.6059753,53.2179735
wgi.voice_accountability,NER,2017,48.6224465,44.3164474,52.9284456
wgi.voice_accountability,NER,2018,47.8437747,43.2526111,52.4349384
wgi.voice_accountability,NER,2019,47.6282806,43.037117,52.2194442
wgi.voice_accountability,NER,2020,49.3231866,44.7150298,53.9313434
wgi.voice_accountability,NER,2021,47.0980619,43.0152826,51.1808413
wgi.voice_accountability,NER,2022,47.1834391,43.1006597,51.2662184
wgi.voice_accountability,NER,2023,43.4042072,39.3214278,47.4869865
wgi.voice_accountability,NER,2024,39.8600354,35.777256,43.9428147
wgi.voice_accountability,NGA,1996,29.3924828,23.8243092,34.9606564
wgi.voice_accountability,NGA,1998,33.2818387,27.7136651,38.8500123
wgi.voice_accountability,NGA,2000,41.6257372,36.2893491,46.9621254
wgi.voice_accountability,NGA,2002,40.9000175,36.2021325,45.5979026
wgi.voice_accountability,NGA,2003,41.4654845,37.3411909,45.589778
wgi.voice_accountability,NGA,2004,41.627211,37.5889282,45.6654937
wgi.voice_accountability,NGA,2005,43.1426745,39.3277304,46.9576185
wgi.voice_accountability,NGA,2006,45.2564886,41.5450963,48.9678808
wgi.voice_accountability,NGA,2007,44.6389412,40.927549,48.3503335
wgi.voice_accountability,NGA,2008,43.8761723,40.16478,47.5875646
wgi.voice_accountability,NGA,2009,42.1793182,38.4679259,45.8907105
wgi.voice_accountability,NGA,2010,41.3175219,37.6061296,45.0289142
wgi.voice_accountability,NGA,2011,43.3040334,39.8840593,46.7240075
wgi.voice_accountability,NGA,2012,45.4005708,41.9805967,48.8205449
wgi.voice_accountability,NGA,2013,45.1813206,41.7613465,48.6012947
wgi.voice_accountability,NGA,2014,45.7706872,42.3507131,49.1906613
wgi.voice_accountability,NGA,2015,47.8027822,44.076476,51.5290883
wgi.voice_accountability,NGA,2016,46.6523646,42.9260584,50.3786707
wgi.voice_accountability,NGA,2017,47.3104371,43.584131,51.0367433
wgi.voice_accountability,NGA,2018,48.1309556,44.2244298,52.0374814
wgi.voice_accountability,NGA,2019,46.2978709,42.2553718,50.34037
wgi.voice_accountability,NGA,2020,46.185932,42.131848,50.240016
wgi.voice_accountability,NGA,2021,43.5564911,39.4277047,47.6852775
wgi.voice_accountability,NGA,2022,43.4305291,39.3017428,47.5593155
wgi.voice_accountability,NGA,2023,43.9498157,39.8005339,48.0990976
wgi.voice_accountability,NGA,2024,44.1328988,40.0853134,48.1804841
wgi.voice_accountability,NIC,1996,54.2199945,48.6564083,59.7835807
wgi.voice_accountability,NIC,1998,53.6527318,48.0891456,59.216318
wgi.voice_accountability,NIC,2000,52.1825192,46.6189331,57.7461054
wgi.voice_accountability,NIC,2002,52.9464819,47.9661399,57.9268239
wgi.voice_accountability,NIC,2003,57.0958722,52.8538745,61.33787
wgi.voice_accountability,NIC,2004,57.7301134,53.5020056,61.9582212
wgi.voice_accountability,NIC,2005,55.4964335,51.3792915,59.6135755
wgi.voice_accountability,NIC,2006,54.3196344,50.3317991,58.3074698
wgi.voice_accountability,NIC,2007,54.0365842,50.0487488,58.0244195
wgi.voice_accountability,NIC,2008,50.6683614,46.6805261,54.6561968
wgi.voice_accountability,NIC,2009,50.0841878,46.0963525,54.0720232
wgi.voice_accountability,NIC,2010,49.9643571,45.9765217,53.9521924
wgi.voice_accountability,NIC,2011,48.0017995,44.0139641,51.9896348
wgi.voice_accountability,NIC,2012,45.7437806,42.1111705,49.3763907
wgi.voice_accountability,NIC,2013,46.5118581,42.7870011,50.236715
wgi.voice_accountability,NIC,2014,45.9894245,42.2645676,49.7142815
wgi.voice_accountability,NIC,2015,44.1376927,40.1513451,48.1240403
wgi.voice_accountability,NIC,2016,41.6970284,37.7106807,45.683376
wgi.voice_accountability,NIC,2017,41.9249213,37.9385736,45.9112689
wgi.voice_accountability,NIC,2018,36.4509986,32.241629,40.6603682
wgi.voice_accountability,NIC,2019,36.0246205,31.8152509,40.2339901
wgi.voice_accountability,NIC,2020,36.0132544,31.6175568,40.408952
wgi.voice_accountability,NIC,2021,33.1209978,28.7253002,37.5166954
wgi.voice_accountability,NIC,2022,31.1608101,26.7651124,35.5565077
wgi.voice_accountability,NIC,2023,29.975811,25.5434667,34.4081553
wgi.voice_accountability,NIC,2024,26.8188713,22.386527,31.2512157
wgi.voice_accountability,NLD,1996,85.5547128,80.0100538,91.0993718
wgi.voice_accountability,NLD,1998,85.8200978,80.2754388,91.3647568
wgi.voice_accountability,NLD,2000,86.3911305,80.9087313,91.8735296
wgi.voice_accountability,NLD,2002,86.081718,80.8038634,91.3595725
wgi.voice_accountability,NLD,2003,86.1603094,80.8824548,91.4381639
wgi.voice_accountability,NLD,2004,85.6411383,80.3632838,90.9189929
wgi.voice_accountability,NLD,2005,86.5210567,81.2432021,91.7989112
wgi.voice_accountability,NLD,2006,87.7266526,82.462037,92.9912683
wgi.voice_accountability,NLD,2007,87.6286229,82.3640073,92.8932386
wgi.voice_accountability,NLD,2008,87.1685963,81.9039806,92.4332119
wgi.voice_accountability,NLD,2009,86.5765728,81.3119572,91.8411885
wgi.voice_accountability,NLD,2010,85.6804332,80.4158175,90.9450488
wgi.voice_accountability,NLD,2011,87.1217299,82.6032453,91.6402144
wgi.voice_accountability,NLD,2012,88.3309646,83.81248,92.8494491
wgi.voice_accountability,NLD,2013,86.9061185,82.3876339,91.424603
wgi.voice_accountability,NLD,2014,86.8776262,82.3591416,91.3961107
wgi.voice_accountability,NLD,2015,88.2134931,83.6950086,92.7319777
wgi.voice_accountability,NLD,2016,88.1113048,83.5928203,92.6297894
wgi.voice_accountability,NLD,2017,87.1501207,82.7632233,91.537018
wgi.voice_accountability,NLD,2018,87.1979059,82.5083083,91.8875036
wgi.voice_accountability,NLD,2019,87.0634098,82.3738122,91.7530075
wgi.voice_accountability,NLD,2020,88.5328085,83.8432109,93.2224062
wgi.voice_accountability,NLD,2021,87.0008192,82.3112215,91.6904168
wgi.voice_accountability,NLD,2022,87.1531381,82.4635404,91.8427357
wgi.voice_accountability,NLD,2023,86.6073685,81.873192,91.341545
wgi.voice_accountability,NLD,2024,85.7924631,81.0582866,90.5266396
wgi.voice_accountability,NOR,1996,86.0379285,80.4932695,91.5825875
wgi.voice_accountability,NOR,1998,85.8205353,80.2758763,91.3651943
wgi.voice_accountability,NOR,2000,85.6626541,80.1179951,91.2073131
wgi.voice_accountability,NOR,2002,86.1027787,80.7694448,91.4361127
wgi.voice_accountability,NOR,2003,85.923534,80.5902,91.2568679
wgi.voice_accountability,NOR,2004,84.1365053,78.8031714,89.4698393
wgi.voice_accountability,NOR,2005,86.9235964,81.6662233,92.1809696
wgi.voice_accountability,NOR,2006,87.1986008,81.9543125,92.4428891
wgi.voice_accountability,NOR,2007,87.4139794,82.1696911,92.6582677
wgi.voice_accountability,NOR,2008,87.3900675,82.1457792,92.6343558
wgi.voice_accountability,NOR,2009,87.5216897,82.2774015,92.765978
wgi.voice_accountability,NOR,2010,87.7010903,82.456802,92.9453785
wgi.voice_accountability,NOR,2011,88.5448082,84.039195,93.0504215
wgi.voice_accountability,NOR,2012,89.757778,85.2521647,94.2633912
wgi.voice_accountability,NOR,2013,89.842231,85.3366178,94.3478442
wgi.voice_accountability,NOR,2014,89.1198805,84.6142673,93.6254937
wgi.voice_accountability,NOR,2015,90.3483575,85.8427442,94.8539707
wgi.voice_accountability,NOR,2016,90.3504175,85.8448043,94.8560307
wgi.voice_accountability,NOR,2017,90.6411619,86.1355486,95.1467751
wgi.voice_accountability,NOR,2018,91.1071674,86.2716865,95.9426483
wgi.voice_accountability,NOR,2019,90.9756309,86.14015,95.8111118
wgi.voice_accountability,NOR,2020,91.0801488,86.2446679,95.9156297
wgi.voice_accountability,NOR,2021,91.5816248,86.7876038,96.3756458
wgi.voice_accountability,NOR,2022,90.7789467,85.9849257,95.5729677
wgi.voice_accountability,NOR,2023,90.6839257,85.8422559,95.5255955
wgi.voice_accountability,NOR,2024,90.6189722,85.7773024,95.460642
wgi.voice_accountability,NPL,1996,49.9513422,42.9165458,56.9861386
wgi.voice_accountability,NPL,1998,48.3334156,41.2986192,55.368212
wgi.voice_accountability,NPL,2000,46.799872,39.7650756,53.8346684
wgi.voice_accountability,NPL,2002,40.1168372,34.2588486,45.9748257
wgi.voice_accountability,NPL,2003,47.0908387,42.2469811,51.9346963
wgi.voice_accountability,NPL,2004,39.8651899,35.4135648,44.3168149
wgi.voice_accountability,NPL,2005,39.3363732,35.0139813,43.6587651
wgi.voice_accountability,NPL,2006,45.5681099,41.4252672,49.7109525
wgi.voice_accountability,NPL,2007,50.3708979,46.2280552,54.5137405
wgi.voice_accountability,NPL,2008,49.8965577,45.753715,54.0394003
wgi.voice_accountability,NPL,2009,49.2710082,45.1281656,53.4138509
wgi.voice_accountability,NPL,2010,48.4281636,44.285321,52.5710062
wgi.voice_accountability,NPL,2011,49.3922357,45.2493931,53.5350783
wgi.voice_accountability,NPL,2012,48.3286304,44.5800209,52.07724
wgi.voice_accountability,NPL,2013,50.3073218,46.457091,54.1575526
wgi.voice_accountability,NPL,2014,51.2401432,47.3899125,55.090374
wgi.voice_accountability,NPL,2015,51.1586551,46.8544413,55.462869
wgi.voice_accountability,NPL,2016,52.5779197,48.2737059,56.8821336
wgi.voice_accountability,NPL,2017,53.6342527,49.443245,57.8252604
wgi.voice_accountability,NPL,2018,54.7073443,50.2548126,59.159876
wgi.voice_accountability,NPL,2019,53.7826265,49.3300949,58.2351582
wgi.voice_accountability,NPL,2020,54.5455933,50.0775649,59.0136217
wgi.voice_accountability,NPL,2021,54.3249219,49.8568935,58.7929503
wgi.voice_accountability,NPL,2022,55.1173138,50.6492855,59.5853422
wgi.voice_accountability,NPL,2023,55.9208024,51.4142737,60.427331
wgi.voice_accountability,NPL,2024,55.8031944,51.2966658,60.309723
wgi.voice_accountability,NRU,1996,74.3540982,63.694034,85.0141624
wgi.voice_accountability,NRU,1998,74.3179626,63.6578984,84.9780268
wgi.voice_accountability,NRU,2000,73.2150642,62.555,83.8751284
wgi.voice_accountability,NRU,2002,72.517345,61.8572808,83.1774092
wgi.voice_accountability,NRU,2003,74.4478065,63.7877423,85.1078707
wgi.voice_accountability,NRU,2004,74.0466407,63.3865765,84.7067049
wgi.voice_accountability,NRU,2005,74.5163585,63.8562943,85.1764227
wgi.voice_accountability,NRU,2006,74.8796577,64.2195935,85.5397219
wgi.voice_accountability,NRU,2007,74.7842306,64.1281465,85.4403148
wgi.voice_accountability,NRU,2008,74.7552308,64.0991466,85.4113149
wgi.voice_accountability,NRU,2009,74.7609733,64.1048892,85.4170574
wgi.voice_accountability,NRU,2010,74.8708469,64.2147628,85.5269311
wgi.voice_accountability,NRU,2011,74.9308367,64.2747526,85.5869209
wgi.voice_accountability,NRU,2012,74.8808269,64.2247427,85.536911
wgi.voice_accountability,NRU,2013,74.303187,63.6471028,84.9592711
wgi.voice_accountability,NRU,2014,73.2099605,62.5538764,83.8660446
wgi.voice_accountability,NRU,2015,70.7948376,60.1387534,81.4509217
wgi.voice_accountability,NRU,2016,70.0253109,59.3692267,80.681395
wgi.voice_accountability,NRU,2017,70.0035535,59.3474694,80.6596377
wgi.voice_accountability,NRU,2018,63.9177998,53.8494528,73.9861469
wgi.voice_accountability,NRU,2019,64.3027916,54.2344445,74.3711386
wgi.voice_accountability,NRU,2020,64.2887091,54.220362,74.3570561
wgi.voice_accountability,NRU,2021,64.1909839,54.1226369,74.259331
wgi.voice_accountability,NRU,2022,64.1588861,54.0905391,74.2272332
wgi.voice_accountability,NRU,2023,64.1271261,54.0587791,74.1954732
wgi.voice_accountability,NRU,2024,67.3347058,55.3042282,79.3651833
wgi.voice_accountability,NZL,1996,83.8500666,78.3054076,89.3947256
wgi.voice_accountability,NZL,1998,82.6617176,77.1170586,88.2063766
wgi.voice_accountability,NZL,2000,83.7458463,78.2011873,89.2905053
wgi.voice_accountability,NZL,2002,83.7719985,78.2985799,89.2454171
wgi.voice_accountability,NZL,2003,84.0280284,78.6946945,89.3613624
wgi.voice_accountability,NZL,2004,83.4034924,78.0701584,88.7368263
wgi.voice_accountability,NZL,2005,84.9240368,79.6666637,90.18141
wgi.voice_accountability,NZL,2006,85.2288147,79.9845264,90.473103
wgi.voice_accountability,NZL,2007,85.1221545,79.8778662,90.3664428
wgi.voice_accountability,NZL,2008,85.5604886,80.3162003,90.8047769
wgi.voice_accountability,NZL,2009,86.3798134,81.1355251,91.6241016
wgi.voice_accountability,NZL,2010,86.5467819,81.3024936,91.7910701
wgi.voice_accountability,NZL,2011,88.52701,84.0213967,93.0326232
wgi.voice_accountability,NZL,2012,88.1716937,83.6660804,92.6773069
wgi.voice_accountability,NZL,2013,87.7578403,83.2522271,92.2634536
wgi.voice_accountability,NZL,2014,86.8164129,82.3107997,91.3220262
wgi.voice_accountability,NZL,2015,88.153218,83.6476048,92.6588313
wgi.voice_accountability,NZL,2016,88.0898573,83.5842441,92.5954705
wgi.voice_accountability,NZL,2017,87.8657607,83.4895136,92.2420078
wgi.voice_accountability,NZL,2018,87.293263,82.6166645,91.9698616
wgi.voice_accountability,NZL,2019,87.456437,82.7798384,92.1330355
wgi.voice_accountability,NZL,2020,87.5648509,82.8882523,92.2414494
wgi.voice_accountability,NZL,2021,87.321582,82.6449835,91.9981806
wgi.voice_accountability,NZL,2022,87.3088472,82.6322487,91.9854458
wgi.voice_accountability,NZL,2023,86.8865682,82.1657688,91.6073675
wgi.voice_accountability,NZL,2024,86.4150424,81.694243,91.1358417
wgi.voice_accountability,OMN,1996,37.761816,32.1936424,43.3299896
wgi.voice_accountability,OMN,1998,38.5503959,32.9822223,44.1185695
wgi.voice_accountability,OMN,2000,44.4322123,38.8640388,50.0003859
wgi.voice_accountability,OMN,2002,44.9755824,39.4074088,50.543756
wgi.voice_accountability,OMN,2003,44.5603796,39.1394964,49.9812627
wgi.voice_accountability,OMN,2004,45.4476753,40.3421642,50.5531863
wgi.voice_accountability,OMN,2005,44.6934107,39.5878997,49.7989218
wgi.voice_accountability,OMN,2006,42.9469634,38.2599911,47.6339357
wgi.voice_accountability,OMN,2007,43.6842767,39.0405741,48.3279794
wgi.voice_accountability,OMN,2008,44.8964396,40.252737,49.5401422
wgi.voice_accountability,OMN,2009,44.8551215,40.2114189,49.4988241
wgi.voice_accountability,OMN,2010,44.9972697,40.3535671,49.6409723
wgi.voice_accountability,OMN,2011,45.5591031,40.9154005,50.2028057
wgi.voice_accountability,OMN,2012,45.0803873,40.4366846,49.7240899
wgi.voice_accountability,OMN,2013,44.5266628,39.6494665,49.4038591
wgi.voice_accountability,OMN,2014,44.5054393,39.6282429,49.3826356
wgi.voice_accountability,OMN,2015,45.6046446,40.7274482,50.4818409
wgi.voice_accountability,OMN,2016,45.9629503,41.085754,50.8401466
wgi.voice_accountability,OMN,2017,45.8281304,40.950934,50.7053267
wgi.voice_accountability,OMN,2018,44.7652847,39.4614302,50.0691392
wgi.voice_accountability,OMN,2019,44.4154537,39.1115992,49.7193082
wgi.voice_accountability,OMN,2020,44.8158914,39.5120369,50.1197459
wgi.voice_accountability,OMN,2021,42.9422745,37.5736748,48.3108742
wgi.voice_accountability,OMN,2022,42.8353938,37.4667941,48.2039935
wgi.voice_accountability,OMN,2023,43.3893073,38.0207076,48.757907
wgi.voice_accountability,OMN,2024,41.3125372,35.9650245,46.6600499
wgi.voice_accountability,PAK,1996,39.7881807,34.2200071,45.3563543
wgi.voice_accountability,PAK,1998,38.8581614,33.2899878,44.426335
wgi.voice_accountability,PAK,2000,33.1161094,27.5479358,38.6842829
wgi.voice_accountability,PAK,2002,35.3812972,30.4539003,40.3086942
wgi.voice_accountability,PAK,2003,35.9117364,31.6677066,40.1557662
wgi.voice_accountability,PAK,2004,35.0408371,30.8100934,39.2715807
wgi.voice_accountability,PAK,2005,37.1621387,33.0427932,41.2814843
wgi.voice_accountability,PAK,2006,40.9578563,36.9680169,44.9476956
wgi.voice_accountability,PAK,2007,39.4732426,35.4834033,43.463082
wgi.voice_accountability,PAK,2008,39.9721808,35.9823415,43.9620202
wgi.voice_accountability,PAK,2009,40.4661221,36.4762827,44.4559615
wgi.voice_accountability,PAK,2010,41.5172883,37.5274489,45.5071277
wgi.voice_accountability,PAK,2011,39.9374699,35.9290831,43.9458567
wgi.voice_accountability,PAK,2012,40.094644,36.0862572,44.1030308
wgi.voice_accountability,PAK,2013,40.5259631,36.3925945,44.6593316
wgi.voice_accountability,PAK,2014,41.5963786,37.46301,45.7297471
wgi.voice_accountability,PAK,2015,42.2678913,38.1345228,46.4012599
wgi.voice_accountability,PAK,2016,42.4304877,38.2971191,46.5638562
wgi.voice_accountability,PAK,2017,42.5215024,38.3881338,46.6548709
wgi.voice_accountability,PAK,2018,42.3320642,37.9484678,46.7156606
wgi.voice_accountability,PAK,2019,41.0324694,36.648873,45.4160658
wgi.voice_accountability,PAK,2020,41.5735168,37.1751361,45.9718975
wgi.voice_accountability,PAK,2021,40.7276145,36.3292338,45.1259953
wgi.voice_accountability,PAK,2022,39.8732358,35.474855,44.2716165
wgi.voice_accountability,PAK,2023,38.9061165,34.4710225,43.3412104
wgi.voice_accountability,PAK,2024,36.4355649,32.000471,40.8706589
wgi.voice_accountability,PAN,1996,58.6250384,53.0614522,64.1886246
wgi.voice_accountability,PAN,1998,63.4596179,57.8960317,69.0232041
wgi.voice_accountability,PAN,2000,65.0728101,59.5092239,70.6363963
wgi.voice_accountability,PAN,2002,65.6335601,60.283387,70.9837332
wgi.voice_accountability,PAN,2003,65.426959,60.0767859,70.777132
wgi.voice_accountability,PAN,2004,66.9461277,62.0930533,71.7992021
wgi.voice_accountability,PAN,2005,67.5129143,62.6598399,72.3659887
wgi.voice_accountability,PAN,2006,68.9443379,64.1015637,73.7871121
wgi.voice_accountability,PAN,2007,68.5699754,63.7272012,73.4127496
wgi.voice_accountability,PAN,2008,68.5530575,63.7102833,73.3958317
wgi.voice_accountability,PAN,2009,69.3796756,64.5369014,74.2224497
wgi.voice_accountability,PAN,2010,67.9637137,63.1209395,72.8064879
wgi.voice_accountability,PAN,2011,67.2924897,62.4497156,72.1352639
wgi.voice_accountability,PAN,2012,64.2552653,60.0119899,68.4985408
wgi.voice_accountability,PAN,2013,63.2950928,59.0518174,67.5383682
wgi.voice_accountability,PAN,2014,64.7097157,60.4664403,68.9529911
wgi.voice_accountability,PAN,2015,65.6403948,61.3971194,69.8836702
wgi.voice_accountability,PAN,2016,65.4025867,61.1459027,69.6592708
wgi.voice_accountability,PAN,2017,64.9804775,60.7237934,69.2371615
wgi.voice_accountability,PAN,2018,65.5901329,61.0586107,70.1216551
wgi.voice_accountability,PAN,2019,66.0472577,61.5157355,70.5787798
wgi.voice_accountability,PAN,2020,65.9094606,61.3779384,70.4409827
wgi.voice_accountability,PAN,2021,65.0192245,60.4877023,69.5507466
wgi.voice_accountability,PAN,2022,64.6756051,60.1440829,69.2071273
wgi.voice_accountability,PAN,2023,64.6677692,60.0960666,69.2394719
wgi.voice_accountability,PAN,2024,64.5696958,59.9979932,69.1413984
wgi.voice_accountability,PER,1996,46.1605044,40.5969182,51.7240906
wgi.voice_accountability,PER,1998,44.5659384,39.0023522,50.1295245
wgi.voice_accountability,PER,2000,45.2898063,39.7262201,50.8533925
wgi.voice_accountability,PER,2002,61.2065943,56.3324802,66.0807084
wgi.voice_accountability,PER,2003,60.5122513,55.6381372,65.3863654
wgi.voice_accountability,PER,2004,58.2679316,54.0392008,62.4966625
wgi.voice_accountability,PER,2005,59.6887487,55.498182,63.8793154
wgi.voice_accountability,PER,2006,60.7218734,56.5385457,64.905201
wgi.voice_accountability,PER,2007,60.8589406,56.8050404,64.9128408
wgi.voice_accountability,PER,2008,61.9897029,57.9449039,66.0345019
wgi.voice_accountability,PER,2009,60.8493667,56.8045678,64.8941657
wgi.voice_accountability,PER,2010,61.4878523,57.4430533,65.5326512
wgi.voice_accountability,PER,2011,62.2785587,58.60305,65.9540674
wgi.voice_accountability,PER,2012,62.2046282,58.140503,66.2687534
wgi.voice_accountability,PER,2013,60.4225825,56.2280148,64.6171503
wgi.voice_accountability,PER,2014,60.6914015,56.4968338,64.8859693
wgi.voice_accountability,PER,2015,61.6235228,57.4289551,65.8180906
wgi.voice_accountability,PER,2016,61.4941444,57.2995767,65.6887122
wgi.voice_accountability,PER,2017,62.3367072,58.1421395,66.531275
wgi.voice_accountability,PER,2018,63.1318996,58.6751008,67.5886984
wgi.voice_accountability,PER,2019,62.8556683,58.3988695,67.3124671
wgi.voice_accountability,PER,2020,63.2238734,58.7515342,67.6962127
wgi.voice_accountability,PER,2021,60.6208402,56.148501,65.0931795
wgi.voice_accountability,PER,2022,59.3376243,54.865285,63.8099635
wgi.voice_accountability,PER,2023,59.4366918,54.9257386,63.9476451
wgi.voice_accountability,PER,2024,57.6469083,53.1359551,62.1578616
wgi.voice_accountability,PHL,1996,56.9050496,51.3603906,62.4497086
wgi.voice_accountability,PHL,1998,60.1766883,54.6320293,65.7213473
wgi.voice_accountability,PHL,2000,57.8824866,52.3378276,63.4271456
wgi.voice_accountability,PHL,2002,57.8619422,53.0101577,62.7137266
wgi.voice_accountability,PHL,2003,55.4572822,50.6054977,60.3090667
wgi.voice_accountability,PHL,2004,55.8690457,51.6549225,60.083169
wgi.voice_accountability,PHL,2005,56.2494921,52.0731427,60.4258415
wgi.voice_accountability,PHL,2006,55.1065008,51.0649311,59.1480705
wgi.voice_accountability,PHL,2007,55.3118138,51.270244,59.3533835
wgi.voice_accountability,PHL,2008,54.0994724,50.0579026,58.1410421
wgi.voice_accountability,PHL,2009,54.5740926,50.5325229,58.6156623
wgi.voice_accountability,PHL,2010,53.9456377,49.904068,57.9872075
wgi.voice_accountability,PHL,2011,54.6461381,50.9730518,58.3192244
wgi.voice_accountability,PHL,2012,54.7799079,50.7190574,58.8407583
wgi.voice_accountability,PHL,2013,55.8008385,51.6098711,59.991806
wgi.voice_accountability,PHL,2014,58.180911,53.9899435,62.3718785
wgi.voice_accountability,PHL,2015,57.3640821,53.1731146,61.5550496
wgi.voice_accountability,PHL,2016,57.2807493,53.0897818,61.4717167
wgi.voice_accountability,PHL,2017,55.1929281,51.0019606,59.3838956
wgi.voice_accountability,PHL,2018,53.9513908,49.4989081,58.4038735
wgi.voice_accountability,PHL,2019,53.5784495,49.1259668,58.0309322
wgi.voice_accountability,PHL,2020,52.1907577,47.72278,56.6587353
wgi.voice_accountability,PHL,2021,50.2922137,45.8242361,54.7601913
wgi.voice_accountability,PHL,2022,50.8239761,46.3559984,55.2919537
wgi.voice_accountability,PHL,2023,50.4843017,45.9778274,54.9907761
wgi.voice_accountability,PHL,2024,50.6282195,46.1217451,55.1346938
wgi.voice_accountability,PLW,1996,76.6540705,65.9940063,87.3141347
wgi.voice_accountability,PLW,1998,76.6179331,65.957869,87.2779973
wgi.voice_accountability,PLW,2000,76.6382763,65.9782121,87.2983405
wgi.voice_accountability,PLW,2002,75.7800942,65.1200301,86.4401584
wgi.voice_accountability,PLW,2003,76.0256892,65.365625,86.6857534
wgi.voice_accountability,PLW,2004,75.9454508,65.2853866,86.605515
wgi.voice_accountability,PLW,2005,76.1410463,65.4809821,86.8011105
wgi.voice_accountability,PLW,2006,76.2636513,65.6035871,86.9237155
wgi.voice_accountability,PLW,2007,76.228151,65.5680868,86.8882152
wgi.voice_accountability,PLW,2008,76.1381899,65.4821058,86.794274
wgi.voice_accountability,PLW,2009,76.1439325,65.4878484,86.8000166
wgi.voice_accountability,PLW,2010,76.110592,65.4545079,86.7666761
wgi.voice_accountability,PLW,2011,75.9300678,65.2739837,86.586152
wgi.voice_accountability,PLW,2012,75.880058,65.2239738,86.5361421
wgi.voice_accountability,PLW,2013,75.9266618,65.2705777,86.582746
wgi.voice_accountability,PLW,2014,76.0059446,65.3498605,86.6620287
wgi.voice_accountability,PLW,2015,76.0260357,65.3699516,86.6821198
wgi.voice_accountability,PLW,2016,75.8577948,65.2017107,86.5138789
wgi.voice_accountability,PLW,2017,75.8360375,65.1799533,86.4921216
wgi.voice_accountability,PLW,2018,75.1059684,63.0754908,87.136446
wgi.voice_accountability,PLW,2019,75.0917144,63.0612368,87.1221919
wgi.voice_accountability,PLW,2020,75.0716092,63.0411317,87.1020868
wgi.voice_accountability,PLW,2021,74.9320812,62.9016036,86.9625587
wgi.voice_accountability,PLW,2022,74.8862561,62.8557786,86.9167337
wgi.voice_accountability,PLW,2023,74.8409089,62.8104314,86.8713865
wgi.voice_accountability,PLW,2024,74.9986519,62.9681743,87.0291294
wgi.voice_accountability,PNG,1996,54.0974981,48.5293245,59.6656717
wgi.voice_accountability,PNG,1998,51.4603876,45.892214,57.0285611
wgi.voice_accountability,PNG,2000,50.0351896,44.467016,55.6033632
wgi.voice_accountability,PNG,2002,48.8487537,43.8115268,53.8859805
wgi.voice_accountability,PNG,2003,49.3665298,44.329303,54.4037566
wgi.voice_accountability,PNG,2004,48.7807442,43.7656878,53.7958007
wgi.voice_accountability,PNG,2005,51.0357649,46.2033662,55.8681636
wgi.voice_accountability,PNG,2006,54.8441753,50.0117765,59.676574
wgi.voice_accountability,PNG,2007,54.4631251,49.6307264,59.2955238
wgi.voice_accountability,PNG,2008,54.099075,49.2666763,58.9314737
wgi.voice_accountability,PNG,2009,54.2614841,49.52631,58.9966583
wgi.voice_accountability,PNG,2010,53.3546522,48.6194781,58.0898263
wgi.voice_accountability,PNG,2011,53.5103211,48.7751469,58.2454952
wgi.voice_accountability,PNG,2012,52.7985368,48.0633627,57.533711
wgi.voice_accountability,PNG,2013,52.8086533,48.0734792,57.5438274
wgi.voice_accountability,PNG,2014,53.6000773,48.8649032,58.3352515
wgi.voice_accountability,PNG,2015,53.6270102,48.891836,58.3621843
wgi.voice_accountability,PNG,2016,55.018122,50.2829479,59.7532961
wgi.voice_accountability,PNG,2017,55.1090177,50.3738435,59.8441918
wgi.voice_accountability,PNG,2018,56.1868437,51.2519924,61.121695
wgi.voice_accountability,PNG,2019,55.5440245,50.6091733,60.4788758
wgi.voice_accountability,PNG,2020,55.9571043,51.0011327,60.9130758
wgi.voice_accountability,PNG,2021,55.5493645,50.593393,60.5053361
wgi.voice_accountability,PNG,2022,55.5469194,50.5909479,60.502891
wgi.voice_accountability,PNG,2023,54.9266312,49.9706597,59.8826028
wgi.voice_accountability,PNG,2024,51.1357339,46.1797624,56.0917054
wgi.voice_accountability,POL,1996,76.2665409,70.7218819,81.8111999
wgi.voice_accountability,POL,1998,78.0588291,72.5141701,83.603488
wgi.voice_accountability,POL,2000,78.0826832,72.5380242,83.6273422
wgi.voice_accountability,POL,2002,73.9231869,69.0618181,78.7845558
wgi.voice_accountability,POL,2003,74.0190498,69.157681,78.8804186
wgi.voice_accountability,POL,2004,72.1425065,67.3232626,76.9617503
wgi.voice_accountability,POL,2005,74.8511706,70.0881868,79.6141545
wgi.voice_accountability,POL,2006,73.2319419,68.4786982,77.9851856
wgi.voice_accountability,POL,2007,73.2909043,68.5376606,78.044148
wgi.voice_accountability,POL,2008,75.6125499,71.0466634,80.1784365
wgi.voice_accountability,POL,2009,75.4857671,70.9198806,80.0516537
wgi.voice_accountability,POL,2010,76.3993603,71.8334738,80.9652469
wgi.voice_accountability,POL,2011,75.5104929,71.4571982,79.5637876
wgi.voice_accountability,POL,2012,76.2510757,72.1977811,80.3043704
wgi.voice_accountability,POL,2013,73.4277212,69.2450604,77.610382
wgi.voice_accountability,POL,2014,75.5295216,71.3468608,79.7121824
wgi.voice_accountability,POL,2015,74.2201482,70.0374874,78.402809
wgi.voice_accountability,POL,2016,72.0482818,67.865621,76.2309426
wgi.voice_accountability,POL,2017,68.7573168,64.6796814,72.8349522
wgi.voice_accountability,POL,2018,66.3345523,62.0172711,70.6518335
wgi.voice_accountability,POL,2019,65.7004091,61.3831279,70.0176903
wgi.voice_accountability,POL,2020,65.378183,61.0609018,69.6954642
wgi.voice_accountability,POL,2021,63.3152889,58.9980077,67.6325701
wgi.voice_accountability,POL,2022,63.4184136,59.1011324,67.7356948
wgi.voice_accountability,POL,2023,64.0256519,59.6736685,68.3776353
wgi.voice_accountability,POL,2024,70.0140428,65.6620594,74.3660262
wgi.voice_accountability,PRI,1996,75.2229655,65.8967258,84.5492053
wgi.voice_accountability,PRI,1998,75.1953063,65.8690666,84.5215461
wgi.voice_accountability,PRI,2000,75.2108766,65.8846368,84.5371163
wgi.voice_accountability,PRI,2002,72.6314997,63.30526,81.9577395
wgi.voice_accountability,PRI,2003,72.6557214,63.3294817,81.9819612
wgi.voice_accountability,PRI,2004,70.9779678,61.6517281,80.3042076
wgi.voice_accountability,PRI,2005,74.1282986,64.8020588,83.4545384
wgi.voice_accountability,PRI,2006,72.9538973,63.7001266,82.207668
wgi.voice_accountability,PRI,2007,71.7430139,62.8094862,80.6765416
wgi.voice_accountability,PRI,2008,71.8167239,62.8831962,80.7502515
wgi.voice_accountability,PRI,2009,70.2206649,63.1535327,77.2877972
wgi.voice_accountability,PRI,2010,70.2560619,63.1889297,77.3231942
wgi.voice_accountability,PRI,2011,70.1956136,63.1284813,77.2627458
wgi.voice_accountability,PRI,2012,70.7964985,63.7293663,77.8636308
wgi.voice_accountability,PRI,2013,70.4521143,63.3849821,77.5192466
wgi.voice_accountability,PRI,2014,70.528714,63.4615817,77.5958462
wgi.voice_accountability,PRI,2015,70.4154028,63.3482706,77.4825351
wgi.voice_accountability,PRI,2016,70.4043955,63.3372633,77.4715278
wgi.voice_accountability,PRI,2017,71.547,64.4798678,78.6141323
wgi.voice_accountability,PRI,2018,71.8927897,63.8418635,79.9437158
wgi.voice_accountability,PRI,2019,68.2261128,57.973664,78.4785615
wgi.voice_accountability,PRI,2020,68.2115104,57.9590617,78.4639592
wgi.voice_accountability,PRI,2021,68.110178,57.8577293,78.3626268
wgi.voice_accountability,PRI,2022,64.2776983,53.6430914,74.9123051
wgi.voice_accountability,PRI,2023,62.9442922,52.4708132,73.4177711
wgi.voice_accountability,PRI,2024,63.4689503,52.9954714,73.9424292
wgi.voice_accountability,PRK,1996,21.3325254,14.9775362,27.6875146
wgi.voice_accountability,PRK,1998,18.7838847,12.4288955,25.1388739
wgi.voice_accountability,PRK,2000,18.7911132,12.436124,25.1461025
wgi.voice_accountability,PRK,2002,17.9647612,12.517031,23.4124914
wgi.voice_accountability,PRK,2003,18.4463947,12.9986645,23.8941249
wgi.voice_accountability,PRK,2004,20.0522586,15.1456231,24.9588941
wgi.voice_accountability,PRK,2005,19.6413159,14.7346804,24.5479514
wgi.voice_accountability,PRK,2006,19.7341263,14.8274908,24.6407619
wgi.voice_accountability,PRK,2007,21.5561529,16.6495174,26.4627885
wgi.voice_accountability,PRK,2008,21.2359817,16.3293462,26.1426172
wgi.voice_accountability,PRK,2009,20.5062451,15.5996096,25.4128807
wgi.voice_accountability,PRK,2010,27.5235321,22.6168965,32.4301676
wgi.voice_accountability,PRK,2011,27.7155974,22.8089619,32.6222329
wgi.voice_accountability,PRK,2012,21.2412569,16.3346214,26.1478924
wgi.voice_accountability,PRK,2013,20.7749906,15.8683551,25.6816261
wgi.voice_accountability,PRK,2014,21.2743751,16.3677396,26.1810106
wgi.voice_accountability,PRK,2015,21.254347,16.3477115,26.1609825
wgi.voice_accountability,PRK,2016,21.1654449,16.2588094,26.0720804
wgi.voice_accountability,PRK,2017,20.9755796,16.0689441,25.8822151
wgi.voice_accountability,PRK,2018,22.6837596,17.3419789,28.0255402
wgi.voice_accountability,PRK,2019,22.4294466,17.087666,27.7712273
wgi.voice_accountability,PRK,2020,22.4207181,17.0521184,27.7893178
wgi.voice_accountability,PRK,2021,22.1192745,16.7506748,27.4878742
wgi.voice_accountability,PRK,2022,22.5959881,17.2273884,27.9645878
wgi.voice_accountability,PRK,2023,22.5265259,17.1579262,27.8951256
wgi.voice_accountability,PRK,2024,22.06435,16.6957503,27.4329497
wgi.voice_accountability,PRT,1996,82.9050495,77.3603905,88.4497085
wgi.voice_accountability,PRT,1998,80.9621419,75.4174829,86.5068009
wgi.voice_accountability,PRT,2000,80.9542063,75.4718072,86.4366054
wgi.voice_accountability,PRT,2002,81.560629,76.2827745,86.8384836
wgi.voice_accountability,PRT,2003,81.9153625,76.6375079,87.193217
wgi.voice_accountability,PRT,2004,80.6387432,75.3608886,85.9165977
wgi.voice_accountability,PRT,2005,81.3619198,76.0840652,86.6397743
wgi.voice_accountability,PRT,2006,82.8363084,77.5716928,88.1009241
wgi.voice_accountability,PRT,2007,82.8141888,77.5495731,88.0788045
wgi.voice_accountability,PRT,2008,82.1410081,76.8763924,87.4056237
wgi.voice_accountability,PRT,2009,81.8520455,76.6605307,87.0435602
wgi.voice_accountability,PRT,2010,80.7286097,75.5370949,85.9201245
wgi.voice_accountability,PRT,2011,79.9586105,74.7670957,85.1501252
wgi.voice_accountability,PRT,2012,77.7457743,73.2737588,82.2177897
wgi.voice_accountability,PRT,2013,77.2856689,72.8136534,81.7576843
wgi.voice_accountability,PRT,2014,79.1927558,74.7207403,83.6647713
wgi.voice_accountability,PRT,2015,79.6168079,75.1447924,84.0888233
wgi.voice_accountability,PRT,2016,79.7574876,75.2854722,84.2295031
wgi.voice_accountability,PRT,2017,79.8066381,75.4623068,84.1509694
wgi.voice_accountability,PRT,2018,78.5110706,73.8733643,83.1487769
wgi.voice_accountability,PRT,2019,78.058801,73.4210948,82.6965073
wgi.voice_accountability,PRT,2020,80.9614103,76.3237041,85.5991166
wgi.voice_accountability,PRT,2021,80.7009558,76.0632495,85.338662
wgi.voice_accountability,PRT,2022,79.7155727,75.0778664,84.3532789
wgi.voice_accountability,PRT,2023,79.7966564,75.1158503,84.4774626
wgi.voice_accountability,PRT,2024,78.9923138,74.3115077,83.6731199
wgi.voice_accountability,PRY,1996,51.9094122,46.345826,57.4729983
wgi.voice_accountability,PRY,1998,48.4232804,42.8596942,53.9868666
wgi.voice_accountability,PRY,2000,45.7970162,40.23343,51.3606024
wgi.voice_accountability,PRY,2002,46.4789517,41.6048375,51.3530658
wgi.voice_accountability,PRY,2003,48.0936753,43.2195611,52.9677894
wgi.voice_accountability,PRY,2004,50.8515512,46.6228204,55.0802821
wgi.voice_accountability,PRY,2005,52.5829307,48.3541998,56.8116615
wgi.voice_accountability,PRY,2006,52.8506278,48.6293372,57.0719183
wgi.voice_accountability,PRY,2007,53.8343674,49.6130769,58.0556579
wgi.voice_accountability,PRY,2008,55.2463124,51.0250219,59.467603
wgi.voice_accountability,PRY,2009,55.2973952,51.0761047,59.5186858
wgi.voice_accountability,PRY,2010,55.4236127,51.2023221,59.6449032
wgi.voice_accountability,PRY,2011,55.465027,51.2437365,59.6863176
wgi.voice_accountability,PRY,2012,53.4236505,48.5808763,58.2664247
wgi.voice_accountability,PRY,2013,53.1504961,48.307722,57.9932703
wgi.voice_accountability,PRY,2014,53.5347283,48.6919541,58.3775025
wgi.voice_accountability,PRY,2015,54.3009575,49.4581833,59.1437317
wgi.voice_accountability,PRY,2016,53.9895585,49.2038652,58.7752518
wgi.voice_accountability,PRY,2017,54.5521777,49.7664844,59.337871
wgi.voice_accountability,PRY,2018,54.9850073,49.7982322,60.1717824
wgi.voice_accountability,PRY,2019,54.975878,49.7891029,60.1626531
wgi.voice_accountability,PRY,2020,54.7218294,49.510514,59.9331447
wgi.voice_accountability,PRY,2021,53.8693041,49.3846501,58.3539581
wgi.voice_accountability,PRY,2022,53.5148752,49.0302212,57.9995292
wgi.voice_accountability,PRY,2023,54.1106372,49.5870489,58.6342255
wgi.voice_accountability,PRY,2024,54.2277463,49.7041581,58.7513346
wgi.voice_accountability,PSE,1996,42.69313,35.3028458,50.0834142
wgi.voice_accountability,PSE,1998,42.7309809,35.3406967,50.1212651
wgi.voice_accountability,PSE,2000,42.4540635,35.0637793,49.8443477
wgi.voice_accountability,PSE,2002,43.3008322,36.2449296,50.3567349
wgi.voice_accountability,PSE,2003,44.2758609,37.2199582,51.3317635
wgi.voice_accountability,PSE,2004,46.2930945,39.9391501,52.6470388
wgi.voice_accountability,PSE,2005,48.2919715,41.9380272,54.6459158
wgi.voice_accountability,PSE,2006,52.7723426,47.221304,58.3233813
wgi.voice_accountability,PSE,2007,48.8488727,43.297834,54.3999113
wgi.voice_accountability,PSE,2008,47.4628996,42.2040877,52.7217114
wgi.voice_accountability,PSE,2009,43.6476878,38.3888759,48.9064996
wgi.voice_accountability,PSE,2010,44.6186751,39.3342816,49.9030686
wgi.voice_accountability,PSE,2011,41.4094992,36.1251058,46.6938927
wgi.voice_accountability,PSE,2012,42.7276047,37.4432112,48.0119982
wgi.voice_accountability,PSE,2013,41.3752469,35.7940917,46.9564021
wgi.voice_accountability,PSE,2014,42.8521139,37.2709587,48.4332691
wgi.voice_accountability,PSE,2015,41.7268684,36.1457132,47.3080236
wgi.voice_accountability,PSE,2016,41.321509,35.3206196,47.3223983
wgi.voice_accountability,PSE,2017,40.9334665,34.9325772,46.9343559
wgi.voice_accountability,PSE,2018,42.4087268,35.8398957,48.977558
wgi.voice_accountability,PSE,2019,41.6679777,35.0991466,48.2368089
wgi.voice_accountability,PSE,2020,42.1458902,35.5770591,48.7147213
wgi.voice_accountability,PSE,2021,39.3544988,32.7856676,45.9233299
wgi.voice_accountability,PSE,2022,38.6102159,32.0413848,45.179047
wgi.voice_accountability,PSE,2023,36.5846389,30.1547932,43.0144845
wgi.voice_accountability,PSE,2024,33.291311,26.8614654,39.7211566
wgi.voice_accountability,PYF,2019,65.5745697,50.0037307,81.1454087
wgi.voice_accountability,PYF,2020,65.3602745,49.7894354,80.9311135
wgi.voice_accountability,PYF,2021,72.3854253,56.8145862,87.9562643
wgi.voice_accountability,PYF,2022,72.3086576,56.7378185,87.8794966
wgi.voice_accountability,PYF,2023,72.232695,56.661856,87.8035341
wgi.voice_accountability,PYF,2024,72.1911564,56.6203173,87.7619954
wgi.voice_accountability,QAT,1996,33.2069613,27.6387877,38.7751349
wgi.voice_accountability,QAT,1998,34.9041636,29.33599,40.4723372
wgi.voice_accountability,QAT,2000,36.9485156,31.380342,42.5166892
wgi.voice_accountability,QAT,2002,39.4356805,33.867507,45.0038541
wgi.voice_accountability,QAT,2003,38.5660064,33.1451232,43.9868895
wgi.voice_accountability,QAT,2004,41.40585,36.3003389,46.511361
wgi.voice_accountability,QAT,2005,45.7351239,40.6853933,50.7848545
wgi.voice_accountability,QAT,2006,46.2305231,41.198351,51.2626952
wgi.voice_accountability,QAT,2007,45.2067867,40.1746146,50.2389589
wgi.voice_accountability,QAT,2008,44.4519779,39.8219412,49.0820146
wgi.voice_accountability,QAT,2009,45.331639,40.8832607,49.7800173
wgi.voice_accountability,QAT,2010,44.1106531,39.6622748,48.5590315
wgi.voice_accountability,QAT,2011,43.1898507,38.7858359,47.5938655
wgi.voice_accountability,QAT,2012,43.6023196,39.1983048,48.0063344
wgi.voice_accountability,QAT,2013,42.9826825,38.1890325,47.7763324
wgi.voice_accountability,QAT,2014,42.7030749,37.909425,47.4967249
wgi.voice_accountability,QAT,2015,42.6039811,37.8103312,47.397631
wgi.voice_accountability,QAT,2016,41.8861673,37.0930967,46.6792379
wgi.voice_accountability,QAT,2017,40.1607247,35.3576671,44.9637822
wgi.voice_accountability,QAT,2018,36.0571786,30.8482804,41.2660768
wgi.voice_accountability,QAT,2019,35.9984087,30.7895105,41.207307
wgi.voice_accountability,QAT,2020,35.9508527,30.7419545,41.159751
wgi.voice_accountability,QAT,2021,41.3838581,36.1749599,46.5927563
wgi.voice_accountability,QAT,2022,41.8194198,36.6105215,47.028318
wgi.voice_accountability,QAT,2023,40.59029,35.3193332,45.8612468
wgi.voice_accountability,QAT,2024,40.1452752,34.8743184,45.416232
wgi.voice_accountability,ROU,1996,58.4730713,52.9048977,64.0412449
wgi.voice_accountability,ROU,1998,59.0152022,53.4470286,64.5833757
wgi.voice_accountability,ROU,2000,59.4880511,54.2600559,64.7160464
wgi.voice_accountability,ROU,2002,60.3406341,55.6969315,64.9843368
wgi.voice_accountability,ROU,2003,60.0732346,55.4431979,64.7032713
wgi.voice_accountability,ROU,2004,62.1578738,57.5811077,66.7346399
wgi.voice_accountability,ROU,2005,64.5157269,59.9872326,69.0442211
wgi.voice_accountability,ROU,2006,66.2093062,61.851211,70.5674015
wgi.voice_accountability,ROU,2007,65.1788314,60.8207362,69.5369267
wgi.voice_accountability,ROU,2008,65.8552554,61.4971601,70.2133506
wgi.voice_accountability,ROU,2009,65.2384729,60.8803776,69.5965682
wgi.voice_accountability,ROU,2010,64.6131527,60.2405304,68.985775
wgi.voice_accountability,ROU,2011,62.5012044,58.5849367,66.4174721
wgi.voice_accountability,ROU,2012,62.5843447,58.668077,66.5006124
wgi.voice_accountability,ROU,2013,61.8084261,57.7758474,65.8410048
wgi.voice_accountability,ROU,2014,64.3731446,60.3405659,68.4057233
wgi.voice_accountability,ROU,2015,66.1707377,62.138159,70.2033164
wgi.voice_accountability,ROU,2016,66.2530782,62.2204995,70.2856569
wgi.voice_accountability,ROU,2017,65.5699473,61.6317385,69.5081561
wgi.voice_accountability,ROU,2018,64.5269635,60.3741567,68.6797703
wgi.voice_accountability,ROU,2019,65.4548107,61.3020039,69.6076175
wgi.voice_accountability,ROU,2020,66.4086578,62.0913766,70.725939
wgi.voice_accountability,ROU,2021,66.3516032,62.034322,70.6688844
wgi.voice_accountability,ROU,2022,65.9693226,61.6520414,70.2866038
wgi.voice_accountability,ROU,2023,65.5592795,61.2072961,69.9112629
wgi.voice_accountability,ROU,2024,63.6290088,59.2770254,67.9809922
wgi.voice_accountability,RUS,1996,49.7472702,44.2026112,55.2919292
wgi.voice_accountability,RUS,1998,47.4861306,41.9414716,53.0307896
wgi.voice_accountability,RUS,2000,47.2453384,42.0368217,52.4538551
wgi.voice_accountability,RUS,2002,49.9025523,45.2725156,54.5325889
wgi.voice_accountability,RUS,2003,49.5914823,44.9614456,54.221519
wgi.voice_accountability,RUS,2004,49.2665853,44.6365487,53.896622
wgi.voice_accountability,RUS,2005,49.6020608,45.0219832,54.1821384
wgi.voice_accountability,RUS,2006,47.0712516,42.6672369,51.4752664
wgi.voice_accountability,RUS,2007,47.5284849,43.1244701,51.9324997
wgi.voice_accountability,RUS,2008,48.7433134,44.3392986,53.1473282
wgi.voice_accountability,RUS,2009,46.8255447,42.4215299,51.2295595
wgi.voice_accountability,RUS,2010,46.7738266,42.3698118,51.1778414
wgi.voice_accountability,RUS,2011,46.2172842,42.2785136,50.1560548
wgi.voice_accountability,RUS,2012,42.7498486,38.811078,46.6886192
wgi.voice_accountability,RUS,2013,42.1805381,38.1233737,46.2377026
wgi.voice_accountability,RUS,2014,42.9272626,38.8700981,46.984427
wgi.voice_accountability,RUS,2015,42.6871599,38.6299955,46.7443244
wgi.voice_accountability,RUS,2016,43.1036737,39.0465092,47.1608381
wgi.voice_accountability,RUS,2017,43.4836317,39.4264672,47.5407962
wgi.voice_accountability,RUS,2018,43.1398741,38.8468688,47.4328793
wgi.voice_accountability,RUS,2019,40.7285422,36.4355369,45.0215474
wgi.voice_accountability,RUS,2020,41.0199848,36.7269796,45.3129901
wgi.voice_accountability,RUS,2021,39.4565488,35.1635435,43.749554
wgi.voice_accountability,RUS,2022,36.4595241,32.1665188,40.7525293
wgi.voice_accountability,RUS,2023,33.9024927,29.5753698,38.2296155
wgi.voice_accountability,RUS,2024,31.9576301,27.6305073,36.284753
wgi.voice_accountability,RWA,1996,26.5716137,19.5368173,33.6064101
wgi.voice_accountability,RWA,1998,28.6816542,21.6468578,35.7164506
wgi.voice_accountability,RWA,2000,26.7892659,20.2053966,33.3731352
wgi.voice_accountability,RWA,2002,30.6189837,25.0291281,36.2088394
wgi.voice_accountability,RWA,2003,34.1280963,28.5382406,39.7179519
wgi.voice_accountability,RWA,2004,34.9093304,30.3456491,39.4730116
wgi.voice_accountability,RWA,2005,38.7020742,34.4138542,42.9902943
wgi.voice_accountability,RWA,2006,40.4126345,36.3982794,44.4269896
wgi.voice_accountability,RWA,2007,39.4111071,35.4294431,43.392771
wgi.voice_accountability,RWA,2008,39.4137114,35.4320475,43.3953754
wgi.voice_accountability,RWA,2009,38.9257665,35.0561868,42.7953463
wgi.voice_accountability,RWA,2010,38.1700948,34.3249713,42.0152184
wgi.voice_accountability,RWA,2011,38.4978167,34.6526931,42.3429402
wgi.voice_accountability,RWA,2012,41.2336727,36.9365912,45.5307543
wgi.voice_accountability,RWA,2013,41.6023067,37.3052251,45.8993882
wgi.voice_accountability,RWA,2014,42.7665162,38.4694346,47.0635978
wgi.voice_accountability,RWA,2015,42.7296997,38.4326182,47.0267813
wgi.voice_accountability,RWA,2016,42.5039719,38.0238913,46.9840525
wgi.voice_accountability,RWA,2017,42.8841119,38.4040313,47.3641925
wgi.voice_accountability,RWA,2018,44.1042927,39.3003338,48.9082516
wgi.voice_accountability,RWA,2019,44.5522934,39.7483345,49.3562523
wgi.voice_accountability,RWA,2020,44.4011822,39.5777448,49.2246196
wgi.voice_accountability,RWA,2021,47.4285282,43.1982781,51.6587783
wgi.voice_accountability,RWA,2022,47.3546099,43.1243599,51.58486
wgi.voice_accountability,RWA,2023,47.6234167,43.3605332,51.8863001
wgi.voice_accountability,RWA,2024,46.5418013,42.2789179,50.8046848
wgi.voice_accountability,SAU,1996,22.5173004,16.9491268,28.085474
wgi.voice_accountability,SAU,1998,22.2885376,16.720364,27.8567112
wgi.voice_accountability,SAU,2000,22.5311886,16.963015,28.0993622
wgi.voice_accountability,SAU,2002,24.8947492,19.9673523,29.8221462
wgi.voice_accountability,SAU,2003,24.7863055,19.8589086,29.7137025
wgi.voice_accountability,SAU,2004,29.267389,24.5804168,33.9543613
wgi.voice_accountability,SAU,2005,28.8351686,24.1481963,33.5221408
wgi.voice_accountability,SAU,2006,29.37588,24.6981875,34.0535724
wgi.voice_accountability,SAU,2007,30.1492344,25.564664,34.7338049
wgi.voice_accountability,SAU,2008,29.7142398,25.1296694,34.2988103
wgi.voice_accountability,SAU,2009,27.7565427,23.7095542,31.8035312
wgi.voice_accountability,SAU,2010,28.2958171,24.2488286,32.3428056
wgi.voice_accountability,SAU,2011,27.3222184,23.2752299,31.3692069
wgi.voice_accountability,SAU,2012,26.9235887,22.8766002,30.9705772
wgi.voice_accountability,SAU,2013,26.0362826,21.8375352,30.2350299
wgi.voice_accountability,SAU,2014,26.0994718,21.9007244,30.2982191
wgi.voice_accountability,SAU,2015,29.0988331,24.290012,33.9076542
wgi.voice_accountability,SAU,2016,28.9441146,24.1504646,33.7377645
wgi.voice_accountability,SAU,2017,28.4453531,23.7975794,33.0931268
wgi.voice_accountability,SAU,2018,28.6508516,23.6383611,33.6633422
wgi.voice_accountability,SAU,2019,30.0961301,25.0836396,35.1086207
wgi.voice_accountability,SAU,2020,29.8181276,24.805637,34.8306182
wgi.voice_accountability,SAU,2021,30.2204241,25.2079335,35.2329146
wgi.voice_accountability,SAU,2022,30.4050823,25.3925918,35.4175729
wgi.voice_accountability,SAU,2023,29.5052934,24.4382598,34.5723269
wgi.voice_accountability,SAU,2024,29.7683225,24.701289,34.8353561
wgi.voice_accountability,SDN,1996,20.5786302,15.0104566,26.1468038
wgi.voice_accountability,SDN,1998,21.0033368,15.4351632,26.5715104
wgi.voice_accountability,SDN,2000,22.2850003,16.9486122,27.6213885
wgi.voice_accountability,SDN,2002,26.8047941,22.0401948,31.5693934
wgi.voice_accountability,SDN,2003,26.8047101,22.0401108,31.5693094
wgi.voice_accountability,SDN,2004,25.1098758,20.4765312,29.7432205
wgi.voice_accountability,SDN,2005,25.2923918,20.9465308,29.6382528
wgi.voice_accountability,SDN,2006,28.407616,24.2063378,32.6088942
wgi.voice_accountability,SDN,2007,28.5090079,24.3516715,32.6663444
wgi.voice_accountability,SDN,2008,29.5058762,25.3485398,33.6632127
wgi.voice_accountability,SDN,2009,29.4308098,25.2734733,33.5881462
wgi.voice_accountability,SDN,2010,28.2240342,24.067074,32.3809943
wgi.voice_accountability,SDN,2011,26.4584216,22.1615605,30.7552826
wgi.voice_accountability,SDN,2012,25.2570962,20.9602352,29.5539573
wgi.voice_accountability,SDN,2013,25.1427262,20.9857661,29.2996864
wgi.voice_accountability,SDN,2014,25.7620046,21.6050444,29.9189647
wgi.voice_accountability,SDN,2015,25.7426783,21.6002855,29.8850711
wgi.voice_accountability,SDN,2016,24.7988793,20.4932951,29.1044636
wgi.voice_accountability,SDN,2017,24.831574,20.5187594,29.1443886
wgi.voice_accountability,SDN,2018,24.3145697,19.7151449,28.9139945
wgi.voice_accountability,SDN,2019,27.2725516,22.6731268,31.8719764
wgi.voice_accountability,SDN,2020,29.4952662,24.8787537,34.1117787
wgi.voice_accountability,SDN,2021,31.2093024,27.1207158,35.2978891
wgi.voice_accountability,SDN,2022,28.2454852,24.1568985,32.3340719
wgi.voice_accountability,SDN,2023,26.2938212,22.2052345,30.3824079
wgi.voice_accountability,SDN,2024,23.8826223,19.7940356,27.971209
wgi.voice_accountability,SEN,1996,54.9764853,49.4083117,60.5446589
wgi.voice_accountability,SEN,1998,53.1049354,47.5367618,58.673109
wgi.voice_accountability,SEN,2000,56.1142014,50.7778132,61.4505895
wgi.voice_accountability,SEN,2002,60.4251362,55.682436,65.1678364
wgi.voice_accountability,SEN,2003,59.2691755,54.5712904,63.9670606
wgi.voice_accountability,SEN,2004,59.6552402,55.0833135,64.2271668
wgi.voice_accountability,SEN,2005,59.8066822,55.5116239,64.1017405
wgi.voice_accountability,SEN,2006,58.1536754,54.0048189,62.3025319
wgi.voice_accountability,SEN,2007,54.1096308,49.9968347,58.2224269
wgi.voice_accountability,SEN,2008,53.1315795,49.0187833,57.2443756
wgi.voice_accountability,SEN,2009,52.8047957,48.6919996,56.9175919
wgi.voice_accountability,SEN,2010,52.4052507,48.6938584,56.116643
wgi.voice_accountability,SEN,2011,52.0609032,48.5642892,55.5575172
wgi.voice_accountability,SEN,2012,55.7545462,52.2579322,59.2511602
wgi.voice_accountability,SEN,2013,56.6149966,53.1950225,60.0349707
wgi.voice_accountability,SEN,2014,57.7828292,54.3628551,61.2028032
wgi.voice_accountability,SEN,2015,58.9949518,55.2686456,62.7212579
wgi.voice_accountability,SEN,2016,59.8624259,56.018671,63.7061807
wgi.voice_accountability,SEN,2017,57.9433235,54.0995686,61.7870783
wgi.voice_accountability,SEN,2018,58.3724793,54.3299801,62.4149784
wgi.voice_accountability,SEN,2019,57.8075374,53.7650383,61.8500365
wgi.voice_accountability,SEN,2020,57.6109495,53.5568654,61.6650335
wgi.voice_accountability,SEN,2021,57.3954168,53.3413328,61.4495008
wgi.voice_accountability,SEN,2022,57.0990682,53.0449841,61.1531522
wgi.voice_accountability,SEN,2023,56.7414188,52.6586395,60.8241982
wgi.voice_accountability,SEN,2024,57.1306812,53.0479018,61.2134605
wgi.voice_accountability,SGP,1996,62.0269762,56.4823172,67.5716352
wgi.voice_accountability,SGP,1998,61.9034664,56.3588074,67.4481254
wgi.voice_accountability,SGP,2000,60.7621343,55.2174753,66.3067933
wgi.voice_accountability,SGP,2002,60.6308272,55.6640758,65.5975785
wgi.voice_accountability,SGP,2003,59.1176215,54.2562526,63.9789903
wgi.voice_accountability,SGP,2004,55.1291368,50.267768,59.9905056
wgi.voice_accountability,SGP,2005,57.7980686,52.9366997,62.6594374
wgi.voice_accountability,SGP,2006,57.0983156,52.2568243,61.9398068
wgi.voice_accountability,SGP,2007,57.697494,52.8560028,62.5389853
wgi.voice_accountability,SGP,2008,58.4069294,53.5654382,63.2484206
wgi.voice_accountability,SGP,2009,59.2147603,54.373269,64.0562515
wgi.voice_accountability,SGP,2010,58.9304113,54.0889201,63.7719026
wgi.voice_accountability,SGP,2011,60.4773181,56.2349038,64.7197324
wgi.voice_accountability,SGP,2012,62.7911716,58.5487573,67.0335859
wgi.voice_accountability,SGP,2013,62.1074964,57.8650821,66.3499107
wgi.voice_accountability,SGP,2014,62.4469537,58.2045394,66.689368
wgi.voice_accountability,SGP,2015,62.5355145,58.2931002,66.7779288
wgi.voice_accountability,SGP,2016,62.8890911,58.6466767,67.1315054
wgi.voice_accountability,SGP,2017,61.3136378,57.0712235,65.5560521
wgi.voice_accountability,SGP,2018,61.1369274,56.6226084,65.6512463
wgi.voice_accountability,SGP,2019,60.1656215,55.6435839,64.6876591
wgi.voice_accountability,SGP,2020,59.518887,55.0045681,64.033206
wgi.voice_accountability,SGP,2021,59.6478191,55.1335001,64.1621381
wgi.voice_accountability,SGP,2022,59.5323639,55.1481392,63.9165887
wgi.voice_accountability,SGP,2023,58.0659319,53.645351,62.4865128
wgi.voice_accountability,SGP,2024,57.5195777,53.0989968,61.9401586
wgi.voice_accountability,SLB,1996,66.5734105,58.5701926,74.5766284
wgi.voice_accountability,SLB,1998,65.4141191,57.4109013,73.417337
wgi.voice_accountability,SLB,2000,57.1820615,49.1788436,65.1852793
wgi.voice_accountability,SLB,2002,60.1515127,52.1482949,68.1547306
wgi.voice_accountability,SLB,2003,58.5178847,50.5146668,66.5211025
wgi.voice_accountability,SLB,2004,53.7425966,46.7078002,60.777393
wgi.voice_accountability,SLB,2005,56.1343012,49.4296998,62.8389027
wgi.voice_accountability,SLB,2006,56.2673096,49.5627082,62.9719111
wgi.voice_accountability,SLB,2007,55.6379446,48.9853623,62.2905269
wgi.voice_accountability,SLB,2008,55.183755,48.5311727,61.8363373
wgi.voice_accountability,SLB,2009,56.596864,49.9442817,63.2494463
wgi.voice_accountability,SLB,2010,56.1625187,49.5099364,62.815101
wgi.voice_accountability,SLB,2011,55.6124593,48.959877,62.2650416
wgi.voice_accountability,SLB,2012,56.5308971,49.8783148,63.1834794
wgi.voice_accountability,SLB,2013,56.6469351,49.9943528,63.2995174
wgi.voice_accountability,SLB,2014,57.2240832,50.5715009,63.8766655
wgi.voice_accountability,SLB,2015,57.4772742,50.8246919,64.1298565
wgi.voice_accountability,SLB,2016,57.7004589,51.0478766,64.3530412
wgi.voice_accountability,SLB,2017,57.9190108,51.2664285,64.5715931
wgi.voice_accountability,SLB,2018,59.3668377,52.1233538,66.6103215
wgi.voice_accountability,SLB,2019,61.7485011,54.4377202,69.059282
wgi.voice_accountability,SLB,2020,59.8057423,52.4949614,67.1165232
wgi.voice_accountability,SLB,2021,62.5916643,55.2808834,69.9024452
wgi.voice_accountability,SLB,2022,61.4085083,54.0977274,68.7192891
wgi.voice_accountability,SLB,2023,61.2657177,53.9549368,68.5764986
wgi.voice_accountability,SLB,2024,62.5678714,55.2570905,69.8786523
wgi.voice_accountability,SLE,1996,43.8104889,37.4554997,50.1654782
wgi.voice_accountability,SLE,1998,38.3005759,31.9455867,44.6555651
wgi.voice_accountability,SLE,2000,36.1239051,30.1072075,42.1406027
wgi.voice_accountability,SLE,2002,46.6259411,41.3958508,51.8560313
wgi.voice_accountability,SLE,2003,48.4650588,43.9945959,52.9355218
wgi.voice_accountability,SLE,2004,53.1205231,48.7590096,57.4820366
wgi.voice_accountability,SLE,2005,51.33881,47.2196115,55.4580085
wgi.voice_accountability,SLE,2006,52.1555217,48.3843566,55.9266867
wgi.voice_accountability,SLE,2007,52.3432008,48.5720358,56.1143659
wgi.voice_accountability,SLE,2008,53.2072007,49.4360357,56.9783658
wgi.voice_accountability,SLE,2009,52.5848962,48.8137312,56.3560613
wgi.voice_accountability,SLE,2010,54.0050867,50.2339216,57.7762517
wgi.voice_accountability,SLE,2011,53.3845132,49.651143,57.1178833
wgi.voice_accountability,SLE,2012,51.987503,48.5675289,55.4074771
wgi.voice_accountability,SLE,2013,51.1787813,47.7588072,54.5987554
wgi.voice_accountability,SLE,2014,51.5559056,48.1359315,54.9758797
wgi.voice_accountability,SLE,2015,50.3385358,46.6122296,54.0648419
wgi.voice_accountability,SLE,2016,50.2581521,46.4143972,54.1019069
wgi.voice_accountability,SLE,2017,50.2900941,46.4463393,54.133849
wgi.voice_accountability,SLE,2018,52.0775883,48.0350892,56.1200874
wgi.voice_accountability,SLE,2019,51.2599876,47.2174884,55.3024867
wgi.voice_accountability,SLE,2020,52.104936,48.0508519,56.15902
wgi.voice_accountability,SLE,2021,51.9563486,47.9022646,56.0104326
wgi.voice_accountability,SLE,2022,51.4825387,47.4284547,55.5366227
wgi.voice_accountability,SLE,2023,48.6986208,44.6158415,52.7814002
wgi.voice_accountability,SLE,2024,47.8715162,43.7887368,51.9542955
wgi.voice_accountability,SLV,1996,49.0419094,43.4783232,54.6054956
wgi.voice_accountability,SLV,1998,49.8413303,44.2777441,55.4049165
wgi.voice_accountability,SLV,2000,50.2778756,44.7142895,55.8414618
wgi.voice_accountability,SLV,2002,55.3934874,50.5193732,60.2676015
wgi.voice_accountability,SLV,2003,55.7657408,50.8916267,60.6398549
wgi.voice_accountability,SLV,2004,55.9079695,51.0548951,60.7610439
wgi.voice_accountability,SLV,2005,55.7861277,50.990493,60.5817624
wgi.voice_accountability,SLV,2006,58.0310757,53.2453824,62.816769
wgi.voice_accountability,SLV,2007,57.4314929,52.6457996,62.2171863
wgi.voice_accountability,SLV,2008,57.6913559,52.9056626,62.4770492
wgi.voice_accountability,SLV,2009,57.1851664,53.0018388,61.3684941
wgi.voice_accountability,SLV,2010,57.4203281,53.2370005,61.6036558
wgi.voice_accountability,SLV,2011,56.5729941,52.7944728,60.3515154
wgi.voice_accountability,SLV,2012,54.8184693,51.039948,58.5969907
wgi.voice_accountability,SLV,2013,55.1653337,51.3868123,58.943855
wgi.voice_accountability,SLV,2014,57.6854348,53.4807139,61.8901557
wgi.voice_accountability,SLV,2015,55.9485841,51.7438631,60.153305
wgi.voice_accountability,SLV,2016,56.1060715,51.9013505,60.3107924
wgi.voice_accountability,SLV,2017,55.707468,51.5027471,59.912189
wgi.voice_accountability,SLV,2018,54.5787255,50.1097415,59.0477095
wgi.voice_accountability,SLV,2019,56.2277383,51.7587542,60.6967223
wgi.voice_accountability,SLV,2020,55.214787,50.730133,59.699441
wgi.voice_accountability,SLV,2021,51.0010102,46.5163562,55.4856642
wgi.voice_accountability,SLV,2022,46.7346053,42.2499513,51.2192593
wgi.voice_accountability,SLV,2023,45.7895881,41.2659998,50.3131764
wgi.voice_accountability,SLV,2024,43.0499183,38.52633,47.5735066
wgi.voice_accountability,SMR,1996,80.6656445,70.0055803,91.3257087
wgi.voice_accountability,SMR,1998,80.6295071,69.9694429,91.2895713
wgi.voice_accountability,SMR,2000,80.6498503,69.9897861,91.3099145
wgi.voice_accountability,SMR,2002,79.3905129,68.7304487,90.0505771
wgi.voice_accountability,SMR,2003,78.6198416,67.9597774,89.2799058
wgi.voice_accountability,SMR,2004,78.2721686,67.6121044,88.9322328
wgi.voice_accountability,SMR,2005,78.939122,68.2790578,89.5991862
wgi.voice_accountability,SMR,2006,79.0617252,68.401661,89.7217894
wgi.voice_accountability,SMR,2007,79.0262249,68.3661607,89.6862891
wgi.voice_accountability,SMR,2008,78.9972022,68.3371381,89.6572664
wgi.voice_accountability,SMR,2009,79.0029501,68.3428859,89.6630143
wgi.voice_accountability,SMR,2010,78.9695833,68.3095191,89.6296475
wgi.voice_accountability,SMR,2011,79.0296186,68.3695544,89.6896828
wgi.voice_accountability,SMR,2012,79.0999209,68.4398567,89.759985
wgi.voice_accountability,SMR,2013,79.0262109,68.3661467,89.6862751
wgi.voice_accountability,SMR,2014,79.1055532,68.445489,89.7656173
wgi.voice_accountability,SMR,2015,79.1256583,68.4655941,89.7857225
wgi.voice_accountability,SMR,2016,77.6263601,66.9662959,88.2864242
wgi.voice_accountability,SMR,2017,77.604587,66.9445228,88.2646511
wgi.voice_accountability,SMR,2018,77.1553453,65.1191357,89.191555
wgi.voice_accountability,SMR,2019,77.141079,65.1048694,89.1772887
wgi.voice_accountability,SMR,2020,77.1209547,65.084745,89.1571643
wgi.voice_accountability,SMR,2021,76.9812936,64.9450839,89.0175032
wgi.voice_accountability,SMR,2022,78.7253781,66.6891684,90.7615877
wgi.voice_accountability,SMR,2023,78.6799871,66.6437775,90.7161968
wgi.voice_accountability,SMR,2024,78.6551686,66.618959,90.6913782
wgi.voice_accountability,SOM,1996,19.06568,12.4522771,25.679083
wgi.voice_accountability,SOM,1998,18.9282505,12.3148475,25.5416535
wgi.voice_accountability,SOM,2000,23.0442146,16.809611,29.2788182
wgi.voice_accountability,SOM,2002,26.8775397,21.3630375,32.3920419
wgi.voice_accountability,SOM,2003,27.1532284,21.7819053,32.5245515
wgi.voice_accountability,SOM,2004,25.446965,20.2616321,30.6322979
wgi.voice_accountability,SOM,2005,26.6375141,21.7302275,31.5448007
wgi.voice_accountability,SOM,2006,26.9395072,22.0322206,31.8467939
wgi.voice_accountability,SOM,2007,24.6692524,19.7619658,29.576539
wgi.voice_accountability,SOM,2008,24.8514866,20.1495794,29.5533937
wgi.voice_accountability,SOM,2009,24.0123682,19.6573272,28.3674093
wgi.voice_accountability,SOM,2010,24.3213274,19.9593116,28.6833432
wgi.voice_accountability,SOM,2011,25.4524415,21.0904257,29.8144573
wgi.voice_accountability,SOM,2012,25.2868207,20.9248049,29.6488365
wgi.voice_accountability,SOM,2013,25.2109369,20.8489211,29.5729527
wgi.voice_accountability,SOM,2014,25.5810656,21.2190498,29.9430814
wgi.voice_accountability,SOM,2015,25.8294416,21.4674258,30.1914575
wgi.voice_accountability,SOM,2016,25.3389781,20.8327208,29.8452355
wgi.voice_accountability,SOM,2017,27.6611769,23.2451396,32.0772141
wgi.voice_accountability,SOM,2018,28.0903292,23.4620917,32.7185666
wgi.voice_accountability,SOM,2019,28.5107214,23.882484,33.1389589
wgi.voice_accountability,SOM,2020,27.6931609,23.0649235,32.3213983
wgi.voice_accountability,SOM,2021,27.8539598,23.2167348,32.4911847
wgi.voice_accountability,SOM,2022,30.7425111,26.1052861,35.379736
wgi.voice_accountability,SOM,2023,30.8502301,26.2130052,35.4874551
wgi.voice_accountability,SOM,2024,29.2625304,24.6253054,33.8997553
wgi.voice_accountability,SRB,1996,32.688401,27.1202274,38.2565746
wgi.voice_accountability,SRB,1998,35.9660396,30.3978661,41.5342132
wgi.voice_accountability,SRB,2000,40.7355239,35.5075287,45.9635191
wgi.voice_accountability,SRB,2002,51.6118208,46.9248486,56.2987931
wgi.voice_accountability,SRB,2003,51.5275341,46.8838315,56.1712367
wgi.voice_accountability,SRB,2004,52.8251319,48.1814293,57.4688345
wgi.voice_accountability,SRB,2005,53.5015436,48.857841,58.1452462
wgi.voice_accountability,SRB,2006,61.2554455,56.7949519,65.715939
wgi.voice_accountability,SRB,2007,62.594904,58.1791345,67.0106734
wgi.voice_accountability,SRB,2008,61.7616105,57.345841,66.1773799
wgi.voice_accountability,SRB,2009,62.3262705,57.9105011,66.74204
wgi.voice_accountability,SRB,2010,61.4668038,57.0510343,65.8825732
wgi.voice_accountability,SRB,2011,61.3696772,56.9539078,65.7854467
wgi.voice_accountability,SRB,2012,58.5774071,54.6528818,62.5019325
wgi.voice_accountability,SRB,2013,59.358958,55.3173603,63.4005558
wgi.voice_accountability,SRB,2014,59.0479896,55.0063918,63.0895873
wgi.voice_accountability,SRB,2015,58.8233259,54.7817281,62.8649236
wgi.voice_accountability,SRB,2016,58.6145072,54.5729094,62.6561049
wgi.voice_accountability,SRB,2017,56.368082,52.3264842,60.4096797
wgi.voice_accountability,SRB,2018,53.7148814,49.4403045,57.9894583
wgi.voice_accountability,SRB,2019,53.6151767,49.3405999,57.8897536
wgi.voice_accountability,SRB,2020,53.3985047,49.1239278,57.6730815
wgi.voice_accountability,SRB,2021,52.2601183,47.9855414,56.5346952
wgi.voice_accountability,SRB,2022,51.8890008,47.6144239,56.1635776
wgi.voice_accountability,SRB,2023,50.2677399,45.9594865,54.5759934
wgi.voice_accountability,SRB,2024,48.6955579,44.3873045,53.0038113
wgi.voice_accountability,SSD,2011,35.4301257,28.5350149,42.3252365
wgi.voice_accountability,SSD,2012,34.6438806,28.9247761,40.3629852
wgi.voice_accountability,SSD,2013,31.8606943,26.4596573,37.2617314
wgi.voice_accountability,SSD,2014,30.2908926,25.2917669,35.2900183
wgi.voice_accountability,SSD,2015,29.3134836,24.325612,34.3013552
wgi.voice_accountability,SSD,2016,23.9064572,18.6995402,29.1133741
wgi.voice_accountability,SSD,2017,24.1718929,18.964976,29.3788099
wgi.voice_accountability,SSD,2018,21.0779569,15.7317272,26.4241867
wgi.voice_accountability,SSD,2019,21.2217504,15.8755206,26.5679802
wgi.voice_accountability,SSD,2020,22.9702805,17.5971634,28.3433976
wgi.voice_accountability,SSD,2021,22.8566929,17.4835758,28.22981
wgi.voice_accountability,SSD,2022,22.6642058,17.2770097,28.0514019
wgi.voice_accountability,SSD,2023,24.372706,18.9855099,29.7599021
wgi.voice_accountability,SSD,2024,23.7406403,18.3534442,29.1278364
wgi.voice_accountability,STP,1996,63.1756085,56.1408121,70.2104049
wgi.voice_accountability,STP,1998,64.7424944,57.707698,71.7772908
wgi.voice_accountability,STP,2000,64.6578488,58.0739796,71.2417181
wgi.voice_accountability,STP,2002,64.3034567,57.7195874,70.887326
wgi.voice_accountability,STP,2003,61.6225742,55.0387049,68.2064435
wgi.voice_accountability,STP,2004,60.8431446,54.5932071,67.0930821
wgi.voice_accountability,STP,2005,60.1298359,54.1141692,66.1455026
wgi.voice_accountability,STP,2006,61.6788027,56.3431322,67.0144732
wgi.voice_accountability,STP,2007,59.5566767,54.2970649,64.8162884
wgi.voice_accountability,STP,2008,58.5406537,53.281042,63.8002654
wgi.voice_accountability,STP,2009,59.131921,53.8723093,64.3915327
wgi.voice_accountability,STP,2010,59.4210376,54.1614259,64.6806493
wgi.voice_accountability,STP,2011,61.4358646,56.1762529,66.6954763
wgi.voice_accountability,STP,2012,61.6238676,56.3642559,66.8834793
wgi.voice_accountability,STP,2013,59.7403793,54.7313332,64.7494254
wgi.voice_accountability,STP,2014,60.6947427,55.6856967,65.7037888
wgi.voice_accountability,STP,2015,60.1098796,55.1008335,65.1189256
wgi.voice_accountability,STP,2016,58.8681112,53.8590652,63.8771573
wgi.voice_accountability,STP,2017,58.8649678,53.8813476,63.848588
wgi.voice_accountability,STP,2018,59.5981155,54.1565655,65.0396656
wgi.voice_accountability,STP,2019,59.7780114,54.3364613,65.2195615
wgi.voice_accountability,STP,2020,58.8277067,53.3577974,64.2976161
wgi.voice_accountability,STP,2021,59.2552015,53.7852922,64.7251109
wgi.voice_accountability,STP,2022,59.1386612,53.6687518,64.6085706
wgi.voice_accountability,STP,2023,58.9241525,53.4542431,64.3940618
wgi.voice_accountability,STP,2024,59.7319658,54.2620565,65.2018752
wgi.voice_accountability,SUR,1996,57.2274489,50.8724597,63.5824381
wgi.voice_accountability,SUR,1998,58.4809999,52.1260107,64.8359892
wgi.voice_accountability,SUR,2000,63.8694405,57.5144512,70.2244297
wgi.voice_accountability,SUR,2002,62.9373804,56.5823912,69.2923696
wgi.voice_accountability,SUR,2003,62.8387941,56.4838049,69.1937834
wgi.voice_accountability,SUR,2004,62.8708972,56.5602593,69.1815351
wgi.voice_accountability,SUR,2005,62.8124757,56.5018377,69.1231136
wgi.voice_accountability,SUR,2006,64.741474,59.274204,70.208744
wgi.voice_accountability,SUR,2007,65.524089,60.056819,70.991359
wgi.voice_accountability,SUR,2008,66.7887716,61.4611277,72.1164155
wgi.voice_accountability,SUR,2009,64.8664452,59.5388014,70.1940891
wgi.voice_accountability,SUR,2010,63.392993,58.0665918,68.7193942
wgi.voice_accountability,SUR,2011,63.5930744,58.2666732,68.9194756
wgi.voice_accountability,SUR,2012,63.4183331,58.10554,68.7311261
wgi.voice_accountability,SUR,2013,63.308743,57.99595,68.621536
wgi.voice_accountability,SUR,2014,62.9539553,57.6411623,68.2667483
wgi.voice_accountability,SUR,2015,59.6366823,55.0878467,64.1855179
wgi.voice_accountability,SUR,2016,59.6980635,55.132702,64.263425
wgi.voice_accountability,SUR,2017,57.6961043,53.1221176,62.270091
wgi.voice_accountability,SUR,2018,58.7633151,53.8430224,63.6836078
wgi.voice_accountability,SUR,2019,59.2002227,54.2273578,64.1730876
wgi.voice_accountability,SUR,2020,59.6493593,54.6764944,64.6222243
wgi.voice_accountability,SUR,2021,58.37794,53.4050751,63.350805
wgi.voice_accountability,SUR,2022,58.7455396,53.7726746,63.7184045
wgi.voice_accountability,SUR,2023,58.7427549,53.7709034,63.7146064
wgi.voice_accountability,SUR,2024,57.8190313,52.9675759,62.6704867
wgi.voice_accountability,SVK,1996,67.827119,62.2589454,73.3952926
wgi.voice_accountability,SVK,1998,70.3044808,64.7363072,75.8726544
wgi.voice_accountability,SVK,2000,71.3721134,65.8039398,76.940287
wgi.voice_accountability,SVK,2002,70.1715284,65.2047771,75.1382797
wgi.voice_accountability,SVK,2003,71.9245567,67.0631879,76.7859255
wgi.voice_accountability,SVK,2004,71.4456886,66.6264448,76.2649324
wgi.voice_accountability,SVK,2005,73.0808026,68.2615588,77.9000465
wgi.voice_accountability,SVK,2006,73.8997091,69.0905502,78.708868
wgi.voice_accountability,SVK,2007,73.8679421,69.0587832,78.677101
wgi.voice_accountability,SVK,2008,73.8851313,69.0759724,78.6942902
wgi.voice_accountability,SVK,2009,73.3629725,68.797086,77.9288591
wgi.voice_accountability,SVK,2010,72.657631,68.0917444,77.2235175
wgi.voice_accountability,SVK,2011,73.6976866,69.1318001,78.2635732
wgi.voice_accountability,SVK,2012,73.2549244,68.6890378,77.820811
wgi.voice_accountability,SVK,2013,73.3273164,68.5740727,78.0805601
wgi.voice_accountability,SVK,2014,73.0965041,68.3432604,77.8497478
wgi.voice_accountability,SVK,2015,73.0501033,68.2968596,77.803347
wgi.voice_accountability,SVK,2016,73.0742007,68.320957,77.8274444
wgi.voice_accountability,SVK,2017,71.5727969,66.9720314,76.1735625
wgi.voice_accountability,SVK,2018,69.5887655,64.6350956,74.5424355
wgi.voice_accountability,SVK,2019,72.1856886,67.2320186,77.1393585
wgi.voice_accountability,SVK,2020,74.1450362,69.1913663,79.0987062
wgi.voice_accountability,SVK,2021,74.1534567,69.8361755,78.4707379
wgi.voice_accountability,SVK,2022,73.4727604,69.1554792,77.7900416
wgi.voice_accountability,SVK,2023,73.8773584,69.525375,78.2293418
wgi.voice_accountability,SVK,2024,73.1297729,68.7777895,77.4817562
wgi.voice_accountability,SVN,1996,78.9786444,72.9701169,84.9871718
wgi.voice_accountability,SVN,1998,77.6555647,72.0873911,83.2237383
wgi.voice_accountability,SVN,2000,75.6010053,70.0563463,81.1456643
wgi.voice_accountability,SVN,2002,74.7983989,69.9370301,79.6597677
wgi.voice_accountability,SVN,2003,74.6632307,69.8018618,79.5245995
wgi.voice_accountability,SVN,2004,73.8315772,69.0123333,78.650821
wgi.voice_accountability,SVN,2005,74.9376855,70.1747016,79.7006693
wgi.voice_accountability,SVN,2006,75.9138675,71.1606238,80.6671112
wgi.voice_accountability,SVN,2007,75.4140454,70.6608017,80.1672891
wgi.voice_accountability,SVN,2008,74.4610454,69.7078017,79.2142891
wgi.voice_accountability,SVN,2009,74.7553235,70.0020798,79.5085672
wgi.voice_accountability,SVN,2010,74.6717824,69.9185387,79.4250261
wgi.voice_accountability,SVN,2011,74.6463635,69.8931198,79.3996072
wgi.voice_accountability,SVN,2012,72.8660033,68.6833425,77.0486641
wgi.voice_accountability,SVN,2013,72.2603262,68.0776654,76.442987
wgi.voice_accountability,SVN,2014,71.5216354,67.3389746,75.7042962
wgi.voice_accountability,SVN,2015,72.2921422,68.1094814,76.474803
wgi.voice_accountability,SVN,2016,72.6792483,68.4965875,76.8619091
wgi.voice_accountability,SVN,2017,72.8887408,68.70608,77.0714016
wgi.voice_accountability,SVN,2018,72.1322903,67.6897647,76.5748158
wgi.voice_accountability,SVN,2019,74.8699683,70.4274428,79.3124938
wgi.voice_accountability,SVN,2020,74.8687501,70.5514689,79.1860313
wgi.voice_accountability,SVN,2021,73.2424346,68.9251534,77.5597158
wgi.voice_accountability,SVN,2022,73.9271968,69.6099156,78.244478
wgi.voice_accountability,SVN,2023,74.8088794,70.456896,79.1608628
wgi.voice_accountability,SVN,2024,75.3519851,71.0000017,79.7039685
wgi.voice_accountability,SWE,1996,85.8659893,80.3213303,91.4106483
wgi.voice_accountability,SWE,1998,85.8422629,80.2976039,91.3869219
wgi.voice_accountability,SWE,2000,86.0697323,80.5873331,91.5521314
wgi.voice_accountability,SWE,2002,86.7042377,81.4263832,91.9820923
wgi.voice_accountability,SWE,2003,86.8959145,81.61806,92.1737691
wgi.voice_accountability,SWE,2004,86.4582333,81.1803787,91.7360878
wgi.voice_accountability,SWE,2005,85.9971057,80.7928981,91.2013133
wgi.voice_accountability,SWE,2006,86.6562949,81.4647802,91.8478097
wgi.voice_accountability,SWE,2007,87.4523834,82.2608686,92.6438982
wgi.voice_accountability,SWE,2008,87.7678255,82.5763107,92.9593403
wgi.voice_accountability,SWE,2009,87.3415629,82.1500481,92.5330776
wgi.voice_accountability,SWE,2010,87.0468595,81.8553447,92.2383742
wgi.voice_accountability,SWE,2011,89.7555202,85.2835047,94.2275356
wgi.voice_accountability,SWE,2012,90.2874698,85.8154544,94.7594853
wgi.voice_accountability,SWE,2013,88.7955524,84.3235369,93.2675678
wgi.voice_accountability,SWE,2014,87.5614466,83.0894312,92.0334621
wgi.voice_accountability,SWE,2015,87.9163656,83.4443502,92.3883811
wgi.voice_accountability,SWE,2016,87.9171497,83.4451343,92.3891652
wgi.voice_accountability,SWE,2017,87.261258,82.9169267,91.6055893
wgi.voice_accountability,SWE,2018,87.3290626,82.6913563,91.9667689
wgi.voice_accountability,SWE,2019,87.0485415,82.4108352,91.6862477
wgi.voice_accountability,SWE,2020,88.3222763,83.6845701,92.9599826
wgi.voice_accountability,SWE,2021,87.7493901,83.1116839,92.3870964
wgi.voice_accountability,SWE,2022,87.509648,82.8719418,92.1473543
wgi.voice_accountability,SWE,2023,87.1358841,82.455078,91.8166903
wgi.voice_accountability,SWE,2024,87.0899418,82.4091357,91.770748
wgi.voice_accountability,SWZ,1996,33.4743818,26.4395854,40.5091782
wgi.voice_accountability,SWZ,1998,35.2120727,28.1772763,42.2468691
wgi.voice_accountability,SWZ,2000,31.4033823,24.819513,37.9872516
wgi.voice_accountability,SWZ,2002,34.978796,28.6346723,41.3229197
wgi.voice_accountability,SWZ,2003,32.0514732,25.7073495,38.3955969
wgi.voice_accountability,SWZ,2004,33.304977,28.2200314,38.3899226
wgi.voice_accountability,SWZ,2005,35.1487347,30.063789,40.2336803
wgi.voice_accountability,SWZ,2006,38.0738206,33.4197355,42.7279057
wgi.voice_accountability,SWZ,2007,36.4437981,31.789713,41.0978832
wgi.voice_accountability,SWZ,2008,36.4286637,31.7745786,41.0827488
wgi.voice_accountability,SWZ,2009,36.6842438,32.0301587,41.3383289
wgi.voice_accountability,SWZ,2010,35.2729656,30.6612505,39.8846807
wgi.voice_accountability,SWZ,2011,35.2948804,30.7030307,39.8867302
wgi.voice_accountability,SWZ,2012,34.9525458,29.539481,40.3656105
wgi.voice_accountability,SWZ,2013,35.5763205,30.4352671,40.7173738
wgi.voice_accountability,SWZ,2014,34.7846286,29.6435753,39.925682
wgi.voice_accountability,SWZ,2015,34.7075302,29.5664768,39.8485835
wgi.voice_accountability,SWZ,2016,33.6323715,28.5594589,38.7052842
wgi.voice_accountability,SWZ,2017,33.5049114,28.4201548,38.589668
wgi.voice_accountability,SWZ,2018,33.6894296,28.6478972,38.7309621
wgi.voice_accountability,SWZ,2019,34.8764974,29.8124376,39.9405573
wgi.voice_accountability,SWZ,2020,34.7137313,29.6496714,39.7777912
wgi.voice_accountability,SWZ,2021,34.0037883,28.9397284,39.0678482
wgi.voice_accountability,SWZ,2022,33.8608263,28.8084633,38.9131892
wgi.voice_accountability,SWZ,2023,34.4044186,29.2961859,39.5126512
wgi.voice_accountability,SWZ,2024,33.266216,28.4611386,38.0712933
wgi.voice_accountability,SYC,1996,56.2192145,49.1844181,63.2540109
wgi.voice_accountability,SYC,1998,56.3394969,49.3047005,63.3742933
wgi.voice_accountability,SYC,2000,55.7837316,49.1998623,62.3676009
wgi.voice_accountability,SYC,2002,59.0609624,52.7168387,65.4050861
wgi.voice_accountability,SYC,2003,57.7046105,51.3604868,64.0487342
wgi.voice_accountability,SYC,2004,61.3763229,55.8452494,66.9073965
wgi.voice_accountability,SYC,2005,61.5113319,55.9802583,67.0424054
wgi.voice_accountability,SYC,2006,62.6953805,57.1643069,68.2264541
wgi.voice_accountability,SYC,2007,61.6284078,56.0973342,67.1594813
wgi.voice_accountability,SYC,2008,60.9462413,55.4151677,66.4773148
wgi.voice_accountability,SYC,2009,60.9880652,55.4569917,66.5191388
wgi.voice_accountability,SYC,2010,61.2735763,55.7425028,66.8046499
wgi.voice_accountability,SYC,2011,59.6420363,54.1109627,65.1731099
wgi.voice_accountability,SYC,2012,59.5404186,54.0800691,65.0007681
wgi.voice_accountability,SYC,2013,58.4495707,53.2680621,63.6310793
wgi.voice_accountability,SYC,2014,58.1214078,52.9398992,63.3029164
wgi.voice_accountability,SYC,2015,60.9558116,55.774303,66.1373202
wgi.voice_accountability,SYC,2016,62.1617734,56.9802648,67.343282
wgi.voice_accountability,SYC,2017,62.007769,56.8262604,67.1892776
wgi.voice_accountability,SYC,2018,62.7743955,57.0722123,68.4765786
wgi.voice_accountability,SYC,2019,63.0034908,57.3013077,68.705674
wgi.voice_accountability,SYC,2020,67.3748915,61.6400504,73.1097325
wgi.voice_accountability,SYC,2021,68.7550765,63.0202355,74.4899175
wgi.voice_accountability,SYC,2022,68.5677719,62.8329308,74.3026129
wgi.voice_accountability,SYC,2023,67.9775722,62.2003454,73.754799
wgi.voice_accountability,SYC,2024,67.9522093,62.1749825,73.7294361
wgi.voice_accountability,SYR,1996,28.6604605,23.0922869,34.2286341
wgi.voice_accountability,SYR,1998,27.1138565,21.545683,32.6820301
wgi.voice_accountability,SYR,2000,26.6274974,21.0593238,32.195671
wgi.voice_accountability,SYR,2002,27.6549127,22.7275158,32.5823097
wgi.voice_accountability,SYR,2003,26.6476077,21.7202108,31.5750047
wgi.voice_accountability,SYR,2004,28.1685355,24.0637625,32.2733085
wgi.voice_accountability,SYR,2005,30.7790108,26.6742378,34.8837837
wgi.voice_accountability,SYR,2006,29.5847687,25.4799957,33.6895417
wgi.voice_accountability,SYR,2007,27.4874419,23.4118263,31.5630575
wgi.voice_accountability,SYR,2008,28.3536874,24.2780718,32.4293029
wgi.voice_accountability,SYR,2009,28.9888649,24.919356,33.0583739
wgi.voice_accountability,SYR,2010,28.1537494,24.0842405,32.2232584
wgi.voice_accountability,SYR,2011,26.6420822,22.5725732,30.7115912
wgi.voice_accountability,SYR,2012,23.3317174,18.7143263,27.9491086
wgi.voice_accountability,SYR,2013,21.7276528,17.1102617,26.345044
wgi.voice_accountability,SYR,2014,23.1507505,18.5333593,27.7681416
wgi.voice_accountability,SYR,2015,22.8593165,18.2419254,27.4767076
wgi.voice_accountability,SYR,2016,22.1976419,17.3016462,27.0936377
wgi.voice_accountability,SYR,2017,22.0823845,17.175749,26.98902
wgi.voice_accountability,SYR,2018,22.0739466,16.7321659,27.4157272
wgi.voice_accountability,SYR,2019,22.7950176,17.4264179,28.1636173
wgi.voice_accountability,SYR,2020,23.4267665,18.0581668,28.7953662
wgi.voice_accountability,SYR,2021,23.696079,18.3274793,29.0646787
wgi.voice_accountability,SYR,2022,23.6522265,18.2836268,29.0208262
wgi.voice_accountability,SYR,2023,23.3267782,17.9581785,28.6953779
wgi.voice_accountability,SYR,2024,24.517035,19.1484353,29.8856347
wgi.voice_accountability,TCD,1996,34.6405464,27.60575,41.6753428
wgi.voice_accountability,TCD,1998,34.9231171,27.8883207,41.9579135
wgi.voice_accountability,TCD,2000,35.1584205,28.5745513,41.7422898
wgi.voice_accountability,TCD,2002,37.2341335,31.6442778,42.8239891
wgi.voice_accountability,TCD,2003,35.3012321,29.7843513,40.8181129
wgi.voice_accountability,TCD,2004,36.0367077,30.7207835,41.3526319
wgi.voice_accountability,TCD,2005,34.6794072,29.8444146,39.5143997
wgi.voice_accountability,TCD,2006,32.5894332,28.1372778,37.0415886
wgi.voice_accountability,TCD,2007,32.0381433,27.5859879,36.4902987
wgi.voice_accountability,TCD,2008,32.6551393,28.2029839,37.1072947
wgi.voice_accountability,TCD,2009,33.0091657,28.5570103,37.461321
wgi.voice_accountability,TCD,2010,33.6959773,29.2438219,38.1481327
wgi.voice_accountability,TCD,2011,34.6870208,30.2348654,39.1391761
wgi.voice_accountability,TCD,2012,35.1212873,30.6691319,39.5734426
wgi.voice_accountability,TCD,2013,34.8059694,30.5088878,39.103051
wgi.voice_accountability,TCD,2014,36.3312133,32.0341317,40.6282949
wgi.voice_accountability,TCD,2015,35.9220664,31.6249848,40.219148
wgi.voice_accountability,TCD,2016,34.6402086,30.160128,39.1202892
wgi.voice_accountability,TCD,2017,34.6347058,30.1546252,39.1147864
wgi.voice_accountability,TCD,2018,33.7352512,28.9312922,38.5392101
wgi.voice_accountability,TCD,2019,34.0623517,29.2583928,38.8663106
wgi.voice_accountability,TCD,2020,33.625255,28.8018176,38.4486924
wgi.voice_accountability,TCD,2021,31.3601319,26.5366945,36.1835693
wgi.voice_accountability,TCD,2022,32.1700841,27.3466466,36.9935215
wgi.voice_accountability,TCD,2023,32.7223209,27.8737446,37.5708971
wgi.voice_accountability,TCD,2024,30.267189,25.4186127,35.1157652
wgi.voice_accountability,TGO,1996,35.6371714,29.2821821,41.9921606
wgi.voice_accountability,TGO,1998,30.9770969,24.6221077,37.3320862
wgi.voice_accountability,TGO,2000,32.322606,26.3059084,38.3393036
wgi.voice_accountability,TGO,2002,30.1642551,24.9341648,35.3943453
wgi.voice_accountability,TGO,2003,31.7063311,26.4762409,36.9364214
wgi.voice_accountability,TGO,2004,35.2139034,30.1559747,40.2718322
wgi.voice_accountability,TGO,2005,34.0617513,29.3713958,38.7521068
wgi.voice_accountability,TGO,2006,36.4802925,32.1418333,40.8187517
wgi.voice_accountability,TGO,2007,39.0042687,34.6658095,43.3427279
wgi.voice_accountability,TGO,2008,41.0110008,36.6725416,45.34946
wgi.voice_accountability,TGO,2009,39.9031545,35.5646953,44.2416137
wgi.voice_accountability,TGO,2010,41.262193,36.9237338,45.6006523
wgi.voice_accountability,TGO,2011,42.2317294,37.9098223,46.5536365
wgi.voice_accountability,TGO,2012,39.9267356,35.6048285,44.2486427
wgi.voice_accountability,TGO,2013,40.9371246,36.7574969,45.1167522
wgi.voice_accountability,TGO,2014,41.3803226,37.200695,45.5599502
wgi.voice_accountability,TGO,2015,42.794914,38.6152864,46.9745416
wgi.voice_accountability,TGO,2016,43.6712549,39.3238151,48.0186946
wgi.voice_accountability,TGO,2017,43.7066117,39.3591719,48.0540514
wgi.voice_accountability,TGO,2018,43.3722896,38.7307993,48.0137799
wgi.voice_accountability,TGO,2019,44.0656997,39.4242094,48.70719
wgi.voice_accountability,TGO,2020,44.0004539,39.3414034,48.6595045
wgi.voice_accountability,TGO,2021,41.2623331,37.1795537,45.3451124
wgi.voice_accountability,TGO,2022,41.9199453,37.837166,46.0027247
wgi.voice_accountability,TGO,2023,41.7711269,37.6883476,45.8539063
wgi.voice_accountability,TGO,2024,39.8403293,35.75755,43.9231087
wgi.voice_accountability,THA,1996,57.8685546,52.3238956,63.4132136
wgi.voice_accountability,THA,1998,60.0930054,54.5483464,65.6376644
wgi.voice_accountability,THA,2000,61.9080398,56.3633808,67.4526988
wgi.voice_accountability,THA,2002,62.964315,58.1125305,67.8160995
wgi.voice_accountability,THA,2003,59.6500489,54.7982645,64.5018334
wgi.voice_accountability,THA,2004,57.4142197,53.2000965,61.628343
wgi.voice_accountability,THA,2005,55.5118182,51.2976949,59.7259415
wgi.voice_accountability,THA,2006,45.829359,41.621983,50.0367351
wgi.voice_accountability,THA,2007,47.7711097,43.7295399,51.8126794
wgi.voice_accountability,THA,2008,48.7264743,44.6849045,52.768044
wgi.voice_accountability,THA,2009,48.8507804,44.8092107,52.8923502
wgi.voice_accountability,THA,2010,46.7595341,42.7179643,50.8011038
wgi.voice_accountability,THA,2011,48.7372225,45.0641362,52.4103089
wgi.voice_accountability,THA,2012,50.9721346,46.7811671,55.1631021
wgi.voice_accountability,THA,2013,49.1454454,44.9544779,53.3364128
wgi.voice_accountability,THA,2014,41.6258265,37.434859,45.816794
wgi.voice_accountability,THA,2015,41.9868556,37.7958881,46.1778231
wgi.voice_accountability,THA,2016,41.8779464,37.6869789,46.0689138
wgi.voice_accountability,THA,2017,41.3809947,37.1900272,45.5719622
wgi.voice_accountability,THA,2018,40.5171383,36.0646557,44.969621
wgi.voice_accountability,THA,2019,42.685534,38.2175563,47.1535116
wgi.voice_accountability,THA,2020,41.5514409,37.0834633,46.0194186
wgi.voice_accountability,THA,2021,42.3398755,37.9981399,46.6816112
wgi.voice_accountability,THA,2022,42.93869,38.5969543,47.2804256
wgi.voice_accountability,THA,2023,45.4026116,41.0255751,49.779648
wgi.voice_accountability,THA,2024,47.050639,42.6736025,51.4276754
wgi.voice_accountability,TJK,1996,23.6087731,16.5739767,30.6435695
wgi.voice_accountability,TJK,1998,25.9302892,18.8954928,32.9650856
wgi.voice_accountability,TJK,2000,29.5381771,23.1547113,35.9216428
wgi.voice_accountability,TJK,2002,37.7111148,32.245476,43.1767536
wgi.voice_accountability,TJK,2003,38.5303276,33.0646888,43.9959663
wgi.voice_accountability,TJK,2004,38.8138749,33.3765289,44.2512209
wgi.voice_accountability,TJK,2005,37.3613328,32.1424879,42.5801777
wgi.voice_accountability,TJK,2006,38.0704952,33.5106802,42.6303101
wgi.voice_accountability,TJK,2007,39.3082887,34.7484737,43.8681036
wgi.voice_accountability,TJK,2008,38.0038037,33.4439887,42.5636186
wgi.voice_accountability,TJK,2009,38.2000521,33.6402371,42.759867
wgi.voice_accountability,TJK,2010,36.4316514,31.8718364,40.9914663
wgi.voice_accountability,TJK,2011,38.1786378,33.6665679,42.6907077
wgi.voice_accountability,TJK,2012,38.3047345,33.7926646,42.8168044
wgi.voice_accountability,TJK,2013,36.25883,31.5662115,40.9514486
wgi.voice_accountability,TJK,2014,35.648275,30.9556564,40.3408935
wgi.voice_accountability,TJK,2015,34.7585464,30.0659279,39.451165
wgi.voice_accountability,TJK,2016,33.1822985,28.4896799,37.8749171
wgi.voice_accountability,TJK,2017,33.7597319,29.0671133,38.4523505
wgi.voice_accountability,TJK,2018,32.8911376,27.822261,37.9600142
wgi.voice_accountability,TJK,2019,28.5159372,23.4470606,33.5848138
wgi.voice_accountability,TJK,2020,30.436179,25.0317307,35.8406273
wgi.voice_accountability,TJK,2021,30.0560319,24.5830369,35.529027
wgi.voice_accountability,TJK,2022,29.4999814,24.3386199,34.6613429
wgi.voice_accountability,TJK,2023,30.1469539,24.9855924,35.3083154
wgi.voice_accountability,TJK,2024,28.099924,22.9385625,33.2612855
wgi.voice_accountability,TKM,1996,25.6459665,18.6111701,32.6807629
wgi.voice_accountability,TKM,1998,25.4522823,18.4174859,32.4870787
wgi.voice_accountability,TKM,2000,21.5370227,14.5022263,28.5718191
wgi.voice_accountability,TKM,2002,24.8664722,19.0084836,30.7244607
wgi.voice_accountability,TKM,2003,24.7827,18.9247115,30.6406886
wgi.voice_accountability,TKM,2004,28.1296677,22.2716792,33.9876563
wgi.voice_accountability,TKM,2005,25.4079712,20.183249,30.6326934
wgi.voice_accountability,TKM,2006,27.8388621,22.6141399,33.0635844
wgi.voice_accountability,TKM,2007,26.4650918,21.5244559,31.4057276
wgi.voice_accountability,TKM,2008,27.0155468,22.074911,31.9561827
wgi.voice_accountability,TKM,2009,27.4307164,22.4900805,32.3713522
wgi.voice_accountability,TKM,2010,27.9985881,23.0579523,32.939224
wgi.voice_accountability,TKM,2011,25.1872841,20.2466482,30.1279199
wgi.voice_accountability,TKM,2012,25.1880209,20.2473851,30.1286568
wgi.voice_accountability,TKM,2013,25.6350975,20.6944617,30.5757333
wgi.voice_accountability,TKM,2014,26.1961853,21.2555494,31.1368211
wgi.voice_accountability,TKM,2015,25.96046,21.0198242,30.9010959
wgi.voice_accountability,TKM,2016,25.835585,20.8949492,30.7762209
wgi.voice_accountability,TKM,2017,26.3599421,21.4193062,31.3005779
wgi.voice_accountability,TKM,2018,26.2530141,20.8672795,31.6387488
wgi.voice_accountability,TKM,2019,21.3382137,15.9524791,26.7239483
wgi.voice_accountability,TKM,2020,23.6811004,17.9211695,29.4410312
wgi.voice_accountability,TKM,2021,23.943902,18.1839711,29.7038329
wgi.voice_accountability,TKM,2022,21.2373469,15.8516122,26.6230815
wgi.voice_accountability,TKM,2023,20.6519569,15.2662222,26.0376915
wgi.voice_accountability,TKM,2024,21.0915091,15.7057745,26.4772438
wgi.voice_accountability,TLS,1996,25.2105134,14.0173199,36.4037069
wgi.voice_accountability,TLS,1998,27.6532675,16.460074,38.846461
wgi.voice_accountability,TLS,2000,58.3191632,50.3159453,66.322381
wgi.voice_accountability,TLS,2002,59.9847018,52.9499054,67.0194982
wgi.voice_accountability,TLS,2003,60.1041755,54.7939396,65.4144114
wgi.voice_accountability,TLS,2004,57.1250559,51.8407814,62.4093303
wgi.voice_accountability,TLS,2005,56.2407794,51.0182817,61.463277
wgi.voice_accountability,TLS,2006,57.3846248,52.7316616,62.037588
wgi.voice_accountability,TLS,2007,60.3171195,55.8406287,64.7936104
wgi.voice_accountability,TLS,2008,61.179742,56.7032511,65.6562328
wgi.voice_accountability,TLS,2009,58.2080101,53.7767195,62.6393008
wgi.voice_accountability,TLS,2010,57.7410542,53.3097635,62.1723449
wgi.voice_accountability,TLS,2011,58.0135032,52.8458408,63.1811656
wgi.voice_accountability,TLS,2012,58.1829868,52.7388359,63.6271378
wgi.voice_accountability,TLS,2013,57.0852465,51.6410955,62.5293974
wgi.voice_accountability,TLS,2014,57.4787917,52.0346407,62.9229426
wgi.voice_accountability,TLS,2015,57.6745185,52.2303675,63.1186694
wgi.voice_accountability,TLS,2016,57.3682179,51.924067,62.8123689
wgi.voice_accountability,TLS,2017,58.913602,53.469451,64.3577529
wgi.voice_accountability,TLS,2018,60.2632836,54.8720865,65.6544808
wgi.voice_accountability,TLS,2019,62.0709687,56.5830948,67.5588426
wgi.voice_accountability,TLS,2020,61.9031636,56.4152897,67.3910375
wgi.voice_accountability,TLS,2021,62.6234103,57.1355364,68.1112842
wgi.voice_accountability,TLS,2022,63.5996238,58.1117499,69.0874978
wgi.voice_accountability,TLS,2023,62.7707935,57.2829196,68.2586674
wgi.voice_accountability,TLS,2024,62.8971107,57.4092368,68.3849846
wgi.voice_accountability,TON,1996,58.0403538,47.3802896,68.700418
wgi.voice_accountability,TON,1998,58.3251455,47.6650813,68.9852097
wgi.voice_accountability,TON,2000,58.8268771,48.1668129,69.4869413
wgi.voice_accountability,TON,2002,57.6774554,47.0173912,68.3375196
wgi.voice_accountability,TON,2003,57.1029222,46.442858,67.7629864
wgi.voice_accountability,TON,2004,54.6536974,46.5348249,62.77257
wgi.voice_accountability,TON,2005,55.4628532,47.8401745,63.085532
wgi.voice_accountability,TON,2006,55.3154385,47.6927598,62.9381173
wgi.voice_accountability,TON,2007,55.0609173,47.4382386,62.6835961
wgi.voice_accountability,TON,2008,60.7837849,53.1611062,68.4064637
wgi.voice_accountability,TON,2009,60.6970198,53.1505294,68.2435102
wgi.voice_accountability,TON,2010,63.9237367,56.3772463,71.4702271
wgi.voice_accountability,TON,2011,64.8056801,57.2591897,72.3521705
wgi.voice_accountability,TON,2012,63.1205055,55.574015,70.6669959
wgi.voice_accountability,TON,2013,63.3851273,55.8386369,70.9316178
wgi.voice_accountability,TON,2014,63.8478949,56.3014045,71.3943853
wgi.voice_accountability,TON,2015,63.6133633,56.0668729,71.1598537
wgi.voice_accountability,TON,2016,62.5925779,55.0460875,70.1390683
wgi.voice_accountability,TON,2017,62.501684,54.9551935,70.0481744
wgi.voice_accountability,TON,2018,68.0425239,59.597993,76.4870548
wgi.voice_accountability,TON,2019,68.7341995,60.2896686,77.1787304
wgi.voice_accountability,TON,2020,73.7875741,65.2358738,82.3392745
wgi.voice_accountability,TON,2021,72.8691118,64.3174114,81.4208122
wgi.voice_accountability,TON,2022,71.8350262,63.2833259,80.3867266
wgi.voice_accountability,TON,2023,71.6414137,63.0897133,80.1931141
wgi.voice_accountability,TON,2024,71.2141377,62.6624373,79.7658381
wgi.voice_accountability,TTO,1996,69.2819312,63.7137576,74.8501047
wgi.voice_accountability,TTO,1998,68.6455127,63.0773391,74.2136862
wgi.voice_accountability,TTO,2000,63.4122895,57.8441159,68.980463
wgi.voice_accountability,TTO,2002,64.3980261,58.9019926,69.8940597
wgi.voice_accountability,TTO,2003,65.8290436,60.4747942,71.183293
wgi.voice_accountability,TTO,2004,65.3358077,60.0081639,70.6634516
wgi.voice_accountability,TTO,2005,67.8296394,62.5019955,73.1572833
wgi.voice_accountability,TTO,2006,68.1505388,62.8365083,73.4645692
wgi.voice_accountability,TTO,2007,67.5065224,62.2676424,72.7454024
wgi.voice_accountability,TTO,2008,67.1635769,61.9246969,72.4024569
wgi.voice_accountability,TTO,2009,67.6146458,62.3757658,72.8535258
wgi.voice_accountability,TTO,2010,67.8488204,62.5858499,73.1117908
wgi.voice_accountability,TTO,2011,67.7841662,62.5211957,73.0471366
wgi.voice_accountability,TTO,2012,67.5892812,62.3515844,72.826978
wgi.voice_accountability,TTO,2013,67.080034,61.8423372,72.3177309
wgi.voice_accountability,TTO,2014,66.8636963,61.6259994,72.1013931
wgi.voice_accountability,TTO,2015,65.0817731,60.5803412,69.583205
wgi.voice_accountability,TTO,2016,65.1596259,60.6581941,69.6610578
wgi.voice_accountability,TTO,2017,65.2973338,60.7959019,69.7987657
wgi.voice_accountability,TTO,2018,64.6146177,60.1351532,69.0940822
wgi.voice_accountability,TTO,2019,64.5482832,60.0522911,69.0442754
wgi.voice_accountability,TTO,2020,64.9552354,60.4592433,69.4512275
wgi.voice_accountability,TTO,2021,65.0839312,60.5879391,69.5799233
wgi.voice_accountability,TTO,2022,64.6364555,60.1404634,69.1324477
wgi.voice_accountability,TTO,2023,64.8146571,60.280198,69.3491162
wgi.voice_accountability,TTO,2024,63.9605409,59.4344865,68.4865953
wgi.voice_accountability,TUN,1996,39.5665082,33.9983346,45.1346817
wgi.voice_accountability,TUN,1998,37.125429,31.5572554,42.6936026
wgi.voice_accountability,TUN,2000,38.0892508,32.7528627,43.425639
wgi.voice_accountability,TUN,2002,37.0233422,32.3041759,41.7425086
wgi.voice_accountability,TUN,2003,37.2797012,32.5605349,41.9988676
wgi.voice_accountability,TUN,2004,36.5655191,32.5834789,40.5475594
wgi.voice_accountability,TUN,2005,36.1435796,32.1615394,40.1256199
wgi.voice_accountability,TUN,2006,37.0473469,33.0653066,41.0293872
wgi.voice_accountability,TUN,2007,36.2652044,32.2831642,40.2472447
wgi.voice_accountability,TUN,2008,36.8075943,32.8312493,40.7839393
wgi.voice_accountability,TUN,2009,35.6167792,31.6404343,39.5931242
wgi.voice_accountability,TUN,2010,33.9565526,29.9802077,37.9328976
wgi.voice_accountability,TUN,2011,52.3180008,48.3858881,56.2501134
wgi.voice_accountability,TUN,2012,54.3646141,50.7742725,57.9549556
wgi.voice_accountability,TUN,2013,54.7742791,51.2669903,58.2815678
wgi.voice_accountability,TUN,2014,59.2875584,55.7802696,62.7948471
wgi.voice_accountability,TUN,2015,60.2576601,56.7503713,63.7649489
wgi.voice_accountability,TUN,2016,60.6011622,56.6321683,64.5701561
wgi.voice_accountability,TUN,2017,58.6622592,54.6932653,62.6312531
wgi.voice_accountability,TUN,2018,58.342354,54.153401,62.5313069
wgi.voice_accountability,TUN,2019,58.732712,54.543759,62.9216649
wgi.voice_accountability,TUN,2020,58.7055061,54.5036591,62.9073531
wgi.voice_accountability,TUN,2021,55.7562195,51.5543724,59.9580665
wgi.voice_accountability,TUN,2022,49.5813273,45.3794803,53.7831744
wgi.voice_accountability,TUN,2023,48.0041325,43.770312,52.2379531
wgi.voice_accountability,TUN,2024,44.8825934,40.6487728,49.116414
wgi.voice_accountability,TUR,1996,51.4893244,45.9446654,57.0339834
wgi.voice_accountability,TUR,1998,43.6083527,38.0636937,49.1530117
wgi.voice_accountability,TUR,2000,47.6431455,42.0984865,53.1878045
wgi.voice_accountability,TUR,2002,51.8230514,46.9616826,56.6844202
wgi.voice_accountability,TUR,2003,55.6602848,50.798916,60.5216536
wgi.voice_accountability,TUR,2004,57.7311093,53.5383583,61.9238603
wgi.voice_accountability,TUR,2005,58.7754006,54.6198581,62.930943
wgi.voice_accountability,TUR,2006,58.4611609,54.3120891,62.6102326
wgi.voice_accountability,TUR,2007,56.0252275,51.8761557,60.1742992
wgi.voice_accountability,TUR,2008,56.9109427,52.8882406,60.9336447
wgi.voice_accountability,TUR,2009,57.799628,53.776926,61.8223301
wgi.voice_accountability,TUR,2010,56.3736705,52.3509685,60.3963726
wgi.voice_accountability,TUR,2011,53.466157,49.8072512,57.1250629
wgi.voice_accountability,TUR,2012,53.4263424,49.3846291,57.4680556
wgi.voice_accountability,TUR,2013,51.5118589,47.3419171,55.6818006
wgi.voice_accountability,TUR,2014,48.3717566,44.2018148,52.5416983
wgi.voice_accountability,TUR,2015,46.5962376,42.4262958,50.7661793
wgi.voice_accountability,TUR,2016,44.2562861,40.0863443,48.4262278
wgi.voice_accountability,TUR,2017,43.1206983,38.9507566,47.2906401
wgi.voice_accountability,TUR,2018,40.2016087,35.7743174,44.6289001
wgi.voice_accountability,TUR,2019,40.9941354,36.5668441,45.4214268
wgi.voice_accountability,TUR,2020,40.158031,35.7155055,44.6005565
wgi.voice_accountability,TUR,2021,39.2912763,34.8109104,43.7716422
wgi.voice_accountability,TUR,2022,37.673761,33.1933951,42.1541269
wgi.voice_accountability,TUR,2023,37.8996709,33.419305,42.3800368
wgi.voice_accountability,TUR,2024,37.6897898,33.2094239,42.1701557
wgi.voice_accountability,TUV,1996,80.6656445,70.0055803,91.3257087
wgi.voice_accountability,TUV,1998,80.6295071,69.9694429,91.2895713
wgi.voice_accountability,TUV,2000,80.6498503,69.9897861,91.3099145
wgi.voice_accountability,TUV,2002,75.7266066,65.0665425,86.3866708
wgi.voice_accountability,TUV,2003,73.4166667,62.7566025,84.0767308
wgi.voice_accountability,TUV,2004,67.4790453,58.8385198,76.1195708
wgi.voice_accountability,TUV,2005,69.3616865,60.7232823,78.0000907
wgi.voice_accountability,TUV,2006,67.7664606,59.1280565,76.4048648
wgi.voice_accountability,TUV,2007,66.6031175,57.9647133,75.2415217
wgi.voice_accountability,TUV,2008,66.5840608,57.9456566,75.2224649
wgi.voice_accountability,TUV,2009,66.5878343,57.9494301,75.2262385
wgi.voice_accountability,TUV,2010,66.5659229,57.9275187,75.2043271
wgi.voice_accountability,TUV,2011,66.6053473,57.9669431,75.2437515
wgi.voice_accountability,TUV,2012,64.3242776,56.2748322,72.3737231
wgi.voice_accountability,TUV,2013,64.2136322,56.1641867,72.2630776
wgi.voice_accountability,TUV,2014,66.0193482,57.9699028,74.0687936
wgi.voice_accountability,TUV,2015,66.0308106,57.9813651,74.080256
wgi.voice_accountability,TUV,2016,66.016532,57.9670866,74.0659775
wgi.voice_accountability,TUV,2017,66.0041175,57.9546721,74.053563
wgi.voice_accountability,TUV,2018,72.4653329,61.890315,83.0403507
wgi.voice_accountability,TUV,2019,76.8494211,67.6814581,86.0173841
wgi.voice_accountability,TUV,2020,72.3051081,63.1371451,81.4730711
wgi.voice_accountability,TUV,2021,73.1523388,63.9843758,82.3203018
wgi.voice_accountability,TUV,2022,73.2317336,64.0637706,82.3996966
wgi.voice_accountability,TUV,2023,73.2053994,64.0374364,82.3733624
wgi.voice_accountability,TUV,2024,77.6524458,68.4844828,86.8204088
wgi.voice_accountability,TZA,1996,39.841082,34.2729084,45.4092555
wgi.voice_accountability,TZA,1998,41.9435754,36.3754019,47.511749
wgi.voice_accountability,TZA,2000,41.8899846,36.5535964,47.2263727
wgi.voice_accountability,TZA,2002,45.1989964,40.4562962,49.9416966
wgi.voice_accountability,TZA,2003,45.6146455,40.9167604,50.3125306
wgi.voice_accountability,TZA,2004,48.615554,44.0436273,53.1874807
wgi.voice_accountability,TZA,2005,51.3661051,47.5511611,55.1810492
wgi.voice_accountability,TZA,2006,55.7548858,52.0434935,59.4662781
wgi.voice_accountability,TZA,2007,57.0280483,53.316656,60.7394406
wgi.voice_accountability,TZA,2008,55.7767499,52.0653576,59.4881422
wgi.voice_accountability,TZA,2009,55.8102041,52.0988118,59.5215964
wgi.voice_accountability,TZA,2010,55.1767295,51.4653373,58.8881218
wgi.voice_accountability,TZA,2011,55.7224554,52.0110631,59.4338477
wgi.voice_accountability,TZA,2012,54.3062012,50.8862272,57.7261753
wgi.voice_accountability,TZA,2013,53.6809511,50.260977,57.1009252
wgi.voice_accountability,TZA,2014,53.9213565,50.5013824,57.3413306
wgi.voice_accountability,TZA,2015,53.4474469,49.7211407,57.173753
wgi.voice_accountability,TZA,2016,51.9455408,48.1017859,55.7892957
wgi.voice_accountability,TZA,2017,51.287813,47.4440582,55.1315679
wgi.voice_accountability,TZA,2018,49.3573725,45.3148734,53.3998716
wgi.voice_accountability,TZA,2019,48.382006,44.3395069,52.4245052
wgi.voice_accountability,TZA,2020,46.4018672,42.3477832,50.4559512
wgi.voice_accountability,TZA,2021,44.4243625,40.3702785,48.4784465
wgi.voice_accountability,TZA,2022,44.8544861,40.8004021,48.9085702
wgi.voice_accountability,TZA,2023,45.8727932,41.7900139,49.9555726
wgi.voice_accountability,TZA,2024,45.5602425,41.4774632,49.6430219
wgi.voice_accountability,UGA,1996,38.8504026,33.282229,44.4185762
wgi.voice_accountability,UGA,1998,36.7443806,31.176207,42.3125542
wgi.voice_accountability,UGA,2000,35.2202988,29.8839107,40.556687
wgi.voice_accountability,UGA,2002,36.8462433,32.1035431,41.5889435
wgi.voice_accountability,UGA,2003,41.3738869,37.2495934,45.4981804
wgi.voice_accountability,UGA,2004,43.1604115,39.1221287,47.1986943
wgi.voice_accountability,UGA,2005,45.669094,41.85415,49.484038
wgi.voice_accountability,UGA,2006,49.6719762,45.9605839,53.3833685
wgi.voice_accountability,UGA,2007,48.6878778,44.9764855,52.3992701
wgi.voice_accountability,UGA,2008,47.8612037,44.1498114,51.572596
wgi.voice_accountability,UGA,2009,47.6911355,43.9797432,51.4025278
wgi.voice_accountability,UGA,2010,46.8584704,43.1470781,50.5698627
wgi.voice_accountability,UGA,2011,45.7933389,42.3733648,49.213313
wgi.voice_accountability,UGA,2012,45.8310743,42.4111002,49.2510484
wgi.voice_accountability,UGA,2013,44.818291,41.3983169,48.2382651
wgi.voice_accountability,UGA,2014,45.3569196,41.9369455,48.7768937
wgi.voice_accountability,UGA,2015,45.1920707,41.4657645,48.9183768
wgi.voice_accountability,UGA,2016,42.0980332,38.2542783,45.941788
wgi.voice_accountability,UGA,2017,42.506746,38.6629912,46.3505009
wgi.voice_accountability,UGA,2018,41.8574019,37.8149028,45.8999011
wgi.voice_accountability,UGA,2019,41.5004632,37.4579641,45.5429623
wgi.voice_accountability,UGA,2020,41.7385775,37.6844935,45.7926616
wgi.voice_accountability,UGA,2021,40.0915058,36.0374218,44.1455898
wgi.voice_accountability,UGA,2022,39.8387069,35.7846228,43.8927909
wgi.voice_accountability,UGA,2023,40.5931271,36.5103478,44.6759065
wgi.voice_accountability,UGA,2024,39.1204397,35.0376604,43.2032191
wgi.voice_accountability,UKR,1996,47.7822272,41.7736998,53.7907547
wgi.voice_accountability,UKR,1998,48.5723631,43.0041895,54.1405367
wgi.voice_accountability,UKR,2000,43.5587541,38.3307589,48.7867493
wgi.voice_accountability,UKR,2002,44.8829889,40.2392863,49.5266916
wgi.voice_accountability,UKR,2003,44.1881926,39.54449,48.8318953
wgi.voice_accountability,UKR,2004,44.8836383,40.2399357,49.5273409
wgi.voice_accountability,UKR,2005,52.8993564,48.2556538,57.5430591
wgi.voice_accountability,UKR,2006,58.4692243,53.8345459,63.1039026
wgi.voice_accountability,UKR,2007,58.9103605,54.5063457,63.3143753
wgi.voice_accountability,UKR,2008,58.9789475,54.5749327,63.3829623
wgi.voice_accountability,UKR,2009,59.1925076,54.7884928,63.5965224
wgi.voice_accountability,UKR,2010,55.8528017,51.4487869,60.2568165
wgi.voice_accountability,UKR,2011,52.1140898,48.1753191,56.0528604
wgi.voice_accountability,UKR,2012,52.1545765,48.2158059,56.0933471
wgi.voice_accountability,UKR,2013,50.7692738,46.7121093,54.8264382
wgi.voice_accountability,UKR,2014,53.5552045,49.49804,57.6123689
wgi.voice_accountability,UKR,2015,54.0960821,50.0389177,58.1532466
wgi.voice_accountability,UKR,2016,54.5786397,50.5214753,58.6358042
wgi.voice_accountability,UKR,2017,54.5642965,50.507132,58.6214609
wgi.voice_accountability,UKR,2018,56.2665798,51.9735745,60.559585
wgi.voice_accountability,UKR,2019,58.2730284,53.9800231,62.5660336
wgi.voice_accountability,UKR,2020,59.081211,54.7882058,63.3742163
wgi.voice_accountability,UKR,2021,58.5918082,54.2988029,62.8848134
wgi.voice_accountability,UKR,2022,56.5117214,52.2187161,60.8047266
wgi.voice_accountability,UKR,2023,55.272869,50.9457461,59.5999918
wgi.voice_accountability,UKR,2024,54.9063143,50.5791915,59.2334372
wgi.voice_accountability,URY,1996,70.9847413,65.4211551,76.5483275
wgi.voice_accountability,URY,1998,71.9569748,66.3933886,77.520561
wgi.voice_accountability,URY,2000,72.9746973,67.4111111,78.5382835
wgi.voice_accountability,URY,2002,74.4841487,69.6100346,79.3582628
wgi.voice_accountability,URY,2003,74.0383341,69.1642199,78.9124482
wgi.voice_accountability,URY,2004,72.912728,68.058712,77.766744
wgi.voice_accountability,URY,2005,74.2588934,69.4048774,79.1129094
wgi.voice_accountability,URY,2006,76.2800528,71.4372787,81.122827
wgi.voice_accountability,URY,2007,76.5301739,71.6873997,81.3729481
wgi.voice_accountability,URY,2008,76.7724259,71.9296517,81.6152
wgi.voice_accountability,URY,2009,77.6425026,72.7997284,82.4852768
wgi.voice_accountability,URY,2010,78.406299,73.5635248,83.2490731
wgi.voice_accountability,URY,2011,77.9252168,73.0824426,82.767991
wgi.voice_accountability,URY,2012,76.2575341,72.0142587,80.5008096
wgi.voice_accountability,URY,2013,77.045708,72.8024326,81.2889834
wgi.voice_accountability,URY,2014,76.9866406,72.7433652,81.229916
wgi.voice_accountability,URY,2015,78.021897,73.7786216,82.2651725
wgi.voice_accountability,URY,2016,78.5618891,74.3186137,82.8051645
wgi.voice_accountability,URY,2017,78.4308917,74.1876163,82.6741671
wgi.voice_accountability,URY,2018,78.4472005,73.9318419,82.9625591
wgi.voice_accountability,URY,2019,78.6043011,74.0889425,83.1196597
wgi.voice_accountability,URY,2020,78.8144763,74.2829541,83.3459984
wgi.voice_accountability,URY,2021,78.4811326,73.9496104,83.0126548
wgi.voice_accountability,URY,2022,77.8776923,73.3461701,82.4092145
wgi.voice_accountability,URY,2023,78.1716921,73.5999895,82.7433947
wgi.voice_accountability,URY,2024,78.3389459,73.7672433,82.9106485
wgi.voice_accountability,USA,1996,80.7732953,75.2286363,86.3179543
wgi.voice_accountability,USA,1998,80.9901459,75.4454869,86.5348049
wgi.voice_accountability,USA,2000,79.2440521,73.6993931,84.7887111
wgi.voice_accountability,USA,2002,81.4067577,76.0734237,86.7400916
wgi.voice_accountability,USA,2003,80.1606067,74.8272727,85.4939406
wgi.voice_accountability,USA,2004,78.6270124,73.2936784,83.9603463
wgi.voice_accountability,USA,2005,80.1283951,74.871022,85.3857682
wgi.voice_accountability,USA,2006,79.3544666,74.3596885,84.3492446
wgi.voice_accountability,USA,2007,79.4662882,74.4715102,84.4610662
wgi.voice_accountability,USA,2008,80.0566752,75.0618971,85.0514532
wgi.voice_accountability,USA,2009,79.621229,74.6264509,84.616007
wgi.voice_accountability,USA,2010,79.4944427,74.4996647,84.4892208
wgi.voice_accountability,USA,2011,78.4079845,74.0635726,82.7523963
wgi.voice_accountability,USA,2012,78.9702134,74.6258016,83.3146252
wgi.voice_accountability,USA,2013,77.2611111,72.7562487,81.7659735
wgi.voice_accountability,USA,2014,77.8551578,73.3502955,82.3600202
wgi.voice_accountability,USA,2015,79.4057418,74.9008795,83.9106042
wgi.voice_accountability,USA,2016,78.5831949,74.0783325,83.0880572
wgi.voice_accountability,USA,2017,76.5158796,72.1403204,80.8914389
wgi.voice_accountability,USA,2018,75.281107,70.6053504,79.9568637
wgi.voice_accountability,USA,2019,74.7890018,70.1132451,79.4647585
wgi.voice_accountability,USA,2020,73.5834356,68.9076789,78.2591923
wgi.voice_accountability,USA,2021,72.3867309,67.7109743,77.0624876
wgi.voice_accountability,USA,2022,72.9996786,68.3239219,77.6754353
wgi.voice_accountability,USA,2023,71.9646969,67.2447605,76.6846334
wgi.voice_accountability,USA,2024,72.3731718,67.6532353,77.0931082
wgi.voice_accountability,UZB,1996,27.6998539,21.1209991,34.2787087
wgi.voice_accountability,UZB,1998,25.0511427,18.4722879,31.6299975
wgi.voice_accountability,UZB,2000,23.8591392,17.8221649,29.8961135
wgi.voice_accountability,UZB,2002,28.1920291,23.2513933,33.132665
wgi.voice_accountability,UZB,2003,27.6750739,22.734438,32.6157097
wgi.voice_accountability,UZB,2004,29.0886834,24.1480475,34.0293192
wgi.voice_accountability,UZB,2005,26.3600804,21.5380099,31.1821508
wgi.voice_accountability,UZB,2006,27.4751307,22.6530602,32.2972012
wgi.voice_accountability,UZB,2007,27.5048236,22.6827532,32.3268941
wgi.voice_accountability,UZB,2008,26.9604455,22.138375,31.782516
wgi.voice_accountability,UZB,2009,27.7870618,22.975092,32.5990316
wgi.voice_accountability,UZB,2010,27.8882699,23.0763001,32.7002397
wgi.voice_accountability,UZB,2011,28.2463096,23.45368,33.0389391
wgi.voice_accountability,UZB,2012,27.4148941,23.205472,31.6243162
wgi.voice_accountability,UZB,2013,29.251145,25.0417229,33.4605671
wgi.voice_accountability,UZB,2014,29.984536,25.7751139,34.1939581
wgi.voice_accountability,UZB,2015,28.9626952,24.7532731,33.1721173
wgi.voice_accountability,UZB,2016,29.2477162,25.0382941,33.4571384
wgi.voice_accountability,UZB,2017,31.1357675,26.9195877,35.3519473
wgi.voice_accountability,UZB,2018,34.1351848,29.6524368,38.6179328
wgi.voice_accountability,UZB,2019,31.9089434,27.4261955,36.3916914
wgi.voice_accountability,UZB,2020,35.1559842,30.4461414,39.865827
wgi.voice_accountability,UZB,2021,38.66,34.1714359,43.148564
wgi.voice_accountability,UZB,2022,38.6019267,34.2973628,42.9064906
wgi.voice_accountability,UZB,2023,39.3359759,35.031412,43.6405398
wgi.voice_accountability,UZB,2024,38.6431924,34.4518591,42.8345256
wgi.voice_accountability,VCT,1996,75.4238503,64.7637861,86.0839145
wgi.voice_accountability,VCT,1998,75.3877147,64.7276505,86.0477789
wgi.voice_accountability,VCT,2000,75.4080561,64.7479919,86.0681203
wgi.voice_accountability,VCT,2002,73.2929153,62.6328511,83.9529795
wgi.voice_accountability,VCT,2003,73.1373532,62.477289,83.7974174
wgi.voice_accountability,VCT,2004,68.5007303,59.9707033,77.0307574
wgi.voice_accountability,VCT,2005,75.5545537,67.593011,83.5160964
wgi.voice_accountability,VCT,2006,76.7798907,68.818348,84.7414334
wgi.voice_accountability,VCT,2007,76.927911,68.9663683,84.8894537
wgi.voice_accountability,VCT,2008,76.9117229,68.9501802,84.8732656
wgi.voice_accountability,VCT,2009,75.4915097,67.529967,83.4530524
wgi.voice_accountability,VCT,2010,75.5275928,67.4764304,83.5787553
wgi.voice_accountability,VCT,2011,73.7447456,65.6935831,81.795908
wgi.voice_accountability,VCT,2012,73.716199,65.6650366,81.7673614
wgi.voice_accountability,VCT,2013,73.6741528,65.6229903,81.7253152
wgi.voice_accountability,VCT,2014,73.7194107,65.6682483,81.7705731
wgi.voice_accountability,VCT,2015,67.4852937,61.5436922,73.4268951
wgi.voice_accountability,VCT,2016,67.3144974,61.3746234,73.2543713
wgi.voice_accountability,VCT,2017,67.1492144,61.2093404,73.0890883
wgi.voice_accountability,VCT,2018,65.9098334,59.1449534,72.6747134
wgi.voice_accountability,VCT,2019,67.7858744,61.0209944,74.5507544
wgi.voice_accountability,VCT,2020,67.7795175,61.0146375,74.5443975
wgi.voice_accountability,VCT,2021,67.6224922,60.8550603,74.3899241
wgi.voice_accountability,VCT,2022,66.9228967,60.1554648,73.6903286
wgi.voice_accountability,VCT,2023,66.7106353,59.9432034,73.4780671
wgi.voice_accountability,VCT,2024,65.6504027,58.8829709,72.4178346
wgi.voice_accountability,VEN,1996,54.0294694,48.48934,59.5695987
wgi.voice_accountability,VEN,1998,54.6531548,49.1130255,60.1932842
wgi.voice_accountability,VEN,2000,51.5815923,46.0414629,57.1217216
wgi.voice_accountability,VEN,2002,45.0822845,40.2239664,49.9406027
wgi.voice_accountability,VEN,2003,46.4251385,42.1935652,50.6567118
wgi.voice_accountability,VEN,2004,44.9251262,40.7067218,49.1435306
wgi.voice_accountability,VEN,2005,45.4407635,41.2223591,49.6591679
wgi.voice_accountability,VEN,2006,44.2762704,40.0652521,48.4872888
wgi.voice_accountability,VEN,2007,42.9127425,38.7394158,47.0860692
wgi.voice_accountability,VEN,2008,41.7732955,37.5999687,45.9466222
wgi.voice_accountability,VEN,2009,41.1769997,37.1322007,45.2217986
wgi.voice_accountability,VEN,2010,41.2837929,37.2389939,45.3285918
wgi.voice_accountability,VEN,2011,39.4106817,35.3465565,43.4748069
wgi.voice_accountability,VEN,2012,38.8786113,34.8144861,42.9427365
wgi.voice_accountability,VEN,2013,35.7590412,31.5644735,39.953609
wgi.voice_accountability,VEN,2014,34.9470447,30.752477,39.1416125
wgi.voice_accountability,VEN,2015,33.5812485,29.3866808,37.7758163
wgi.voice_accountability,VEN,2016,33.2297163,29.0351485,37.424284
wgi.voice_accountability,VEN,2017,31.0033559,26.9137681,35.0929437
wgi.voice_accountability,VEN,2018,27.8839468,23.5524693,32.2154243
wgi.voice_accountability,VEN,2019,27.324212,22.9927345,31.6556894
wgi.voice_accountability,VEN,2020,27.2987791,22.9530406,31.6445176
wgi.voice_accountability,VEN,2021,25.4443221,21.0979063,29.790738
wgi.voice_accountability,VEN,2022,25.7258549,21.3794391,30.0722708
wgi.voice_accountability,VEN,2023,26.0826344,21.7008005,30.4644683
wgi.voice_accountability,VEN,2024,25.0393635,20.6575297,29.4211974
wgi.voice_accountability,VIR,2004,64.9220051,51.7498315,78.0941788
wgi.voice_accountability,VIR,2005,75.2980967,62.125923,88.4702704
wgi.voice_accountability,VIR,2006,71.5889885,58.4168148,84.7611622
wgi.voice_accountability,VIR,2007,71.534785,58.3626114,84.7069587
wgi.voice_accountability,VIR,2008,71.4904722,58.3182985,84.6626459
wgi.voice_accountability,VIR,2009,71.4992462,58.3270725,84.6714199
wgi.voice_accountability,VIR,2010,71.4483017,58.2761281,84.6204754
wgi.voice_accountability,VIR,2011,71.5399675,58.3677938,84.7121412
wgi.voice_accountability,VIR,2012,71.4635534,58.2913797,84.6357271
wgi.voice_accountability,VIR,2013,71.3510124,58.1788387,84.5231861
wgi.voice_accountability,VIR,2014,71.4721541,58.2999804,84.6443278
wgi.voice_accountability,VIR,2015,71.5028517,58.3306781,84.6750254
wgi.voice_accountability,VIR,2016,71.4646123,58.2924386,84.636786
wgi.voice_accountability,VIR,2017,71.4313681,58.2591944,84.6035418
wgi.voice_accountability,VNM,1996,36.2936792,30.7255056,41.8618528
wgi.voice_accountability,VNM,1998,32.788552,27.2203784,38.3567256
wgi.voice_accountability,VNM,2000,34.5101143,28.9419408,40.0782879
wgi.voice_accountability,VNM,2002,30.6969258,25.8197295,35.5741222
wgi.voice_accountability,VNM,2003,31.9102456,27.6662158,36.1542754
wgi.voice_accountability,VNM,2004,33.3694124,29.1386687,37.600156
wgi.voice_accountability,VNM,2005,34.6047065,30.485361,38.7240521
wgi.voice_accountability,VNM,2006,35.5729617,31.5884274,39.5574961
wgi.voice_accountability,VNM,2007,35.8362499,31.8517156,39.8207843
wgi.voice_accountability,VNM,2008,35.5418598,31.5573254,39.5263942
wgi.voice_accountability,VNM,2009,35.5500562,31.5655219,39.5345906
wgi.voice_accountability,VNM,2010,34.7474866,30.7629522,38.732021
wgi.voice_accountability,VNM,2011,36.4887252,32.858611,40.1188394
wgi.voice_accountability,VNM,2012,34.8633391,31.2332248,38.4934533
wgi.voice_accountability,VNM,2013,35.628933,31.9067679,39.351098
wgi.voice_accountability,VNM,2014,36.4178594,32.6956943,40.1400245
wgi.voice_accountability,VNM,2015,39.2258607,35.0983888,43.3533327
wgi.voice_accountability,VNM,2016,38.9693285,34.8418565,43.0968004
wgi.voice_accountability,VNM,2017,37.211354,33.1781032,41.2446048
wgi.voice_accountability,VNM,2018,37.8728693,33.6081656,42.137573
wgi.voice_accountability,VNM,2019,38.6260819,34.3613782,42.8907856
wgi.voice_accountability,VNM,2020,37.752762,33.3925629,42.112961
wgi.voice_accountability,VNM,2021,38.1896189,33.8291468,42.5500909
wgi.voice_accountability,VNM,2022,37.8345511,33.474079,42.1950232
wgi.voice_accountability,VNM,2023,37.5104103,33.1141736,41.9066469
wgi.voice_accountability,VNM,2024,37.6260947,33.229858,42.0223314
wgi.voice_accountability,VUT,1996,63.7843014,55.7810835,71.7875192
wgi.voice_accountability,VUT,1998,63.781676,55.7784581,71.7848939
wgi.voice_accountability,VUT,2000,64.2453677,56.2421498,72.2485855
wgi.voice_accountability,VUT,2002,66.1036087,58.1003908,74.1068265
wgi.voice_accountability,VUT,2003,65.4883314,57.4851136,73.4915493
wgi.voice_accountability,VUT,2004,61.7196395,54.6848431,68.7544359
wgi.voice_accountability,VUT,2005,60.3731048,53.6685033,67.0777062
wgi.voice_accountability,VUT,2006,60.4692092,53.7646077,67.1738106
wgi.voice_accountability,VUT,2007,61.6113919,55.4040536,67.8187301
wgi.voice_accountability,VUT,2008,63.78204,57.5747018,69.9893783
wgi.voice_accountability,VUT,2009,63.7839898,57.5766516,69.991328
wgi.voice_accountability,VUT,2010,62.8257985,56.6184603,69.0331368
wgi.voice_accountability,VUT,2011,62.2652901,56.0579519,68.4726283
wgi.voice_accountability,VUT,2012,64.2298132,57.5252118,70.9344147
wgi.voice_accountability,VUT,2013,64.2573499,57.5527484,70.9619513
wgi.voice_accountability,VUT,2014,63.0673732,56.3627717,69.7719746
wgi.voice_accountability,VUT,2015,62.8945536,56.2419713,69.5471359
wgi.voice_accountability,VUT,2016,63.6496092,56.9970269,70.3021915
wgi.voice_accountability,VUT,2017,64.0180909,57.3655086,70.6706731
wgi.voice_accountability,VUT,2018,67.0106419,59.1304735,74.8908103
wgi.voice_accountability,VUT,2019,66.942384,59.6989001,74.1858678
wgi.voice_accountability,VUT,2020,69.2246403,61.9138594,76.5354212
wgi.voice_accountability,VUT,2021,69.4071317,62.0963508,76.7179126
wgi.voice_accountability,VUT,2022,65.3690625,58.0582816,72.6798434
wgi.voice_accountability,VUT,2023,65.5937647,58.2829838,72.9045456
wgi.voice_accountability,VUT,2024,65.3625463,58.0517654,72.6733272
wgi.voice_accountability,WSM,1996,68.9885387,60.3480132,77.6290642
wgi.voice_accountability,WSM,1998,66.8914745,58.250949,75.532
wgi.voice_accountability,WSM,2000,69.7161224,61.0755969,78.3566479
wgi.voice_accountability,WSM,2002,68.291348,59.6508225,76.9318735
wgi.voice_accountability,WSM,2003,68.399993,59.7594675,77.0405185
wgi.voice_accountability,WSM,2004,67.7509657,59.1104402,76.3914912
wgi.voice_accountability,WSM,2005,70.0145941,61.9651487,78.0640395
wgi.voice_accountability,WSM,2006,68.5608566,60.5114112,76.6103021
wgi.voice_accountability,WSM,2007,67.7010766,59.6516312,75.750522
wgi.voice_accountability,WSM,2008,66.7763694,58.7269239,74.8258148
wgi.voice_accountability,WSM,2009,66.1977633,58.2378799,74.1576468
wgi.voice_accountability,WSM,2010,65.0188552,57.4723648,72.5653456
wgi.voice_accountability,WSM,2011,64.5715878,57.0250974,72.1180782
wgi.voice_accountability,WSM,2012,63.8946143,56.3481239,71.4411047
wgi.voice_accountability,WSM,2013,64.1139555,56.5674651,71.6604459
wgi.voice_accountability,WSM,2014,63.9756841,56.4291937,71.5221745
wgi.voice_accountability,WSM,2015,64.2918245,56.7453341,71.8383149
wgi.voice_accountability,WSM,2016,64.9836419,57.3609632,72.6063207
wgi.voice_accountability,WSM,2017,64.9403268,57.317648,72.5630055
wgi.voice_accountability,WSM,2018,70.4656945,61.9139941,79.0173949
wgi.voice_accountability,WSM,2019,71.5927183,63.0410179,80.1444186
wgi.voice_accountability,WSM,2020,72.1568025,63.6051021,80.7085029
wgi.voice_accountability,WSM,2021,71.1195595,62.5678591,79.6712599
wgi.voice_accountability,WSM,2022,75.9233486,67.3716483,84.475049
wgi.voice_accountability,WSM,2023,75.6175714,67.065871,84.1692718
wgi.voice_accountability,WSM,2024,72.3894981,63.8377977,80.9411984
wgi.voice_accountability,XKX,1996,18.9499886,6.9137789,30.9861982
wgi.voice_accountability,XKX,1998,29.1322541,17.0960444,41.1684637
wgi.voice_accountability,XKX,2000,45.5089252,38.0655175,52.952333
wgi.voice_accountability,XKX,2002,50.2352746,42.7918668,57.6786823
wgi.voice_accountability,XKX,2003,55.2756589,47.8322511,62.7190666
wgi.voice_accountability,XKX,2004,54.1290691,46.6856613,61.5724768
wgi.voice_accountability,XKX,2005,55.4943892,48.3922992,62.5964792
wgi.voice_accountability,XKX,2006,57.2690978,50.1991669,64.3390287
wgi.voice_accountability,XKX,2007,54.5120533,47.4421224,61.5819842
wgi.voice_accountability,XKX,2008,57.0986289,51.0312265,63.1660312
wgi.voice_accountability,XKX,2009,58.4154356,53.0549518,63.7759194
wgi.voice_accountability,XKX,2010,57.8231199,52.9605626,62.6856771
wgi.voice_accountability,XKX,2011,57.0629098,52.2003525,61.925467
wgi.voice_accountability,XKX,2012,57.1043977,52.2418404,61.9669549
wgi.voice_accountability,XKX,2013,56.8075957,51.71682,61.8983714
wgi.voice_accountability,XKX,2014,58.6081975,53.5174218,63.6989732
wgi.voice_accountability,XKX,2015,58.9115227,53.820747,64.0022984
wgi.voice_accountability,XKX,2016,58.563806,53.4730303,63.6545817
wgi.voice_accountability,XKX,2017,59.1500308,54.0592551,64.2408065
wgi.voice_accountability,XKX,2018,59.0105272,53.7897886,64.2312659
wgi.voice_accountability,XKX,2019,58.0138077,52.7930691,63.2345464
wgi.voice_accountability,XKX,2020,59.0778803,53.8571416,64.298619
wgi.voice_accountability,XKX,2021,58.5763325,54.0856786,63.0669863
wgi.voice_accountability,XKX,2022,59.4825414,54.9918875,63.9731952
wgi.voice_accountability,XKX,2023,59.7993924,55.3087386,64.2900463
wgi.voice_accountability,XKX,2024,59.6424284,55.1517745,64.1330822
wgi.voice_accountability,YEM,1996,40.6975785,35.1294049,46.2657521
wgi.voice_accountability,YEM,1998,38.2189338,32.6507602,43.7871074
wgi.voice_accountability,YEM,2000,37.7785081,32.2103346,43.3466817
wgi.voice_accountability,YEM,2002,34.8378239,29.910427,39.7652209
wgi.voice_accountability,YEM,2003,39.1178914,34.8409061,43.3948766
wgi.voice_accountability,YEM,2004,39.3002463,35.1954733,43.4050193
wgi.voice_accountability,YEM,2005,39.6344371,35.5982038,43.6706703
wgi.voice_accountability,YEM,2006,39.8755374,35.9613542,43.7897205
wgi.voice_accountability,YEM,2007,40.1392859,36.2557356,44.0228361
wgi.voice_accountability,YEM,2008,37.0781443,33.194594,40.9616946
wgi.voice_accountability,YEM,2009,36.5837515,32.7002012,40.4673018
wgi.voice_accountability,YEM,2010,34.2740583,30.390508,38.1576085
wgi.voice_accountability,YEM,2011,33.6838358,29.8250061,37.5426656
wgi.voice_accountability,YEM,2012,34.9010044,31.0421747,38.7598342
wgi.voice_accountability,YEM,2013,35.7275105,31.7575557,39.6974653
wgi.voice_accountability,YEM,2014,35.7992637,31.8293089,39.7692185
wgi.voice_accountability,YEM,2015,32.3797096,27.906238,36.8531813
wgi.voice_accountability,YEM,2016,27.3443573,22.6632869,32.0254278
wgi.voice_accountability,YEM,2017,27.1007524,22.419682,31.7818229
wgi.voice_accountability,YEM,2018,26.1669351,21.1126031,31.2212671
wgi.voice_accountability,YEM,2019,26.8584515,21.8041195,31.9127835
wgi.voice_accountability,YEM,2020,27.4620021,22.3730991,32.550905
wgi.voice_accountability,YEM,2021,26.6310171,21.5421142,31.7199201
wgi.voice_accountability,YEM,2022,26.9242083,21.8353054,32.0131113
wgi.voice_accountability,YEM,2023,28.0146029,22.8801602,33.1490455
wgi.voice_accountability,YEM,2024,27.1443354,22.0098927,32.278778
wgi.voice_accountability,ZAF,1996,65.9067232,60.3620642,71.4513822
wgi.voice_accountability,ZAF,1998,64.9240494,59.3793904,70.4687084
wgi.voice_accountability,ZAF,2000,65.8229563,60.5072788,71.1386337
wgi.voice_accountability,ZAF,2002,65.8192702,61.1355342,70.5030063
wgi.voice_accountability,ZAF,2003,67.1723772,62.4886411,71.8561132
wgi.voice_accountability,ZAF,2004,68.3766587,63.7107646,73.0425527
wgi.voice_accountability,ZAF,2005,68.7386627,64.8093871,72.6679382
wgi.voice_accountability,ZAF,2006,69.3205749,65.5041694,73.1369804
wgi.voice_accountability,ZAF,2007,68.3389898,64.5225843,72.1553953
wgi.voice_accountability,ZAF,2008,67.4589297,63.6425242,71.2753351
wgi.voice_accountability,ZAF,2009,67.8078243,63.9914188,71.6242298
wgi.voice_accountability,ZAF,2010,67.786298,63.9698925,71.6027034
wgi.voice_accountability,ZAF,2011,66.5998497,63.0982353,70.1014642
wgi.voice_accountability,ZAF,2012,66.267838,62.7662236,69.7694525
wgi.voice_accountability,ZAF,2013,66.1346616,62.6330471,69.6362761
wgi.voice_accountability,ZAF,2014,66.5991409,63.0975264,70.1007554
wgi.voice_accountability,ZAF,2015,67.1876306,63.3550021,71.0202591
wgi.voice_accountability,ZAF,2016,66.8495473,62.8887708,70.8103238
wgi.voice_accountability,ZAF,2017,66.2858288,62.3250523,70.2466053
wgi.voice_accountability,ZAF,2018,66.1362421,61.956947,70.3155371
wgi.voice_accountability,ZAF,2019,65.4460122,61.2667171,69.6253072
wgi.voice_accountability,ZAF,2020,65.7365237,61.5444221,69.9286254
wgi.voice_accountability,ZAF,2021,68.0598059,63.8677042,72.2519075
wgi.voice_accountability,ZAF,2022,66.7315227,62.5394211,70.9236244
wgi.voice_accountability,ZAF,2023,66.6886049,62.4647537,70.912456
wgi.voice_accountability,ZAF,2024,67.4781439,63.2542927,71.7019951
wgi.voice_accountability,ZMB,1996,45.3294669,39.7612934,50.8976405
wgi.voice_accountability,ZMB,1998,44.0583382,38.4901646,49.6265118
wgi.voice_accountability,ZMB,2000,44.4497918,39.1134037,49.78618
wgi.voice_accountability,ZMB,2002,48.2757397,43.5330395,53.0184399
wgi.voice_accountability,ZMB,2003,48.6357064,43.9378213,53.3335914
wgi.voice_accountability,ZMB,2004,49.5977272,45.5594444,53.6360099
wgi.voice_accountability,ZMB,2005,52.1742441,48.3593001,55.9891881
wgi.voice_accountability,ZMB,2006,54.5786275,50.7686909,58.388564
wgi.voice_accountability,ZMB,2007,54.5687158,50.7587793,58.3786524
wgi.voice_accountability,ZMB,2008,55.1698861,51.3599495,58.9798226
wgi.voice_accountability,ZMB,2009,54.682083,50.8721464,58.4920195
wgi.voice_accountability,ZMB,2010,54.5736183,50.7636817,58.3835548
wgi.voice_accountability,ZMB,2011,55.3578926,51.547956,59.1678291
wgi.voice_accountability,ZMB,2012,53.3350074,49.5089318,57.161083
wgi.voice_accountability,ZMB,2013,54.0561414,50.3298353,57.7824476
wgi.voice_accountability,ZMB,2014,53.827881,50.1015748,57.5541871
wgi.voice_accountability,ZMB,2015,53.4617289,49.7354228,57.1880351
wgi.voice_accountability,ZMB,2016,51.3262502,47.4824954,55.1700051
wgi.voice_accountability,ZMB,2017,50.3897813,46.5460264,54.2335362
wgi.voice_accountability,ZMB,2018,48.5761874,44.5336883,52.6186865
wgi.voice_accountability,ZMB,2019,48.4067563,44.3642572,52.4492554
wgi.voice_accountability,ZMB,2020,48.6310279,44.5769439,52.685112
wgi.voice_accountability,ZMB,2021,47.1118942,43.0578101,51.1659782
wgi.voice_accountability,ZMB,2022,50.0932016,46.0391176,54.1472857
wgi.voice_accountability,ZMB,2023,50.3098947,46.2271153,54.392674
wgi.voice_accountability,ZMB,2024,49.7157692,45.6329899,53.7985486
wgi.voice_accountability,ZWE,1996,40.9977444,35.4295709,46.565918
wgi.voice_accountability,ZWE,1998,37.2263974,31.6582238,42.794571
wgi.voice_accountability,ZWE,2000,31.1596864,25.8232983,36.4960745
wgi.voice_accountability,ZWE,2002,28.5094105,23.8115254,33.2072956
wgi.voice_accountability,ZWE,2003,31.0725292,26.9482357,35.1968228
wgi.voice_accountability,ZWE,2004,28.1239794,24.0856967,32.1622622
wgi.voice_accountability,ZWE,2005,27.4777893,23.6341167,31.3214619
wgi.voice_accountability,ZWE,2006,29.3212442,25.5834179,33.0590705
wgi.voice_accountability,ZWE,2007,28.5868275,24.8490012,32.3246538
wgi.voice_accountability,ZWE,2008,27.8845419,24.1467156,31.6223682
wgi.voice_accountability,ZWE,2009,28.8929303,25.155104,32.6307566
wgi.voice_accountability,ZWE,2010,30.3522248,26.6143985,34.0900511
wgi.voice_accountability,ZWE,2011,31.1143514,27.4029592,34.8257437
wgi.voice_accountability,ZWE,2012,29.8948953,26.4749212,33.3148694
wgi.voice_accountability,ZWE,2013,31.5811936,28.1612195,35.0011677
wgi.voice_accountability,ZWE,2014,32.264573,28.8445989,35.6845471
wgi.voice_accountability,ZWE,2015,33.6038442,29.8775381,37.3301504
wgi.voice_accountability,ZWE,2016,32.43856,28.5948051,36.2823149
wgi.voice_accountability,ZWE,2017,32.6891659,28.845411,36.5329208
wgi.voice_accountability,ZWE,2018,35.7858953,31.7433961,39.8283944
wgi.voice_accountability,ZWE,2019,35.0120105,30.9695113,39.0545096
wgi.voice_accountability,ZWE,2020,36.3824799,32.3283958,40.4365639
wgi.voice_accountability,ZWE,2021,36.2591538,32.2050698,40.3132378
wgi.voice_accountability,ZWE,2022,35.9846623,31.9305783,40.0387463
wgi.voice_accountability,ZWE,2023,35.8042519,31.7214725,39.8870312
wgi.voice_accountability,ZWE,2024,34.8037239,30.8179415,38.7895062
