Country_Year,Country,GeogLoc,IncomeLevel,Year,Domestic_Credit,Corruption_Estimate,Government_Effectiveness,High_Tech_Export_Percentage,MarketCap,Non.performing.Loans,PatentNonResidents,PatentResidents,R.D_Percentage,Trade_Percentage,GDP.per.capita,GDP.constant,Z_Score,AI.Patent.Applications,AI.Publications,AI.Investment,Total_Patents,Patents_per_GDP,AI_Investment_per_GDP,log_Patents_per_GDP,log_RD_Percentage,log_High_Tech_Export,log_GDP_per_Capita,log_Trade_Percentage,log_Credit_Private_Sector,log_AI_Investment_per_GDP,log_AI_Publications,log_Non.performing.Loans,income,regiao,pop_mi,zero_inv,defl15,manuf_pib,ind_pib,manuf_exp,pesq_pm,rd_pct_wdi,artigos_se_nsf,manuf_pib_na,pesq_pm_na,inv_const,inv_usd,rd_usd,pubs,pat,inv_pc,rd_pct,pubs_pm,pat_pm,gov,ln_gdppc,tend,iso3,voice,oa_total,oa_ai,stem_share,social_share,ai_share_oa,ai_share_pre
Argentina-2013,Argentina,Latin_America_and_the_caribbean,Upper-middle_income_economy,2013,15.56545554,-0.434306711,-0.254236966,7.458207449,9.619994839,1.53372871,4129,643,0.618489981,29.333929,13946.09508,593859000000,7.65534,0.02348385,181,1163174,4772,8.04e-9,1.96e-6,8.04e-9,0.481493604,2.135137266,9.543026528,3.412266855,2.807319535,1.96e-6,5.204006687,0.929692016,Média-alta,Latin America and the caribbean,42.58245742578144,FALSE,0.9738442590445088,15.0110542553443,24.0058814423072,31.6131741589715,1193.37333,0.61849,7700.03,FALSE,FALSE,1194414.8042123828,1694414.8042123828,3672958416.26679,181,1.0000000428184375,0.03979138139609818,0.618489981,4.250576667996948,0.02348385,-1.2170263464217008,9.542954825483228,0,ARG,61.1890008,19237,302,0.4828715496179238,0.34776732338722255,0.01569891355200915,0.01723643024098197
Argentina-2016,Argentina,Latin_America_and_the_caribbean,Upper-middle_income_economy,2016,13.49652679,-0.299235553,0.218796372,8.98239948,11.40761061,1.700277506,2925,884,0.558149993,26.09388785,13265.88606,582377000000,7.426713,0.022778882,215,1129007,3809,6.54e-9,1.94e-6,6.54e-9,0.443499216,2.30082349,9.49302644,3.299308162,2.673909089,1.94e-6,5.375278408,0.993354548,Média-alta,Latin America and the caribbean,43.90034690227092,FALSE,1.0095032247490163,13.4880259708051,22.0541072112108,25.6479861222021,1254.06674,0.55815,8320.39,FALSE,FALSE,1118378.7949569896,1618378.7949569896,3250537184.73361,215,1.000000821845895,0.03686482930441883,0.558149993,4.897455605046216,0.022778882,-0.8365285330474213,9.492951061174804,3,ARG,64.7174938,22784,300,0.44224016853932585,0.3883865870786517,0.013167134831460673,0.01723643024098197
Argentina-2017,Argentina,Latin_America_and_the_caribbean,Upper-middle_income_economy,2017,15.72126916,-0.309002459,0.135085613,9.20544177,16.89484975,1.734799284,3050,393,0.556309998,25.28960114,13520.11298,598791000000,7.50613,0.022579022,233,5527297,3443,5.75e-9,9.23e-6,5.75e-9,0.442317633,2.322921085,9.512007668,3.269173467,2.816681512,9.23e-6,5.455321115,1.006058045,Média-alta,Latin America and the caribbean,44.288905047300865,FALSE,1.0275814416785491,12.8351683415363,21.782123219335,27.6743405207163,1206.01905,0.55632,8535.98,FALSE,FALSE,5378938.131629925,5878938.131629925,3331134200.1241803,233,1.0000001614189173,0.13274065198385865,0.556309998,5.260911276789398,0.022579022,-0.8963138304604605,9.511933706070915,4,ARG,67.0355392,23707,293,0.4336271987176783,0.38347323575315306,0.012359218796136162,0.01723643024098197
Argentina-2018,Argentina,Latin_America_and_the_caribbean,Upper-middle_income_economy,2018,15.37632656,-0.099273928,0.028060619,5.402984101,8.762253617,2.957785514,3242,425,0.488299996,30.76253595,13058.32854,583118000000,7.21939,0.1567578,271,1079101,3667,6.29e-9,1.85e-6,6.29e-9,0.397634526,1.856764148,9.477257988,3.458287481,2.795836789,1.85e-6,5.605802066,1.375684655,Média-alta,Latin America and the caribbean,44.65487280503052,FALSE,1.0511222050355473,14.0601434041581,23.7195923321304,19.4577177222696,1220.93622,0.4883,9044.42,FALSE,FALSE,1026618.0229381669,1526618.0229381667,2847365170.67528,271,6.999999620196413,0.034187042242928255,0.488299996,6.068766586419902,0.1567578,-0.8540684489032626,9.477181411485208,5,ARG,67.8718554,25959,313,0.43503216610809353,0.3855695519858238,0.012057475249431796,0.01723643024098197
Argentina-2019,Argentina,Latin_America_and_the_caribbean,Upper-middle_income_economy,2019,12.77894825,-0.107116245,-0.120795332,5.212790589,8.798018523,5.702914714,3260,442,0.478130013,32.63061505,12706.39781,571451000000,9.317062,0.17788266,222,3179682,3702,6.48e-9,5.56e-6,6.48e-9,0.390777784,1.826610165,9.449939608,3.515436814,2.623141938,5.56e-6,5.407171771,1.902542464,Média-alta,Latin America and the caribbean,44.9734856837447,FALSE,1.0684706161668376,13.5408390702829,23.1578477391434,16.55456541936,1224.69939,0.47813,9080.32,FALSE,FALSE,2975918.992893956,3475918.992893956,2732278740.58863,222,8.000003262896426,0.07728818302714523,0.478130013,4.936241801694283,0.17788266,-0.9552923899742891,9.44986091016684,6,ARG,67.315243,25953,336,0.4259237853042038,0.3952144260779101,0.01294648017570223,0.01723643024098197
Argentina-2020,Argentina,Latin_America_and_the_caribbean,Upper-middle_income_economy,2020,13.4554773,-0.163570061,-0.254261822,6.903889256,8.360651602,4.150064003,2562,930,0.541540027,30.20369881,11393.0506,514874000000,9.249464,0.2212783,324,26174463,3492,6.78e-9,5.08e-5,6.78e-9,0.432781934,2.067354949,9.340846621,3.440536639,2.671073395,5.08e-5,5.783825182,1.639009142,Média-alta,Latin America and the caribbean,45.19193480980414,FALSE,1.0828387224959974,14.5905295089183,22.4088763711802,14.4214496007227,1250.48347,0.54126,9992.12,FALSE,FALSE,24172078.866616953,24672078.866616953,2788248798.61598,324,9.999994508424283,0.5459398667141041,0.541540027,7.169420857141748,0.2212783,-1.0724468696670282,9.340758852011874,7,ARG,67.1810707,30113,382,0.41032112376714375,0.39401587354298806,0.012685551090890977,0.01723643024098197
Argentina-2021,Argentina,Latin_America_and_the_caribbean,Upper-middle_income_economy,2021,11.27270763,-0.422596842,-0.390557259,4.422891393,8.580816227,4.292112906,3263,406,0.517639995,33.07868957,12549.28117,568637000000,9.083421,0.13241443,315,17000000,3669,6.45e-9,2.99e-5,6.45e-9,0.417156493,1.69062914,9.437498348,3.52867225,2.507377905,2.99e-5,5.755742214,1.666217581,Média-alta,Latin America and the caribbean,45.312316482267484,FALSE,1.1322483591563497,15.558416982668,23.4994644263761,13.5315510577839,1288.13477,0.5236,9943.87,FALSE,FALSE,15014373.712731084,15514373.712731084,2943492538.36815,315,6.000004558979054,0.34238756517342206,0.517639995,6.951752292851151,0.13241443,-1.299636124946793,9.437418665628687,8,ARG,66.012587,28548,364,0.4034608378870674,0.3841600112091915,0.012750455373406194,0.01723643024098197
Australia-2013,Australia,East_Asia_and_Pacific,High-Income_Economy,2013,124.7040749,1.777833104,1.632453084,18.00751438,86.61073643,1.365174882,26656,3061,2.17843008,41.27287902,55728.0174,1288880000000,13.73787,3.3137848,2266,1163174,29717,2.31e-8,9.02e-7,2.31e-8,1.156387389,2.944834395,10.92825625,3.744145722,4.833930533,9.02e-7,7.726212651,0.860851965,Alta,East Asia and Pacific,23.128043309863024,FALSE,0.9738442590445088,6.47475769538219,25.1836151421438,11.7663621499698,NA,2.17733,50403.4,FALSE,TRUE,1194414.8042123828,1694414.8042123828,28077349615.104,2266,76.64135837396579,0.07326235001859385,2.17843008,97.9762952551052,3.3137848,1.1943249820527908,10.928238304836569,0,AUS,83.8598855,81759,2060,0.46761824386306095,0.222287454592155,0.02519600288653237,0.025705629385731545
Australia-2015,Australia,East_Asia_and_Pacific,High-Income_Economy,2015,136.3539739,1.841308117,1.533252478,19.69214725,87.84774934,0.888725499,26314,2291,1.920709968,41.66393193,56739.02653,1351300000000,13.33152,5.3031573,2607,92603272,28605,2.12e-8,6.85e-5,2.12e-8,1.071826726,3.029754269,10.94623518,3.753353878,4.922561344,6.85e-5,7.866338923,0.635902262,Alta,East Asia and Pacific,23.816058939353113,FALSE,1,6.16187153809786,23.6861098353126,13.7678544559038,NA,1.91969,53536.9,FALSE,TRUE,92603272,93103272,25954553797.584,2607,126.30030682146071,3.9092644268761982,1.920709968,109.463954831429,5.3031573,1.1635594579444875,10.946217551536074,2,AUS,84.0576374,91362,2371,0.4709069416168648,0.21812131958582343,0.0259517085878155,0.025705629385731545
Australia-2017,Australia,East_Asia_and_Pacific,High-Income_Economy,2017,140.6690876,1.752974749,1.498386025,18.09679246,113.7962081,0.85701375,26403,2503,1.879770041,42.20373168,57750.64822,1420240000000,13.63942,11.645283,2990,46429296,28906,2.04e-8,3.27e-5,2.04e-8,1.057710444,2.949520387,10.96390717,3.765926873,4.953493969,3.27e-5,8.003363059,0.618969687,Alta,East Asia and Pacific,24.592624390805494,FALSE,1.0275814416785491,5.6370711506194,23.4479311698975,11.7510093112444,NA,1.88102,54671.54,FALSE,TRUE,45183081.47348202,45683081.47348202,26697246030.2984,2990,286.38807074363257,1.8575927785308537,1.879770041,121.58116809680055,11.645283,1.0936535859799756,10.963889852909789,4,AUS,85.2240873,96726,2510,0.47027686454521017,0.21564005541426298,0.025949589562268678,0.025705629385731545
Australia-2019,Australia,East_Asia_and_Pacific,High-Income_Economy,2019,136.2147265,1.788073659,1.538690805,21.21993324,106.8121664,0.961493162,27121,2637,1.828920007,46.18750189,58924.73365,1492850000000,13.46988,22.171892,4657,264973486,29758,1.99e-8,1.77495e-4,1.99e-8,1.039895016,3.100989779,10.98403318,3.854129067,4.921547045,1.7748e-4,8.44634145,0.673706001,Alta,East Asia and Pacific,25.334862077904358,FALSE,1.0684706161668376,5.45170917330074,25.2555129054284,11.0489482828225,NA,1.82826,57313.1,FALSE,TRUE,247993236.30498922,248493236.30498922,27303032324.4995,4657,561.721825826191,9.80835165160465,1.828920007,183.8178548468031,22.171892,1.1386729811695369,10.98401620764138,6,AUS,83.005813,105686,3079,0.48317657967942773,0.2059686240372424,0.02913347084760517,0.025705629385731545
Austria-2013,Austria,Europe_and_Central_Asia,High-income_Economy,2013,92.93733046,1.537276983,1.571379542,15.36906487,27.58480738,2.866541695,244,2162,2.954920053,104.985374,43851.36755,371852000000,27.50797,0.47161964,709,3489523,2406,6.47e-9,9.38e-6,6.47e-9,1.374960387,2.795393265,10.68858399,4.663301104,4.542627863,9.38e-6,6.56526497,1.352360489,Alta,Europe and Central Asia,8.4798267597015915,FALSE,0.9738442590445088,17.1063898788247,25.9697730865151,81.36669068678,4782.1241,2.97993,12202.11,FALSE,FALSE,3583245.4394953866,4083245.4394953866,10987929315.48156,709,3.999252843672831,0.48152462959503645,2.954920053,83.61019866223658,0.47161964,1.026035866391405,10.688561184315166,0,AUT,84.6125958,20792,624,0.5393901500577145,0.14645055790688727,0.030011542901115813,0.028607812691994056
Austria-2014,Austria,Europe_and_Central_Asia,High-income_Economy,2014,87.97913898,1.466501832,1.552995682,15.49044901,22.0702317,3.473374315,271,2092,3.084290028,104.49674,43838.83468,374662000000,26.82064,0.233978,701,6867639,2363,6.31e-9,1.83e-5,6.31e-9,1.407147913,2.802781366,10.68829815,4.658680052,4.488401949,1.83e-5,6.553933404,1.498143004,Alta,Europe and Central Asia,8.546349435034754,FALSE,0.9908049064335993,17.1867790689422,25.7857017006482,82.3462314374592,5009.44199,3.11263,12373.89,FALSE,FALSE,6931373.629062916,7431373.629062916,11555662704.705359,701,1.9996577481105617,0.8695377699627954,3.084290028,82.02332531903423,0.233978,0.976252122127564,10.688275340064232,1,AUT,83.6030977,21905,651,0.548322300844556,0.14736361561287378,0.029719242182150194,0.028607812691994056
Austria-2015,Austria,Europe_and_Central_Asia,High-income_Economy,2015,85.99478361,1.472043753,1.450979114,15.03273199,25.3142848,3.392837284,236,2205,3.049690008,103.1175817,43915.22802,379546000000,30.07913,0.34706005,815,2286501,2441,6.43e-9,6.02e-6,6.43e-9,1.398640337,2.774632382,10.69003919,4.645520854,4.465848158,6.02e-6,6.704414355,1.479975324,Alta,Europe and Central Asia,8.642696784521899,FALSE,1,17.242928730216,25.5152402246539,82.8092530807844,5073.42857,3.06917,12946.63,FALSE,FALSE,2286501,2786501,11574976437.76368,815,2.9995347781710096,0.32241105634879047,3.049690008,94.29927027633015,0.34706005,0.9127098975194496,10.69001641864105,2,AUT,83.9174984,22831,682,0.5445665980465157,0.15211773465901626,0.02987166571766458,0.028607812691994056
Austria-2016,Austria,Europe_and_Central_Asia,High-income_Economy,2016,83.25938747,1.496880531,1.4748106,14.45325919,30.72913746,2.695217415,237,2078,3.116549969,101.5734946,44362.67029,387582000000,32.52342,1.1444371,915,5645035,2315,5.97e-9,1.46e-5,5.97e-9,1.415015426,2.737819932,10.70017618,4.630579562,4.433899987,1.46e-5,6.820016365,1.307039393,Alta,Europe and Central Asia,8.736669760101584,FALSE,1.0095032247490163,17.6682251530651,25.9124691845374,82.8823194941048,5400.34772,3.13356,12789.07,FALSE,FALSE,5591893.974784949,6091893.974784949,12079186700.849579,915,9.998569003908353,0.6972787277144508,3.116549969,104.73098161253618,1.1444371,0.9415099373819265,10.700153635549809,3,AUT,83.1997651,24550,737,0.5467617107942974,0.16476578411405296,0.030020366598778003,0.028607812691994056
Austria-2017,Austria,Europe_and_Central_Asia,High-income_Economy,2017,84.32787863,1.50082016,1.467751503,12.8851997,36.30670044,2.368895442,232,2073,3.05656004,105.5560668,45056.63869,396389000000,34.54782,1.2501733,941,15476432,2305,5.81e-9,3.9e-5,5.81e-9,1.400335334,2.630823503,10.71569781,4.668671295,4.446501231,3.9e-5,6.848005275,1.214584929,Alta,Europe and Central Asia,8.797571490568728,FALSE,1.0275814416785491,17.4427051605451,25.8023213025638,82.5985651230471,5416.07999,3.07376,12859.58,FALSE,FALSE,15061027.15782734,15561027.15782734,12115867776.9556,941,10.998488982350226,1.76878666737852,3.05656004,106.96133597877339,1.2501733,0.9390123738727305,10.715675614887768,4,AUT,82.5822091,24290,683,0.5477151090983944,0.1644709757101688,0.028118567311650886,0.028607812691994056
Austria-2018,Austria,Europe_and_Central_Asia,High-income_Economy,2018,84.57071447,1.568587184,1.456116676,11.65007598,25.80790307,2.900956865,168,2039,3.091820002,108.37797,45951.5819,406236000000,35.68405,1.3572124,1093,59350582,2207,5.43e-9,1.46099e-4,5.43e-9,1.408989859,2.537663222,10.73536532,4.694809498,4.449343104,1.46088e-4,6.997595983,1.361221873,Alta,Europe and Central Asia,8.840522637154306,FALSE,1.0511222050355473,17.3211161045372,25.7190926354333,80.893697747112,5682.44087,3.10828,12801.87,FALSE,FALSE,56464016.948431656,56964016.948431656,12560085903.324718,1093,11.998466945626525,6.44351236758644,3.091820002,123.635224393456,1.3572124,0.9676210939145948,10.735343553741851,5,AUT,82.4798545,25419,822,0.5414847161572053,0.17325622565797238,0.032338014870765965,0.028607812691994056
Austria-2019,Austria,Europe_and_Central_Asia,High-income_Economy,2019,86.02152548,1.521324396,1.4921262260000001,11.48253488,30.04585435,2.410579835,208,2066,3.132469893,108.2072849,46550.56234,413365000000,36.66615,0.6756091,1312,104929501,2274,5.5e-9,2.53842e-4,5.5e-9,1.418875265,2.524330457,10.74831584,4.693247773,4.466155507,2.5381e-4,7.180069874,1.226882316,Alta,Europe and Central Asia,8.879914209861296,FALSE,1.0684706161668376,17.1022858668807,25.5363771006496,81.0688257362778,5958.85643,3.14405,13266.8,FALSE,FALSE,98205322.08591467,98705322.08591467,12948534173.19945,1312,5.999350847401601,11.115571586975552,3.132469893,147.7491751601611,0.6756091,0.9658526020152172,10.748294362975964,6,AUT,82.3175347,26431,782,0.5381559532367296,0.17294086489349628,0.02958647043244675,0.028607812691994056
Austria-2020,Austria,Europe_and_Central_Asia,High-income_Economy,2020,92.73321594,1.477709413,1.605863214,12.27189577,30.40607258,2.3890455840000002,173,2124,3.201489925,99.94821411,43428.69831,387248000000,31.84211,1.6813501,1473,148670948,2297,5.93e-9,3.83917e-4,5.93e-9,1.435439207,2.585648699,10.67889878,4.614607654,4.540452619,3.83843e-4,7.295735073,1.220548343,Alta,Europe and Central Asia,8.916868685212961,FALSE,1.0828387224959974,16.5973264696294,25.6544867826211,80.3885320645888,5829.2859,3.20758,13440.62,FALSE,FALSE,137297406.26314694,137797406.26314694,12397705704.764,1473,14.99237805556968,15.45356460072799,3.201489925,165.19251903335845,1.6813501,1.0167009250189458,10.67887575294062,7,AUT,83.6285166,29996,903,0.5131350846779571,0.1839245232697693,0.030104013868515803,0.028607812691994056
Austria-2021,Austria,Europe_and_Central_Asia,High-income_Economy,2021,92.76766494,1.24272728,1.528294683,11.01712214,33.90219668,2.084607907,175,1872,3.25632,111.0322687,45313.399,405818000000,30.90653,1.5612711,1786,275000000,2047,5.04e-9,6.77644e-4,5.04e-9,1.448404937,2.486332478,10.72138012,4.718786944,4.540820073,6.77415e-4,7.488293515,1.126424553,Alta,Europe and Central Asia,8.955805765089483,FALSE,1.1322483591563497,16.9794494072387,25.7253456572227,79.3417677743618,6323.00331,3.25565,14370.95,FALSE,FALSE,242879574.76476753,243379574.76476753,13214732697.6,1786,13.982440718247599,27.175620055705366,3.25632,199.42370869207377,1.5612711,0.8406361045729467,10.72135805140022,8,AUT,82.9455152,31665,1081,0.5086688773093321,0.19504184430759514,0.0341386388757303,0.028607812691994056
Belgium-2013,Belgium,Europe_and_Central_Asia,High-income_economy,2013,56.15834926,1.604317307,1.701954961,10.64061175,71.42295625,4.318537467,161,715,2.330729961,157.5736228,40007.899770000004,446464000000,14.23736,0.08960351,899,8142221,876,1.96e-9,1.82e-5,1.96e-9,1.203191488,2.454499997,10.5968572,5.066218983,4.045825473,1.82e-5,6.802394763,1.671198353,Alta,Europe and Central Asia,11.159396083440047,FALSE,0.9738442590445088,12.6643780300003,19.9151935690442,67.9808698539433,4161.62059,2.32047,16396.54,FALSE,FALSE,8360906.710061395,8860906.710061394,10405870213.079039,899,0.9999210585564811,0.7940310249593623,2.330729961,80.55991500598033,0.08960351,1.1469597962984621,10.596832207846651,0,BEL,82.5470903,32400,702,0.48777777777777775,0.2102469135802469,0.021666666666666667,0.022843047101925237
Belgium-2016,Belgium,Europe_and_Central_Asia,High-income_economy,2016,63.02304191,1.531243801,1.397638321,13.33124516,79.73159467,3.484526643,119,1054,2.523380041,159.0576966,41172.88625,466547000000,16.37894,0.17648038,951,76772478,1173,2.51e-9,1.64555e-4,2.51e-9,1.259420768,2.66244213,10.62555951,5.075534354,4.1592430480000004,1.64541e-4,6.858565035,1.500632948,Alta,Europe and Central Asia,11.33141352216958,FALSE,1.0095032247490163,12.2484083375363,19.0981057822176,75.157256858039,4798.32663,2.53291,16559.77,FALSE,FALSE,76049760.03824776,76549760.03824776,11772753879.884268,951,1.9997721643296258,6.755534946145985,2.523380041,83.92598135611203,0.17648038,0.9095560630009251,10.625535217966124,3,BEL,83.3901975,36522,728,0.4770275450413449,0.2202234269755216,0.01993319095339795,0.022843047101925237
Belgium-2017,Belgium,Europe_and_Central_Asia,High-income_economy,2017,63.96039577,1.404194951,1.240784049,11.49179036,87.3998522,2.961749541,216,1001,2.66666007,166.9040782,41619.32861,473426000000,18.16668,0.17579971,998,318372312,1217,2.57e-9,6.72485e-4,2.57e-9,1.299281185,2.525071657,10.636344,5.123392853,4.173777788,6.72259e-4,6.906754779,1.376685731,Alta,Europe and Central Asia,11.375147456997865,FALSE,1.0275814416785491,12.4458285747277,19.1545604130921,74.048307921478,4757.30821,2.67654,16085.55,FALSE,FALSE,309826841.0530463,310326841.0530463,12624662102.9982,998,1.999747624147462,27.28112687999808,2.66666007,87.73512640366182,0.17579971,0.739452103885647,10.636319968390314,4,BEL,82.4161962,36581,764,0.47243104343785025,0.2161231240261338,0.020885158962302836,0.022843047101925237
Belgium-2018,Belgium,Europe_and_Central_Asia,High-income_economy,2018,66.33872465,1.429573298,1.224631786,11.70586406,59.17259803,2.268265705,218,892,2.860179901,168.2776929,42208.36259,482317000000,17.78204,0.6999977,1242,48559567,1110,2.3e-9,1.0068e-4,2.3e-9,1.350713789,2.542063624,10.65039734,5.13154052,4.209735475,1.00675e-4,7.125283092,1.184259479,Alta,Europe and Central Asia,11.427048347861533,FALSE,1.0511222050355473,12.343919956787,18.9641251486969,74.4053917671898,5040.00069,2.86365,16199.65,FALSE,FALSE,46197831.96222916,46697831.96222916,13795133893.106169,1242,7.9989075612918725,4.086604916742847,2.860179901,108.68948500007257,0.6999977,0.7424769732512931,10.650373646031698,5,BEL,82.8552444,37723,778,0.4658166105558943,0.2197598282215094,0.020624022479654322,0.022843047101925237
Brazil-2013,Brazil,Latin_America_and_the_caribbean,Upper-middle_income_economy,2013,64.23057382,-0.097959608,-0.119030975,11.9698618,41.26687432,2.857282293,25925,4959,1.195670009,25.78595733,9366.739325,1859090000000,14.53454,0.19649504,1383,2326349,30884,1.66e-8,1.25e-6,1.66e-8,0.786487243,2.562628343,9.145027079,3.28787777,4.177928283,1.25e-6,7.232733136,1.349962866,Média-alta,Latin America and the caribbean,198.4778198148479,FALSE,0.9738442590445088,10.4796122911618,21.2248099514406,32.5715331907528,852.71699,1.19567,45991.35,FALSE,FALSE,2388830.6352830036,2888830.6352830036,22228581570.318104,1383,38.99990714363133,0.014554929301308727,1.195670009,6.968033008878,0.19649504,-0.9492518508005121,9.14492032374108,0,BRA,64.3046259,115049,1602,0.39609209988787386,0.3502594546671418,0.013924501734043755,0.015013945030777359
Brazil-2014,Brazil,Latin_America_and_the_caribbean,Upper-middle_income_economy,2014,66.02851039,-0.36611709,-0.175920635,12.37116887,34.35990128,2.25174733,25683,4659,1.269709945,24.68540581,9338.342783,1868460000000,14.76513,0.1649298,1586,21747525,30342,1.62e-8,1.16e-5,1.62e-8,0.819652046,2.593100812,9.141991163,3.245922963,4.205118057,1.16e-5,7.369600721,1.179192492,Média-alta,Latin America and the caribbean,200.0847520184674,FALSE,0.9908049064335993,10.3370973963623,20.4724627471447,32.1790576689769,903.20079,1.26971,48188.5,FALSE,FALSE,21949351.339286543,22449351.339286543,23724022438.347,1586,32.99993813345542,0.11219921114835633,1.269709945,7.926641005875427,0.1649298,-1.129554998816169,9.141884083252947,1,BRA,64.2886513,128008,1744,0.4005140303731017,0.35141553652896695,0.01362414849071933,0.015013945030777359
Brazil-2015,Brazil,Latin_America_and_the_caribbean,Upper-middle_income_economy,2015,66.82970064,-0.457840711,-0.255271554,14.48589962,27.21844343,2.846496277,25578,4641,1.370929956,26.95362594,8936.196618,1802210000000,15.58268,0.28759065,1867,144049534,30219,1.68e-8,7.99e-5,1.68e-8,0.863282265,2.739929908,9.097977242,3.330546921,4.217000162,7.99e-5,7.532623619,1.347162676,Média-alta,Latin America and the caribbean,201.6752850278434,FALSE,1,10.5209374571105,19.3600439818506,34.8651659700771,NA,1.28464,49341.87,FALSE,TRUE,144049534,144549534,24707036760.0276,1867,57.99992631009275,0.7167439182249993,1.370929956,9.257455616052512,0.28759065,-1.2302698638431382,9.097865343416556,2,BRA,64.9224025,137234,1915,0.39576927000597517,0.36804290481950536,0.013954267892796246,0.015013945030777359
Brazil-2016,Brazil,Latin_America_and_the_caribbean,Upper-middle_income_economy,2016,62.19400697,-0.446095586,-0.249387071,16.00016428,42.24322945,3.081576132,22810,5200,1.286370039,24.53368208,8577.843767,1743170000000,15.95113,0.3887449,1803,14677091,28010,1.61e-8,8.42e-6,1.61e-8,0.826965424,2.833223007,9.057054424,3.239998446,4.14620947,8.42e-6,7.497761701,1.406483221,Média-alta,Latin America and the caribbean,203.21773715513277,FALSE,1.0095032247490163,10.7864511144495,18.3547582766688,36.1209000742178,NA,1.19584,51744.75,FALSE,TRUE,14538924.334440866,15038924.334440866,22423616608.8363,1803,78.99985890859837,0.0740039946560394,1.286370039,8.872257044293443,0.3887449,-1.2201610509711165,9.056937851691098,3,BRA,64.899749,155908,2043,0.38224465710547245,0.3968173538240501,0.013103881776432255,0.015013945030777359
Brazil-2017,Brazil,Latin_America_and_the_caribbean,Upper-middle_income_economy,2017,59.4843093,-0.559814632,-0.317140609,14.31188922,46.26644878,2.878916366,20178,5480,1.117499948,24.31973437,8628.25309,1766230000000,16.98571,0.40546462,2007,129338752,25658,1.45e-8,7.32e-5,1.45e-8,0.750236123,2.7286296,9.062913232,3.231584106,4.102383981,7.32e-5,7.604894481,1.355555828,Média-alta,Latin America and the caribbean,204.70308202329284,FALSE,1.0275814416785491,10.7214980093214,18.188502309123,34.8248260736675,NA,1.1175,55049.31,FALSE,TRUE,125867154.42108977,126367154.42108977,19737619331.560402,2007,82.99985736540326,0.617319256613394,1.117499948,9.804444467385336,0.40546462,-1.3250632407177314,9.062797340643963,4,BRA,64.3619237,168276,2210,0.37442059473721745,0.40473983218046544,0.013133185956404954,0.015013945030777359
Brazil-2018,Brazil,Latin_America_and_the_caribbean,Upper-middle_income_economy,2018,60.21834794,-0.480954379,-0.520569623,14.74424183,47.82764763,2.597864262,19877,4980,1.167690039,28.87620338,8722.336304,1797740000000,16.93262,0.71322083,2451,212582993,24857,1.38e-8,1.1825e-4,1.38e-8,0.773662102,2.7564747,9.073757047,3.39706229,4.114446947,1.18243e-4,7.804659297,1.280340409,Média-alta,Latin America and the caribbean,206.10762269915796,FALSE,1.0511222050355473,10.5284573770078,18.7490514528298,32.3576397610223,NA,1.15016,58874.05,FALSE,TRUE,202243841.8497788,202743841.8497788,20992030907.1186,2451,147.0002497308203,0.9836794932408247,1.167690039,11.891845473263098,0.71322083,-1.4155556895644543,9.073642405788236,5,BRA,61.9831185,178354,2395,0.38645614900703096,0.40011437926819693,0.013428350359397602,0.015013945030777359
Brazil-2019,Brazil,Latin_America_and_the_caribbean,Upper-middle_income_economy,2019,62.79050494,-0.407892704,-0.234114677,14.06680521,63.38382352,2.655547566,19932,5464,1.210960031,28.89025787,8771.440513,1819680000000,18.54721,0.6989452,2812,423957578,25396,1.4e-8,2.32984e-4,1.4e-8,0.793426824,2.712493994,9.079370326,3.397532603,4.155604354,2.32957e-4,7.942006808,1.296245895,Média-alta,Latin America and the caribbean,207.45509215995753,FALSE,1.0684706161668376,10.3325005328998,18.754627572495,30.1943927380285,NA,1.15115,62581.11,FALSE,TRUE,396789178.46234965,397289178.46234965,22035597492.1008,2812,144.99974088075996,1.915061107085389,1.210960031,13.55474079099402,0.6989452,-1.1898018697153554,9.079256326495932,6,BRA,60.4316453,187660,2628,0.3836725993818608,0.39951508046467016,0.01400404987743792,0.015013945030777359
Brazil-2020,Brazil,Latin_America_and_the_caribbean,Upper-middle_income_economy,2020,68.69615459,-0.429083496,-0.465709209,11.35009427,66.95816531,1.867547667,19058,5280,1.145259976,32.30207855,8435.011433,1760060000000,15.71668,0.70928496,3199,811408343,24338,1.38e-8,4.61013e-4,1.38e-8,0.763260746,2.513663696,9.040264897,3.505619814,4.244145145,4.60906e-4,8.070906089,1.053457193,Média-alta,Latin America and the caribbean,208.66124651760148,FALSE,1.0828387224959974,10.692931568332,19.5061183894885,25.0396470697203,NA,1.21907,66901.34,FALSE,TRUE,749334435.63014,749834435.63014,20157262733.585598,3199,148.0002838897871,3.59354910480173,1.145259976,15.331069153419202,0.70928496,-1.352090222472279,9.04014635040298,7,BRA,59.768042,218893,2978,0.3785319768105878,0.3986925118665284,0.013604820620120332,0.015013945030777359
Bulgaria-2018,Bulgaria,Europe_and_Central_Asia,High-income_economy,2018,50.35892427,-0.188220024,0.111848846,10.37289026,23.61235968,7.801561773,18,180,0.753790021,128.8655653,7851.725989,55158665587,8.719459,0.5694156,227,130571280,198,3.59e-9,0.002367194,3.59e-9,0.561779172,2.431232476,8.96861601,4.866499802,3.938838714,0.002364397,5.429345629,2.17492918,Alta,Europe and Central Asia,7.025037000052652,FALSE,1.0511222050355473,NA,22.2389608057501,57.4168807690336,2343.48736,0.75505,3244.55,TRUE,FALSE,124220836.90600398,124720836.90600398,415780516.9115671,227,4.000165658407181,17.753762279838412,0.753790021,32.31299707009353,0.5694156,-0.846953529031127,8.968488657818513,5,BGR,58.1278785,6827,212,0.5554416288267174,0.17943459792002345,0.031053171231873445,0.03259787222891882
Bulgaria-2019,Bulgaria,Europe_and_Central_Asia,High-income_economy,2019,49.68226532,-0.181220517,0.173703477,10.85231018,23.31292081,6.621299437,7,186,0.832360029,125.0299631,8206.781294,57248544889,8.123374,0.43007874,309,2119788,193,3.37e-9,3.7e-5,3.37e-9,0.605604769,2.4725228,9.012837922,4.836519681,3.925576053,3.7e-5,5.736572297,2.030946885,Alta,Europe and Central Asia,6.975761000339386,FALSE,1.0684706161668376,NA,21.562453845875,57.8384191831806,2420.08954,0.83576,4258.38,TRUE,FALSE,1983945.9952626373,2483945.9952626373,476514004.8401584,309,3.000126501567103,0.3560824396279901,0.832360029,44.296242371974394,0.43007874,-0.8028937177589281,9.012716078560116,6,BGR,59.2808479,7298,216,0.5594683474924637,0.1951219512195122,0.02959714990408331,0.03259787222891882
Bulgaria-2021,Bulgaria,Europe_and_Central_Asia,High-income_economy,2021,48.08064809,-0.258131921,-0.173440278,10.92447357,20.16685995,5.940594384,6,165,0.772599995,121.1573546,8682.882238,59718632534,7.869337,0.14540754,365,1000000,171,2.86e-9,1.67e-5,2.86e-9,0.572447393,2.478592891,9.06922397,4.805310006,3.893464825,1.67e-5,5.902633333,1.937387417,Alta,Europe and Central Asia,6.877743000203984,FALSE,1.1322483591563497,NA,20.7501959907094,58.1856692070003,2346.69591,0.76933,4748.48,TRUE,FALSE,883198.4536900638,1383198.4536900637,461386151.97175235,365,1.0000756904118808,0.20111226221291492,0.772599995,53.06973522988204,0.14540754,-1.0702651374785812,9.069108807605437,8,BGR,60.17976,8641,262,0.5281796088415692,0.21953477606758476,0.030320564749450295,0.03259787222891882
Chile-2014,Chile,Latin_America_and_the_caribbean,High-income_economy,2014,78.95981238,1.440734148,1.035074949,7.091793651,89.86153142,1.920555294,2653,452,0.376679987,65.63462812,13285.95404,237343000000,9.340874,0.055977907,180,114460656,3105,1.31e-8,4.82259e-4,1.31e-8,0.319674794,2.090850419,9.494537933,4.199224384,4.381524163,4.82142e-4,5.198497031,1.071773767,Alta,Latin America and the caribbean,17.864204503901775,FALSE,0.9908049064335993,9.92046571303201,28.9028693089623,13.6937140016561,426.80476,0.37668,5580.79,FALSE,FALSE,115522899.87339783,116022899.87339783,894023581.54541,180,1.0000007783483946,6.494714043833125,0.376679987,10.076015417349575,0.055977907,0.6248703924485961,9.494462668938757,1,CHL,77.0394648,14962,296,0.4409169897072584,0.3486833311054672,0.019783451410239274,0.015996445234392358
Chile-2015,Chile,Latin_America_and_the_caribbean,High-income_economy,2015,81.14463343,1.182457328,0.91883558,6.722530526,78.51174289,1.719744452,2831,443,0.382959992,59.34911048,13433.9203,242450000000,8.528882,0.22163577,253,0,3274,1.35e-8,0,1.35e-8,0.324226124,2.044142099,9.505612589,4.100146208,4.408481516,0,5.537334267,1.000537925,Alta,Latin America and the caribbean,18.04759851076383,TRUE,1,10.3988646679795,27.8806409445573,13.8946604663754,455.29183,0.38296,5788.72,FALSE,FALSE,0,500000,928486500.6040001,253,3.999993392583995,0.027704517013817282,0.382959992,14.018485608991545,0.22163577,0.4111557307719298,9.505538153101156,2,CHL,76.5716741,17333,293,0.4262966595511452,0.3582184272774476,0.016904171234062192,0.015996445234392358
Chile-2017,Chile,Latin_America_and_the_caribbean,High-income_economy,2017,78.8182469,1.001655817,0.809455633,7.106096475,106.7069326,1.916362509,2469,425,0.356790006,56.02615897,13473.34585,250050000000,8.689783,0.053882606,249,8843675,2894,1.16e-8,3.54e-5,1.16e-8,0.30512162,2.09261643,9.508542849,4.043510092,4.379752136,3.54e-5,5.521460918,1.070337124,Alta,Latin America and the caribbean,18.558864500609552,FALSE,1.0275814416785491,9.16084501298879,27.3811558508707,12.9661564334413,494.62971,0.35679,6637.65,FALSE,FALSE,8606300.815976106,9106300.815976106,892153410.003,249,0.9999999836937312,0.49067122698573595,0.356790006,13.416769112777443,0.053882606,0.24329075490293914,9.508468631284618,4,CHL,76.2718809,19367,299,0.42422677750813237,0.3485310063510095,0.01543863272577064,0.015996445234392358
Chile-2018,Chile,Latin_America_and_the_caribbean,High-income_economy,2018,82.04966758,0.958202481,0.907178462,6.911410994,85.48799207,1.872014621,2694,406,0.369159997,58.17705063,13763.00688,260027000000,8.552716,0.052929137,277,89565424,3100,1.19e-8,3.44446e-4,1.19e-8,0.314197411,2.068306147,9.529812267,4.080533809,4.419438833,3.44387e-4,5.627621114,1.055013742,Alta,Latin America and the caribbean,18.893182446770673,FALSE,1.0511222050355473,9.6042139700833,27.8615223911065,12.9107255728876,523.65457,0.36916,7148.06,FALSE,FALSE,85209334.90979865,85709334.90979865,959915665.3991901,277,0.9999998420911201,4.536521845976699,0.369159997,14.661373264161028,0.052929137,0.2837861781873622,9.52973961087042,5,CHL,76.4034226,20825,340,0.44153661464585836,0.3494357743097239,0.0163265306122449,0.015996445234392358
Chile-2019,Chile,Latin_America_and_the_caribbean,High-income_economy,2019,87.35953697,0.978930891,0.863498628,7.632882021,146.4625165,2.055049193,2799,438,0.342049986,57.61175457,13630.59354,261677000000,7.761494,0.052089445,325,33916606,3237,1.24e-8,1.29613e-4,1.24e-8,0.294198285,2.155578403,9.520145432,4.070935266,4.481414138,1.29604e-4,5.786897381,1.116795695,Alta,Latin America and the caribbean,19.19777001875151,FALSE,1.0684706161668376,8.97674256400038,27.1245649947609,12.8008428501963,507.31033,0.34243,7479.71,FALSE,FALSE,31743134.05236785,32243134.05236785,895066141.86522,325,1.0000011855144058,1.6795249667473995,0.342049986,16.92904955536788,0.052089445,0.2663830581591022,9.520072070330862,6,CHL,75.769493,22417,376,0.42842485613596826,0.3636971940937681,0.016772984788330284,0.015996445234392358
China-2013,China,East_Asia_and_Pacific,Upper-middle_income_economy,2013,134.3150371,-0.355887651,-0.00512069,31.58558133,41.26383585,0.999702805,120200,704936,1.997859955,46.74437558,7056.423092,9619600000000,19.63847,1.4184109,24562,140744114,825136,8.58e-8,1.46e-5,8.58e-8,1.097898686,3.4838699,8.861835263,3.865861271,4.907605668,1.46e-5,10.10899652,0.692998572,Média-alta,East Asia and Pacific,1363.2402528280825,FALSE,0.9738442590445088,30.1275021518721,43.3938707801605,94.0381521516055,1079.63795,1.96246,351525.76,FALSE,FALSE,144524252.92119262,145024252.92119262,192186136231.18,24562,1933.634833930108,0.1063820207922525,1.997859955,18.01736704080253,1.4184109,-1.0127513931938472,8.861693557907119,0,CHN,31.0798663,538031,21878,0.729188466835554,0.09842369677583633,0.040663084469110516,0.05048726261737077
China-2014,China,East_Asia_and_Pacific,Upper-middle_income_economy,2014,140.2350811,-0.337719589,0.354851633,29.70372718,57.32304948,1.248733356,127042,801135,2.022429943,44.90521595,7532.785301,10333900000000,20.26328,1.7896873,26176,1713476018,928177,8.98e-8,1.65811e-4,8.98e-8,1.106061125,3.424384054,8.927152891,3.826578748,4.950425744,1.65797e-4,10.17263644,0.810367105,Média-alta,East Asia and Pacific,1371.856436506712,FALSE,0.9908049064335993,29.8300397890826,42.2827157791092,94.0039246038441,1101.80087,1.98475,379465.82,FALSE,FALSE,1729377808.7632349,1729877808.7632349,208995887879.67703,26176,2455.1940418393187,1.260975830071685,2.022429943,19.0807137710812,1.7896873,-0.7683911336667838,8.927020146291161,1,CHN,32.9618757,518854,20283,0.733283351385939,0.0881519656782062,0.03909192181230173,0.05048726261737077
China-2015,China,East_Asia_and_Pacific,Upper-middle_income_economy,2015,152.5840855,-0.29992187,0.41742301,30.43126727,74.02219921,1.673880164,133612,968252,2.057009935,39.46416934,8016.445595,11061600000000,23.62905,2.8263760000000002,26126,1632561385,1101864,9.96e-8,1.47589e-4,9.96e-8,1.117437293,3.447803171,8.989375146,3.700416875,5.034248206,1.47578e-4,10.17072454,0.983530663,Média-alta,East Asia and Pacific,1379.8634156388857,FALSE,1,28.3889960582852,40.0475902161032,94.3003313730696,1162.7108,2.01703,401135.63,FALSE,FALSE,1632561385,1633061385,227538210969.96,26126,3900.0128412397717,1.183494950653418,2.057009935,18.933758011044514,2.8263760000000002,-0.7074153105011751,8.989250409978283,2,CHN,32.4786757,448542,14979,0.725869595266441,0.0889816338269326,0.03339486603261233,0.05048726261737077
China-2016,China,East_Asia_and_Pacific,Upper-middle_income_economy,2016,156.2190874,-0.268094301,0.356383771,30.25452323,65.16989159,1.744479345,133522,1204981,2.100330114,36.89441502,8516.528742,11819200000000,21.81829,5.6664543,26491,5686808385,1338503,1.13e-7,4.81152e-4,1.13e-7,1.131508594,3.442164109,9.049881524,3.63480374,5.057640293,4.81036e-4,10.18459808,1.009591383,Média-alta,East Asia and Pacific,1387.7954690286654,FALSE,1.0095032247490163,27.5237594259275,38.811156093921,93.7167028020422,1208.86205,2.0595,430349.69,FALSE,FALSE,5633274115.012223,5633774115.012223,248242216833.888,26491,7863.879602997998,4.059513264555742,2.100330114,19.088547693949,5.6664543,-0.7302067300491386,9.049764112155502,3,CHN,32.5243345,375523,11093,0.7549684040657962,0.054143155013141674,0.029540134692149347,0.05048726261737077
China-2017,China,East_Asia_and_Pacific,Upper-middle_income_economy,2017,154.8827992,-0.291626126,0.416875631,30.91186398,70.76295319,1.744354606,135885,1245709,2.116029978,37.63241324,9053.228725,12640300000000,22.5563,10.481078,31257,5181288292,1381594,1.09e-7,4.09904e-4,1.09e-7,1.136559749,3.462977852,9.11098719,3.654091645,5.049104438,4.0982e-4,10.35003062,1.009545931,Média-alta,East Asia and Pacific,1396.2201093069145,FALSE,1.0275814416785491,27.5998559245177,39.129944350895,93.511711476449,1235.84935,2.07771,464153.83,FALSE,FALSE,5042216686.529869,5042716686.529869,267472537309.134,31257,14633.891870814297,3.6116917761864067,2.116029978,22.386871376258874,10.481078,-0.7033415224128026,9.110876738261773,4,CHN,32.6878882,413155,12506,0.7528288414759594,0.05046774213067735,0.030269511442436857,0.05048726261737077
China-2018,China,East_Asia_and_Pacific,Upper-middle_income_economy,2018,157.8090503,-0.286848217,0.496678442,31.54814786,45.51940772,1.832948832,148187,1393815,2.140579939,37.5657841,9619.209475,13493400000000,23.32925,19.441738,39363,9731337219,1542002,1.14e-7,7.2119e-4,1.14e-7,1.144407477,3.482720466,9.171621318,3.652365461,5.067702539,7.2093e-4,10.58060697,1.041318159,Média-alta,East Asia and Pacific,1402.755604300841,FALSE,1.0511222050355473,27.34341880328,38.9777001747097,93.2388307531011,1317.48914,2.10232,513575.22,FALSE,FALSE,9258045517.810083,9258545517.810083,288837013489.026,39363,27272.006936848626,6.600255589372399,2.140579939,28.06119603394437,19.441738,-0.6487682547369151,9.171517365127263,5,CHN,31.4352456,476867,15568,0.7620783153374001,0.053423700948063084,0.03264641923219682,0.05048726261737077
China-2019,China,East_Asia_and_Pacific,Upper-middle_income_economy,2019,165.3903696,-0.312614381,0.544862509,30.8186303,60.01072164,1.861754853,157093,1243568,2.244630098,35.89009603,10155.51088,14296400000000,24.55772,30.775816,51258,8123027195,1400661,9.8e-8,5.68188e-4,9.8e-8,1.177001352,3.460051977,9.225870245,3.607943115,5.114336652,5.68027e-4,10.84464649,1.051435022,Média-alta,East Asia and Pacific,1407.747987169701,FALSE,1.0684706161668376,26.2594662949297,37.7642333162735,92.8740842473991,1483.85803,2.20144,608625.08,FALSE,FALSE,7602480659.825296,7602980659.825296,320901297330.472,51258,43324.59302750508,5.400810890244074,2.244630098,36.41134668077558,30.775816,-0.6311195128258124,9.22577178097162,6,CHN,30.5511564,549979,19574,0.7652273995916208,0.05630760447217076,0.03559044981717484,0.05048726261737077
China-2020,China,East_Asia_and_Pacific,Upper-middle_income_economy,2020,182.868059,-0.071028143,0.643971682,31.27661542,83.58510425,1.839619692,152342,1344817,2.40666008,34.7542957,10358.17,14616400000000,24.44535,46.329655,58225,10615315084,1497159,1.02e-7,7.2626e-4,1.02e-7,1.225732363,3.474342987,9.245627397,3.576670421,5.21421843,7.25996e-4,10.97208727,1.043670132,Média-alta,East Asia and Pacific,1411.0986786275955,FALSE,1.0828387224959974,25.5809804288007,36.9115624066306,93.5416579304527,1600.30633,2.35712,671731.01,FALSE,FALSE,9803228184.83178,9803728184.83178,351767063933.12,58225,65375.714951772374,6.947585121663268,2.40666008,41.262174560767356,46.329655,-0.4374857465791481,9.245530859283987,7,CHN,29.8557072,611837,23841,0.7554185183308626,0.06298736428166325,0.03896626062170153,0.05048726261737077
China-2021,China,East_Asia_and_Pacific,Upper-middle_income_economy,2021,177.2674301,0.030233584,0.807911634,30.21907328,81.01612724,1.727391692,159019,1426644,2.432600021,37.30199087,11223.25535,15851300000000,25.01797,59.907295,77180,23400000000,1585663,1e-7,0.001475339,1e-7,1.233317998,3.441029231,9.325832372,3.645501876,5.183284839,0.001474251,11.25390859,1.003345728,Média-alta,East Asia and Pacific,1412.3620558985144,FALSE,1.1322483591563497,26.621932558827,38.0924722040717,93.4459167956813,1685.97511,2.38165,756203.38,FALSE,FALSE,20666843816.347492,20667343816.347492,385598727128.77295,77180,84610.79032951879,14.63317690392027,2.432600021,54.64604467223508,59.907295,-0.2765352571837538,9.325743275140923,8,CHN,28.6055622,673900,28517,0.7540198842558243,0.06907107879507346,0.042316367413562844,0.05048726261737077
Colombia-2015,Colombia,Latin_America_and_the_caribbean,Upper-middle_income_economy,2015,46.88513959,-0.352601826,-0.093739085,9.84934562,29.28711569,2.847672788,1921,321,0.365420014,38.36076412,6248.514905,293492000000,6.413251,0.042580426,400,0,2242,7.64e-9,0,7.64e-9,0.311462084,2.384104767,8.740259125,3.672769486,3.868805218,0,5.993961427,1.347468495,Média-alta,Latin America and the caribbean,46.96988075761019,TRUE,1,12.4008937581087,28.5894478881361,23.4344948887716,70.66931,0.36542,5115.5,FALSE,FALSE,0,500000,1072478507.48888,400,1.9999975318282446,0.01064511963699181,0.365420014,8.516095709593449,0.042580426,-1.0687646227357952,8.740099099295483,2,COL,57.143398500000004,21890,268,0.3428049337597076,0.4125628140703518,0.012243033348560986,0.013453108156665469
Colombia-2017,Colombia,Latin_America_and_the_caribbean,Upper-middle_income_economy,2017,49.78731554,-0.429829597,-0.140821368,8.962362764,38.95162958,4.179781455,1777,595,0.26109001,35.28291494,6309.677453,303692000000,5.932585,0.041553196,448,1105459,2372,7.81e-9,3.64e-6,7.81e-9,0.231976435,2.298814269,8.749998312,3.591346968,3.927646629,3.64e-6,6.107022888,1.644762865,Média-alta,Latin America and the caribbean,48.1311449376238,FALSE,1.0275814416785491,11.4095935667718,26.8148589146209,20.4602009068447,90.24729,0.26109,6280.16,FALSE,FALSE,1075787.237062435,1575787.237062435,792909473.1692,448,2.0000028992974896,0.032739450497273594,0.26109001,9.307902410810954,0.041553196,-1.140702386996818,8.749839837430018,4,COL,57.2127136,24673,238,0.35869168726948486,0.398573339277753,0.009646171928829085,0.013453108156665469
Colombia-2019,Colombia,Latin_America_and_the_caribbean,Upper-middle_income_economy,2019,46.02450582,-0.283615679,0.032715105,9.048456162,40.8753319,3.149631302,1735,422,0.32201001,37.55853398,6439.963598,321406000000,6.134324,0.040073745,607,6359364,2157,6.71e-9,1.98e-5,6.71e-9,0.279153314,2.307419007,8.770433435,3.65217745,3.850668866,1.98e-5,6.410174882,1.423019487,Média-alta,Latin America and the caribbean,49.90804607961077,FALSE,1.0684706161668376,10.926657535177,25.993426836769,21.0779965271648,NA,0.32201,7968.21,FALSE,TRUE,5951837.985787912,6451837.985787912,1034959492.7406,607,2.0000023120425716,0.12927450566780893,0.32201001,12.162367547544228,0.040073745,-0.9494879898446695,8.770278166597953,6,COL,58.2585713,24860,279,0.3710378117457763,0.3827835880933226,0.011222847948511666,0.013453108156665469
Croatia-2015,Croatia,Europe_and_Central_Asia,High-Income_Economy,2015,63.16543573,0.199906364,0.457353413,10.70662401,36.10312234,18.1676736,17,169,0.828159988,90.6409411,12285.30326,51005200670,6.566321,0.23902105,211,0,186,3.65e-9,0,3.65e-9,0.60330999,2.460154836,9.416240365,4.517878127,4.161464681,0,5.356586275,2.953225193,Alta,Europe and Central Asia,4.151724999420161,TRUE,1,12.7376756733238,20.3715789931689,66.593111570583,1513.83841,0.82388,4033.56,FALSE,FALSE,0,500000,422404663.74804795,211,0.9923496686726563,0.12043186869791019,0.828159988,50.82224859051809,0.23902105,-0.41443620973000617,9.416158970039286,2,HRV,67.0648751,8983,142,0.37648892352220864,0.3978626294111099,0.015807636646999888,0.016016865622604314
Croatia-2018,Croatia,Europe_and_Central_Asia,High-Income_Economy,2018,54.26789971,0.046769924,0.513932765,8.837531015,33.45840057,10.41324602,15,121,0.951250017,99.06781797,14060.71895,56085044234,7.880998,0.4969107,240,6474609,136,2.42e-9,1.15443e-4,2.42e-9,0.668470201,2.286204766,9.551211416,4.605848136,4.012192265,1.15436e-4,5.484796933,2.434774612,Alta,Europe and Central Asia,3.9887750002996825,FALSE,1.0511222050355473,12.2986766761783,19.2887373843767,66.5327393870269,1973.01528,0.94608,4590.14,FALSE,FALSE,6159710.991721499,6659710.991721499,533508992.81038254,240,1.9820649775414154,1.6696130995659433,0.951250017,60.168848827514324,0.4969107,-0.4593410127038384,9.551140298481233,5,HRV,63.6336749,10540,194,0.3864326375711575,0.4121442125237192,0.01840607210626186,0.016016865622604314
Croatia-2019,Croatia,Europe_and_Central_Asia,High-Income_Economy,2019,52.91925898,0.052447699,0.456785351,8.289270835,36.53675515,7.411244344,16,195,1.079630017,101.3820133,14641.22988,57823926883,7.937998,0.2508568,266,3179682,211,3.65e-9,5.5e-5,3.65e-9,0.732190002,2.228860061,9.59166509,4.628711046,3.987487723,5.5e-5,5.587248658,2.129569423,Alta,Europe and Central Asia,3.949390000493592,FALSE,1.0684706161668376,11.9932247841766,19.5752741048337,67.3406993625424,2203.55061,1.07723,4603.53,FALSE,FALSE,2975918.992893956,3475918.992893956,624284471.6370004,266,0.9907313374758209,0.8801154083186361,1.079630017,67.35217336519197,0.2508568,-0.4935615929241476,9.591596792183532,6,HRV,64.5067603,10053,181,0.4063463642693723,0.3678503929175371,0.018004575748532776,0.016016865622604314
France-2013,France,Europe_and_Central_Asia,High-Income_Economy,2013,95.86338004,1.304333687,1.482052445,27.18171776,81.71242169,4.49543408,2196,14690,2.237030029,61.81923387,36256.08669,2392830000000,19.35971,0.43486542,4371,56995550,16886,7.06e-9,2.38e-5,7.06e-9,1.174656252,3.338673461,10.49839014,4.140261298,4.573301532,2.38e-5,8.382975849,1.70391758,Alta,Europe and Central Asia,65.99802180691444,FALSE,0.9738442590445088,10.2533499274342,17.5699939241217,76.9620880246645,4133.56261,2.23369,71475.21,FALSE,FALSE,58526350.05100448,59026350.05100448,53528325642.9207,4371,28.700257472233005,0.8943654436142576,2.237030029,66.22925779181554,0.43486542,0.8433948357544327,10.49836255487739,0,FRA,78.3724421,137087,3000,0.49940548702648685,0.25321875889033973,0.02188391313545413,0.02277644433927183
France-2014,France,Europe_and_Central_Asia,High-Income_Economy,2014,93.90230386,1.2879855630000001,1.412870884,27.47027367,72.90191085,3.725678938,2033,14500,2.275919914,62.19926694,36444.39491,2416700000000,16.62016,0.51010555,4815,1420456739,16533,6.84e-9,5.87766e-4,6.84e-9,1.186598719,3.348860514,10.50357039,4.146292702,4.552847982,5.87594e-4,8.479698987,1.553011241,Alta,Europe and Central Asia,66.31198037360966,FALSE,0.9908049064335993,10.1814983481472,17.3416195349368,77.550562918085,4210.03605,2.27173,71223.41,FALSE,FALSE,1433639185.4506774,1434139185.4506774,55002156561.63801,4815,33.82610922006936,21.627150589841612,2.275919914,72.6113135646336,0.51010555,0.7895658489783344,10.503542950852308,1,FRA,78.039137,141499,3176,0.5026113258750945,0.24182503056558705,0.02244538830663114,0.02277644433927183
France-2015,France,Europe_and_Central_Asia,High-Income_Economy,2015,94.93274648,1.247834802,1.417322278,28.21169085,85.49975263,3.523081212,1994,14306,2.227020025,63.5046872,36702.43237,2442480000000,18.60366,0.5391555,5137,398994344,16300,6.67e-9,1.63356e-4,6.67e-9,1.171559119,3.374569001,10.51062555,4.166737891,4.563647388,1.63343e-4,8.544419178,1.509193446,Alta,Europe and Central Asia,66.54817793483478,FALSE,1,10.3199116417468,17.236441547058,78.7323283725094,4310.70957,2.22401,70877.24,FALSE,FALSE,398994344,399494344,54394518706.619995,5137,35.87981614854481,6.003084628270248,2.227020025,77.19219608131489,0.5391555,0.7710237873842625,10.510598308958148,2,FRA,78.3723529,143685,3309,0.5010474301423252,0.25309531266311724,0.02302954379371542,0.02277644433927183
France-2016,France,Europe_and_Central_Asia,High-Income_Economy,2016,96.77688049,1.328288913,1.380623579,27.93318016,87.39637044,3.498527459,2012,14206,2.222379923,63.34275644,36920.53429,2463490000000,19.79079,1.0140297,5049,806111016,16218,6.58e-9,3.27223e-4,6.58e-9,1.170120193,3.364989039,10.51655024,4.164224363,4.582688153,3.2717e-4,8.527143522,1.503750112,Alta,Europe and Central Asia,66.72411565471958,FALSE,1.0095032247490163,10.1652320223789,16.9433572396904,79.6980182102876,4392.04699,2.22468,70242.04,FALSE,FALSE,798522477.4298428,799022477.4298428,54748107165.1127,5049,67.6602349801206,11.975017871568085,2.222379923,75.66979270474408,1.0140297,0.7900699416082828,10.516523160072207,3,FRA,77.5657419,149050,2987,0.48791680644079166,0.25705467963770545,0.020040254948004026,0.02277644433927183
France-2017,France,Europe_and_Central_Asia,High-Income_Economy,2017,99.76015418,1.224527001,1.308906794,26.0180219,106.1975443,2.850840821,1832,14415,2.198879957,65.39584816,37580.59793,2514820000000,20.00664,1.4857982,5113,1246958224,16247,6.46e-9,4.95844e-4,6.46e-9,1.162800735,3.296504121,10.53426979,4.195634527,4.612742982,4.95721e-4,8.539737156,1.34829152,Alta,Europe and Central Asia,66.91804118402433,FALSE,1.0275814416785491,10.0100515756887,16.7483032647876,79.9472167846139,4546.76212,2.20422,69138.49,FALSE,FALSE,1213488462.7374158,1213988462.7374158,55297872934.627396,5113,99.42670513874923,18.14142257091705,2.198879957,76.40689879040649,1.4857982,0.687902139592975,10.534243183697718,4,FRA,77.2017812,148703,3030,0.4813016549766985,0.2605461893842088,0.020376186089049987,0.02277644433927183
France-2018,France,Europe_and_Central_Asia,High-Income_Economy,2018,102.1651526,1.2815516,1.419718504,25.93478493,85.05789393,2.74917801,1919,14303,2.196660042,66.80226078,38062.4436,2556210000000,19.20898,2.8083227,5669,1355351469,16222,6.35e-9,5.30219e-4,6.35e-9,1.162106528,3.293418571,10.54700961,4.216595539,4.636331128,5.30078e-4,8.642944397,1.321536619,Alta,Europe and Central Asia,67.15832611440638,FALSE,1.0511222050355473,9.88620521645328,16.725283255726,79.7942114817241,4670.53241,2.20407,67117.57,FALSE,FALSE,1289432819.9965713,1289932819.9965713,56151243659.6082,5669,188.60225172109025,19.20734024548392,2.196660042,84.41246719494877,2.8083227,0.7905933759945192,10.546983342677756,5,FRA,77.0230983,152961,3288,0.4726760416053765,0.2709121933041756,0.021495675368231118,0.02277644433927183
Greece-2014,Greece,Europe_and_Central_Asia,High-Income_Economy,2014,117.6661733,-0.136098176,0.298027337,11.50603126,23.57911038,29.99453747,19,651,0.839980006,66.43356826,17903.52526,195013000000,5.429644,0.09180065,793,426938246,670,3.44e-9,0.002189286,3.44e-9,0.609754705,2.526211028,9.792808767,4.211142939,4.776314285,0.002186893,6.677083461,3.433810978,Alta,Europe and Central Asia,10.892435828584969,FALSE,0.9908049064335993,7.79323131183445,14.144282569928,32.5296898213842,2733.92303,0.84553,11308.55,FALSE,FALSE,430900415.63960713,431400415.63960713,1638070209.10078,793,0.9999326891473886,39.60550444625848,0.839980006,72.8028158696087,0.09180065,-0.6977510328660204,9.792752914337777,1,GRC,68.9194616,16546,478,0.5029010032636286,0.14559410129336395,0.028889157500302187,0.03081657831586654
Greece-2015,Greece,Europe_and_Central_Asia,High-Income_Economy,2015,113.1978457,-0.119139403,0.145935848,12.92182531,21.62725395,35.70686888,23,550,0.966050029,65.27180114,17980.72982,194567000000,5.945258,0.18482749,786,0,573,2.94e-9,0,2.94e-9,0.676026468,2.633457775,9.797111512,4.193764485,4.737932433,0,6.668228248,3.602963901,Alta,Europe and Central Asia,10.820862220152085,TRUE,1,8.2939794133625,14.4406143927451,36.3880330713537,3196.52298,0.9716,11079.51,FALSE,FALSE,0,500000,1879614559.9244301,786,1.9999928037865373,0.046207038757857186,0.966050029,72.6374649273515,0.18482749,-0.7878383151374599,9.797055897858117,2,GRC,68.5275896,16322,490,0.5002450680063718,0.1559245190540375,0.030020830780541602,0.03081657831586654
Greece-2016,Greece,Europe_and_Central_Asia,High-Income_Economy,2016,108.3914975,-0.134527221,0.12441732,13.72700812,19.24576922,37.35613197,40,606,1.005290031,63.65766259,18049.92892,194506000000,7.967101,0.37121227,852,12419077,646,3.32e-9,6.38e-5,3.32e-9,0.695788704,2.689683095,9.800952426,4.169106622,4.694933167,6.38e-5,6.748759547,3.64691441,Alta,Europe and Central Asia,10.775998114013627,FALSE,1.0095032247490163,8.1077472947053,14.3053359941807,37.1171045120441,2726.60076,1.00556,10988.04,FALSE,FALSE,12302166.744526887,12802166.744526887,1955349427.6968598,852,4.000182721418717,1.1880260750861058,1.005290031,79.0646018109467,0.37121227,-0.8100840718895082,9.800897025803135,3,GRC,68.7174146,17445,525,0.5086844368013758,0.15064488392089423,0.03009458297506449,0.03081657831586654
Greece-2017,Greece,Europe_and_Central_Asia,High-Income_Economy,2017,100.4186207,-0.112043098,0.239155456,12.11488958,25.25440722,45.96679797,91,498,1.152279973,70.88260667,18352.08841,197371000000,9.335051,1.3018979,797,66327565,589,2.98e-9,3.36056e-4,2.98e-9,0.766527733,2.573748194,9.817553145,4.275034326,4.619256711,3.35999e-4,6.682108597,3.849440926,Alta,Europe and Central Asia,10.754688817456497,FALSE,1.0275814416785491,8.01771265830777,13.5438938901132,35.5452261667004,3250.61522,1.1492,10931.52,FALSE,FALSE,64547258.552717976,65047258.552717976,2274266505.50983,797,14.001506786600096,6.048269704199751,1.152279973,74.10721161046963,1.3018979,-0.7232807562068082,9.817498656816136,4,GRC,68.4514591,18462,582,0.4994041815621276,0.15946268009966416,0.031524211894702635,0.03081657831586654
Greece-2018,Greece,Europe_and_Central_Asia,High-Income_Economy,2018,90.98269975,-0.056208048,0.258464664,12.95518895,17.98924175,43.37318589,149,430,1.21370995,79.23816361,18769.03901,201446000000,7.744936,0.83870375,1019,2158203,579,2.87e-9,1.07e-5,2.87e-9,0.794669819,2.635851407,9.840017208,4.384999257,4.521600513,1.07e-5,6.927557906,3.792635366,Alta,Europe and Central Asia,10.732888343013785,FALSE,1.0511222050355473,8.18182062799694,13.6804076386379,34.3141237759414,3416.08087,1.2066,11031.66,FALSE,FALSE,2053236.9972404996,2553236.9972404996,2444970145.877,1019,9.001713701616948,0.23788908592368277,1.21370995,94.94182436578538,0.83870375,-0.6808730455593099,9.839963930081284,5,GRC,69.092871,18492,543,0.4890222799048237,0.16050183863292233,0.02936404931862427,0.03081657831586654
Greece-2019,Greece,Europe_and_Central_Asia,High-Income_Economy,2019,79.99515502,0.013698228,0.314295799,12.52225556,25.88158115,38.07241693,238,356,1.274960041,80.59010089,19216.676,206033000000,7.77626,0.27988783,1091,11658833,594,2.88e-9,5.66e-5,2.88e-9,0.821962488,2.604336888,9.86358576,4.401707942,4.394389338,5.66e-5,6.995766156,3.665416769,Alta,Europe and Central Asia,10.721573283537696,FALSE,1.0684706161668376,7.83958999296986,13.4139572418293,37.5045090570401,3644.60084,1.26236,11389.86,FALSE,FALSE,10911702.038027331,11411702.038027331,2626838421.27353,1091,3.0008378805153404,1.0643682355414466,1.274960041,101.75745398067298,0.27988783,-0.6071424035793285,9.863533722718483,6,GRC,69.7011648,19734,600,0.4916894699503395,0.16565318739231782,0.030404378230465188,0.03081657831586654
Greece-2020,Greece,Europe_and_Central_Asia,High-Income_Economy,2020,81.02804736,0.031950839,0.402936995,13.25186697,26.64407114,30.81467917,363,400,1.50793004,70.29378645,17486.95138,187086000000,7.356091,0.46731722,1366,18845613,763,4.08e-9,1.00732e-4,4.08e-9,0.919457728,2.656887914,9.76926743,4.266809177,4.40706123,1.00727e-4,7.220373837,3.459927792,Alta,Europe and Central Asia,10.698605830972467,FALSE,1.0828387224959974,8.42728042228222,14.2956021874194,43.1789891422737,4008.18457,1.48872,12102.88,FALSE,FALSE,17403896.451504726,17903896.451504726,2821125994.6344,1366,4.9996427348058425,1.67347939856546,1.50793004,127.68018764140554,0.46731722,-0.5396110110435011,9.769210246358677,7,GRC,71.8204834,22463,717,0.47406846814762055,0.1732626986600187,0.031919155945332324,0.03081657831586654
Greece-2021,Greece,Europe_and_Central_Asia,High-Income_Economy,2021,55.97845446,0.183011442,0.406026542,12.28486815,27.13759884,11.88133295,532,394,1.456419945,88.01266274,19232.96838,203277000000,6.641998,0.66165316,1788,58000000,926,4.56e-9,2.85325e-4,4.56e-9,0.898704983,2.586625655,9.864433181,4.488778638,4.042673204,2.85284e-4,7.489412084,2.555779206,Alta,Europe and Central Asia,10.569195351632978,FALSE,1.1322483591563497,8.66558957724326,14.7711977789358,38.7775709491228,4244.36826,1.43353,13776.67,FALSE,FALSE,51225510.314023696,51725510.314023696,2960566771.5976496,1788,6.99314150306527,4.893987535771295,1.456419945,169.17087257013824,0.66165316,-0.4569182027082753,9.864381188604725,8,GRC,70.8235136,24541,777,0.4792795729595371,0.1698789780367548,0.03166130149545658,0.03081657831586654
Hungary-2013,Hungary,Europe_and_Central_Asia,high-income_economy,2013,46.05118038,0.293921649,0.678418398,19.36915231,14.59078737,16.82572837,66,642,1.38409996,164.3461104,11705.00925,115799000000,8.120221,0.20223789,303,0,708,6.11e-9,0,6.11e-9,0.868821678,3.014021615,9.3678576,5.108040915,3.851235954,0,5.717027701,2.880642827,Alta,Europe and Central Asia,9.893114779042145,TRUE,0.9738442590445088,18.7073217770592,25.0561210392632,81.8974246847191,2527.84945,1.38449,6153.78,FALSE,FALSE,0,500000,1602773912.6804,303,2.0007626584412996,0.05054020004490539,1.38409996,30.627361227212667,0.20223789,-0.22011752716831673,9.36777217018527,0,HUN,68.613028,11073,271,0.5636232276709112,0.20671904632890817,0.024473945633522984,0.02445315514755164
Hungary-2014,Hungary,Europe_and_Central_Asia,high-income_economy,2014,42.51429802,0.156544849,0.582895637,16.69019751,10.29063639,15.62152681,73,546,1.344599962,168.3945965,12233.29937,120699000000,6.695463,0.101390645,298,5723033,619,5.13e-9,4.74e-5,5.13e-9,0.852114796,2.873010673,9.41199871,5.132230884,3.773089574,4.74e-5,5.700443573,2.810698651,Alta,Europe and Central Asia,9.866430661869758,FALSE,0.9908049064335993,19.4234614005581,25.6873886769853,83.4910804693238,2654.79529,1.3437,6494,FALSE,FALSE,5776145.195525977,6276145.195525977,1622918708.1343799,298,1.0003637686547517,0.6361110122408343,1.344599962,30.20342515066405,0.101390645,-0.35575697376573806,9.41191696907642,1,HUN,65.8318248,12406,294,0.5671449298726423,0.21118813477349668,0.023698210543285508,0.02445315514755164
Hungary-2015,Hungary,Europe_and_Central_Asia,high-income_economy,2015,35.0798415,0.118709452,0.509736955,17.08325845,14.12987234,11.66312603,64,569,1.339589953,167.320445,12717.0386,125174000000,8.316404,0.8130734,305,395564593,633,5.06e-9,0.003160114,5.06e-9,0.84997568,2.894986562,9.450776627,5.125869574,3.585734302,0.003155131,5.723585102,2.538694308,Alta,Europe and Central Asia,9.84301486668445,FALSE,1,20.2076761720927,26.3916783181703,85.6088130930811,2569.66887,1.33884,6389.48,FALSE,FALSE,395564593,396064593,1676818327.76822,305,8.003093563905672,40.23813824975066,1.339589953,30.986441058047195,0.8130734,-0.42365452127949876,9.45069799532321,2,HUN,64.8981107,12871,279,0.5624271618366872,0.21870872504078936,0.021676637401911274,0.02445315514755164
Hungary-2016,Hungary,Europe_and_Central_Asia,high-income_economy,2016,33.37437642,0.072164074,0.457127035,17.57645302,17.53626286,7.423562097,49,616,1.179870009,164.4039277,13035.35286,127929000000,9.585453,0.5096565,331,12419077,665,5.2e-9,9.71e-5,5.2e-9,0.779265246,2.921894812,9.475497108,5.108390529,3.537311415,9.71e-5,5.805134969,2.131032791,Alta,Europe and Central Asia,9.814003608031213,FALSE,1.0095032247490163,19.5575596990539,25.4486066021034,87.7871002783065,2625.94197,1.17645,6351.5,FALSE,FALSE,12302166.744526887,12802166.744526887,1509395903.81361,331,5.00177072985656,1.3044795229186927,1.179870009,33.72731590694839,0.5096565,-0.48280868873367927,9.475420396196839,3,HUN,63.3774175,13465,255,0.548904567396955,0.22376531748978834,0.018937987374675083,0.02445315514755164
Hungary-2017,Hungary,Europe_and_Central_Asia,high-income_economy,2017,32.39838963,0.090621345,0.481280267,17.26307328,22.04833751,4.167788043,36,496,1.317020059,165.2285156,13628.40449,133394000000,9.697723,0.6131455,281,2210919,532,3.99e-9,1.66e-5,3.99e-9,0.840281903,2.904881168,9.519984833,5.113363442,3.508507684,1.66e-5,5.641907071,1.642444752,Alta,Europe and Central Asia,9.787939600551141,FALSE,1.0275814416785491,19.1033927278036,25.1587549896178,86.7735561991614,2902.24254,1.31498,6645.92,FALSE,FALSE,2151575.4472837453,2651575.4472837453,1756825737.50246,281,6.0014311203497295,0.2709023099339967,1.317020059,28.7087999586938,0.6131455,-0.4572060930529582,9.519911459144618,4,HUN,62.693541,14030,312,0.5386315039201711,0.24853884533143264,0.02223806129722024,0.02445315514755164
Hungary-2018,Hungary,Europe_and_Central_Asia,high-income_economy,2018,32.34142598,0.055339221,0.443152636,16.82098586,18.0203993,2.465299559,36,407,1.507750034,163.2605123,14377.42416,140547000000,9.478704,0.30692437,398,45322262,443,3.15e-9,3.2247e-4,3.15e-9,0.91938595,2.880376744,9.57348404,5.101453657,3.506800647,3.22418e-4,5.988961417,1.242799082,Alta,Europe and Central Asia,9.775534089828229,FALSE,1.0511222050355473,18.4028423209229,24.9697501840475,86.572548175088,3846.48666,1.50196,6658.99,FALSE,FALSE,43117975.99068633,43617975.99068633,2119097440.2859802,398,3.0003496419340525,4.461953238552183,1.507750034,40.713887992486505,0.30692437,-0.5009041102521951,9.573414488665286,5,HUN,59.2259986,14970,372,0.529124916499666,0.258249832999332,0.024849699398797595,0.02445315514755164
Hungary-2019,Hungary,Europe_and_Central_Asia,high-income_economy,2019,33.25898311,0.030637173,0.450478911,17.37876006,20.05026076,1.509118843,23,427,1.472910047,160.7513433,15083.59917,147384000000,9.339087,0.40940207,517,12718727,450,3.05e-9,8.63e-5,3.05e-9,0.905395614,2.911195653,9.62142958,5.086060238,3.533948811,8.63e-5,6.249975242,0.919931633,Alta,Europe and Central Asia,9.77114270532555,FALSE,1.0684706161668376,17.3261619988245,24.6337376234071,86.8597067417349,4021.15293,1.46473,7035.03,FALSE,FALSE,11903675.03565865,12403675.03565865,2170833743.6704803,517,4.000326049825681,1.2694190853336218,1.472910047,52.91090464969059,0.40940207,-0.5093212226067727,9.62136328483504,6,HUN,59.202512,16238,386,0.5222933858849612,0.2661042000246336,0.023771400418770783,0.02445315514755164
Hungary-2020,Hungary,Europe_and_Central_Asia,high-income_economy,2020,37.59900087,0.068954095000000007,0.538535595,17.46488072,17.78308586,3.953203274,28,428,1.59315002,155.4226639,14437.80885,140771000000,7.338471,0.20513956,572,10469785,456,3.24e-9,7.44e-5,3.24e-9,0.952873361,2.915870589,9.577674919,5.052561727,3.653226392,7.44e-5,6.350885717,1.600034493,Alta,Europe and Central Asia,9.750163716844055,FALSE,1.0828387224959974,17.2739907825324,24.3596848911298,86.8451661867215,4309.61589,1.58067,7350.5,FALSE,FALSE,9668831.361947069,10168831.361947069,2242693214.6542,572,2.000144294801354,1.0429395502743957,1.59315002,58.6656815835648,0.20513956,-0.431454863556719,9.577605659243131,7,HUN,59.7687176,18695,437,0.5013105108317732,0.29836854774003746,0.02337523401979139,0.02445315514755164
Hungary-2021,Hungary,Europe_and_Central_Asia,high-income_economy,2021,38.32801053,0.01195485,0.59682107,16.39751264,17.33641211,3.568278172,13,433,1.64230001,159.6882741,15521.38159,150711000000,7.074254,0.20601888,663,28000000,446,2.96e-9,1.85786e-4,2.96e-9,0.971649754,2.856327244,9.650038235,5.079466303,3.671937001,1.85769e-4,6.498282149,1.519136366,Alta,Europe and Central Asia,9.709895934592508,FALSE,1.1322483591563497,16.5270428077403,23.8976973303284,85.7112500492847,4452.48668,1.63327,7822.44,FALSE,FALSE,24729556.703321785,25229556.703321785,2475126768.0711,663,2.0004218853613014,2.598334407832208,1.64230001,68.28085537333041,0.20601888,-0.4239023034967685,9.649973809749394,8,HUN,58.2540592,20217,532,0.4879062175396943,0.3172082900529258,0.026314487807290895,0.02445315514755164
India-2013,India,South_Asia,lower-middle_income_economy,2013,52.38570952,-0.517280996,-0.157355145,8.87350365,68.1342664,4.027728635,32362,10669,0.706420004,53.84413195,1399.453798,1813450000000,17.16692,0.041672148,5267,68627295,43031,2.37e-8,3.78e-5,2.37e-8,0.534397611,2.28985477,7.244551605,4.004495197,3.977543098,3.78e-5,8.569406063,1.614968319,Média-baixa,South Asia,1295.826988066097,FALSE,0.9738442590445088,15.253022692586,28.4048995600246,60.0804931317347,NA,0.70642,80194.85,FALSE,TRUE,70470503.2274195,70970503.2274195,12810573562.538,5267,53.99989402908463,0.05476850218510765,0.706420004,4.064585819331109,0.041672148,-1.1981865986527769,7.243837295191553,0,IND,62.1381958,111843,3295,0.6356142092039734,0.08232969430362204,0.02946094078306197,0.024831474517304296
India-2014,India,South_Asia,lower-middle_income_economy,2014,51.88218736,-0.457605749,-0.222846583,9.221221748,82.7172078,4.345849763,30814,12040,0.701590002,48.92218575,1484.316407,1947830000000,16.44565,0.037339672,6463,2719585184,42854,2.2e-8,0.00139621,2.2e-8,0.531563109,2.324466122,7.303383097,3.910465508,3.968066559,0.001395236,8.7740036,1.676320515,Média-baixa,South Asia,1312.2741154204598,FALSE,0.9908049064335993,15.0655701107589,27.6564012026443,62.6143035432105,NA,0.70158,88315.77,FALSE,TRUE,2744824098.4081745,2745324098.4081745,13665780535.9566,6463,48.99988504389011,2.0920355481739863,0.701590002,4.925038087739176,0.037339672,-1.2090073414605702,7.302709613264972,1,IND,61.4831896,129443,3823,0.6322164968364454,0.08168073978507914,0.029534235145971584,0.024831474517304296
India-2015,India,South_Asia,lower-middle_income_economy,2015,51.86752408,-0.40657419,0.0800815,8.024769172,82.96153709,5.883522274,33079,12579,0.693099976,41.92291387,1583.998159,2103590000000,16.17971,0.083582796,8013,1142107019,45658,2.17e-8,5.42933e-4,2.17e-8,0.526561154,2.199972927,7.368338525,3.759405806,3.967789239,5.42785e-4,8.988945291,1.929130479,Média-baixa,South Asia,1328.0255333933123,FALSE,1,15.5838545863713,27.34739147794,68.7631584732676,214.34935,0.6931,94793.78,FALSE,FALSE,1142107019,1142607019,14579981785.1384,8013,111.00008724040441,0.8603803091650359,0.693099976,6.033769531166721,0.083582796,-0.9842809899377061,7.367707410126221,2,IND,62.0542118,134118,4101,0.6211843302166749,0.0884668724555988,0.0305775511117076,0.024831474517304296
India-2016,India,South_Asia,lower-middle_income_economy,2016,49.10122542,-0.337335646,0.061389416,7.663257044,76.09812486,9.185655918,31858,13199,0.669839978,40.08248571,1694.46535,2277270000000,17.14082,0.11607624,8989,311605939,45057,1.98e-8,1.36833e-4,1.98e-8,0.5127278,2.159090754,7.435712525,3.715581892,3.914045467,1.36824e-4,9.103868127,2.320980448,Média-baixa,South Asia,1343.946041741131,FALSE,1.0095032247490163,15.1622371332529,26.6189999399789,71.5142380206267,NA,0.66984,104739.74,FALSE,TRUE,308672554.3422328,309172554.3422328,15254064867.000599,8989,156.00020328819355,0.23004833880212075,0.669839978,6.688512574771546,0.11607624,-0.9594868075325862,7.4351225423281475,3,IND,62.1809526,150762,4805,0.6075668935142808,0.09259627757657765,0.031871426486780485,0.024831474517304296
India-2017,India,South_Asia,lower-middle_income_economy,2017,48.7940214,-0.291900009,0.041096631,7.362081141,96.39877839,9.975282064,31621,14961,0.66602999,40.74249695,1788.697703,2432020000000,15.45114,0.19784395,9800,5336052611,46582,1.92e-8,0.002194086,1.92e-8,0.510443545,2.123707336,7.489802004,3.731519721,3.907894925,0.002191683,9.1902397,2.395645659,Média-baixa,South Asia,1359.6595981092953,FALSE,1.0275814416785491,15.0182387501718,26.5000166464804,69.6987012211939,NA,0.66603,115044.77,FALSE,TRUE,5192826957.134984,5193326957.134984,16197982562.797998,9800,269.0004255453555,3.819578786011351,0.66602999,7.207686404470359,0.19784395,-0.9484487960499655,7.489243093825513,4,IND,61.3202362,169980,5462,0.6105424167549124,0.0987880927167902,0.032133192140251794,0.024831474517304296
India-2018,India,South_Asia,lower-middle_income_economy,2018,50.33816275,-0.229758978,0.262917787,9.041451688,84.43839906,9.460956912,33766,16289,0.66000998,43.61696933,1883.357727,2588970000000,16.4891,0.19641234,12176,7297963363,50055,1.93e-8,0.002818862,1.93e-8,0.506823615,2.306721694,7.541342313,3.798114265,3.938434389,0.002814897,9.407304206,2.347649937,Média-baixa,South Asia,1374.6565311965292,FALSE,1.0511222050355473,14.8815306673017,26.4120919013735,69.268260401525,250.00794,0.66001,123052.68,FALSE,FALSE,6943020828.63257,6943520828.63257,17087460379.206001,12176,269.9995059885933,5.0510950707001605,0.66000998,8.857485287180618,0.19641234,-0.7706606624633152,7.5408114877778765,5,IND,60.4062457,179523,6202,0.6223603660812264,0.09792617101986932,0.03454710538482534,0.024831474517304296
India-2019,India,South_Asia,lower-middle_income_economy,2019,50.74246174,-0.30260244,0.130771831,10.22373969,80.650283,9.234428991,34173,19454,0.659420013,39.90540353,1936.030677,2689210000000,17.56805,0.007199267,13437,981461793,53627,1.99e-8,3.64964e-4,1.99e-8,0.506468152,2.41803115,7.568911501,3.71126217,3.946278755,3.64897e-4,9.505841793,2.325757428,Média-baixa,South Asia,1389.0327420674441,FALSE,1.0684706161668376,13.4558075633394,24.5914753075066,71.0205379047355,NA,0.65942,128579.54,FALSE,TRUE,918566948.0748252,919066948.0748252,17733188931.5973,13437,10.000017581885661,0.6616596716841108,0.659420013,9.673638059820169,0.007199267,-0.8957077403058412,7.568395113268834,6,IND,58.7855415,184717,6421,0.6150652078585079,0.10073788552217716,0.034761283476886264,0.024831474517304296
India-2020,India,South_Asia,lower-middle_income_economy,2020,54.50529025,-0.293598413,0.374532461,11.03256385,97.03201362,7.938830725,33630,23141,0.64635998,37.75810533,1806.501106,2533830000000,19.00172,0.003564763,18288,26600582930,56771,2.24e-8,0.01049817,2.24e-8,0.498566778,2.487616628,7.499700566,3.657339904,4.016478336,0.010443447,9.814055065,2.190404789,Média-baixa,South Asia,1402.617463993958,FALSE,1.0828387224959974,14.1204853576923,25.1229058078344,71.0145843098347,259.26325,0.64558,145711.12,FALSE,FALSE,24565600007.99041,24566100007.99041,16377663081.234,18288,4.999998838799494,17.514468940118824,0.64635998,13.038480176857957,0.003564763,-0.7319973471082004,7.499147162821108,7,IND,57.8427157,231541,7937,0.5975097282986599,0.10251748070536104,0.03427902617678942,0.024831474517304296
Indonesia-2013,Indonesia,East_Asia_and_Pacific,Upper-middle_income_economy,2013,32.37033501,-0.660291791,-0.244262353,9.676062629,37.99064551,1.606180858,6787,663,0.084700003,48.63737268,3055.24246,781691000000,4.511139,0.003908502,390,2326349,7450,9.53e-9,2.98e-6,9.53e-9,0.081303454,2.368004098,8.024941486,3.904744031,3.507667332,2.98e-6,5.96870756,0.957885877,Média-alta,East Asia and Pacific,255.8523620413419,FALSE,0.9738442590445088,21.0286886817218,42.6356774375889,37.1804571056594,NA,0.0847,2652.31,FALSE,TRUE,2388830.6352830036,2888830.6352830036,662092300.45073,390,0.999999468743309,0.011291006314087543,0.084700003,1.5243165898033877,0.003908502,-1.3312187977890555,8.024614233431913,0,IDN,56.6991573,30103,1734,0.4575955884795535,0.4211208185230708,0.05760223233564761,0.05304772616629455
Indonesia-2016,Indonesia,East_Asia_and_Pacific,Upper-middle_income_economy,2016,33.12695828,-0.463151515,-0.050782252,7.998609749,45.68924908,2.774898552,8538,1101,0.245350003,37.4213418,3416.810052,904182000000,5.101857,0.007557795,1068,2258014,9639,1.07e-8,2.5e-6,1.07e-8,0.219416618,2.197070093,8.136755289,3.648613081,3.530087637,2.5e-6,6.974478911,1.328373509,Média-alta,East Asia and Pacific,264.6275286712953,FALSE,1.0095032247490163,20.5229746805052,39.3084439802081,46.860340946238,177.73496,0.24535,5850.08,FALSE,FALSE,2236757.589913979,2736757.589913979,2218410564.12546,1068,2.0000006130542722,0.010341923244551847,0.245350003,4.035861292898996,0.007557795,-1.0998047733509315,8.136462661456903,3,IDN,58.650123,76500,4971,0.4071764705882353,0.47598692810457516,0.06498039215686274,0.05304772616629455
Ireland-2016,Ireland,Europe_and_Central_Asia,High-Income_Economy,2016,47.34005127,1.649452686,1.329557776,32.84181715,39.19384995,12.62697501,70,79,1.175070047,229.7644331,64367.4069,306089000000,14.43176,0.42074215,486,222414384,149,4.87e-10,7.26634e-4,4.87e-10,0.77706087,3.521697232,11.07237822,5.44139742,3.878260436,7.2637e-4,6.188264123,2.612051285,Alta,Europe and Central Asia,4.755341480130373,FALSE,1.0095032247490163,32.6267738894039,36.5192338386058,87.6083308140505,5143.85544,1.14954,7093.78,FALSE,FALSE,220320627.55945814,220820627.55945814,3596760156.16183,486,2.0007725983342355,46.43633448452246,1.175070047,102.20086234199857,0.42074215,0.9283093314968105,11.072362679941302,3,IRL,80.9430205,14565,268,0.46179196704428427,0.18846549948506694,0.018400274630964643,0.02454938125353114
Ireland-2018,Ireland,Europe_and_Central_Asia,High-Income_Economy,2018,39.74995962,1.5349406,1.378243089,25.01527823,27.85465816,5.456854569,32,76,1.167199969,216.4236477,74427.55207,362262000000,15.390930000000001,0.4104621,612,137045889,108,2.98e-10,3.78306e-4,2.98e-10,0.773435998,3.25868399,11.21759491,5.381847744,3.707454849,3.78234e-4,6.418364936,1.86514229,Alta,Europe and Central Asia,4.867310423689445,FALSE,1.0511222050355473,32.7799541366431,36.848503844665,88.0630365371726,4656.77702,1.08244,7397.98,FALSE,FALSE,130380547.89772548,130880547.89772548,4228321951.6987796,612,1.9978464578594595,26.889706327486994,1.167199969,125.7367923404608,0.4104621,0.898887188226651,11.217581475789858,5,IRL,81.9187352,15552,322,0.4451517489711934,0.1958590534979424,0.020704732510288065,0.02454938125353114
Israel-2013,Israel,Middle_East_and_North_Africa,High-income_economy,2013,64.84809723,0.905973852,1.243064404,19.03625824,68.3057886,2.901407683,4984,1201,4.025990009,64.66563099,35338.62421,284812000000,32.07264,1.1613849,598,181455221,6185,2.17e-8,6.37106e-4,2.17e-8,1.614622451,2.997543544,10.47276011,4.184575668,4.187350532,6.36903e-4,6.395261598,1.361337432,Alta,Middle East and North Africa,8.059510135638073,FALSE,0.9738442590445088,12.9828311268844,20.5754790666646,92.3856272918218,NA,4.10651,11269.87,FALSE,TRUE,186328788.52521604,186828788.52521604,11466502664.43308,598,9.36019337292701,23.181159323701845,4.025990009,74.19805793849979,1.1613849,0.47484749045908053,10.472731815008364,0,ISR,65.2820348,18661,619,0.5222121001018166,0.18375221049247092,0.033170783987996354,0.034507636434781545
Israel-2014,Israel,Middle_East_and_North_Africa,High-income_economy,2014,65.12480921,0.86055541,1.206179619,19.41305284,63.84310565,2.166393793,5148,1125,4.110610008,62.21117541,36013.66865,295877000000,31.43754,0.75976557,703,170546377,6273,2.12e-8,5.76409e-4,2.12e-8,1.631318772,3.016174541,10.4916816,4.146481112,4.191544005,5.76243e-4,6.556778356,1.152593335,Alta,Middle East and North Africa,8.215686185028527,FALSE,0.9908049064335993,12.5092649781181,19.9649384224167,92.6827022190732,NA,4.19613,11944.3,FALSE,TRUE,172129120.36727938,172629120.36727938,12162349573.37016,703,6.241995497309325,21.012136598141005,4.110610008,85.56802002504419,0.75976557,0.42654602465764613,10.491653830098466,1,ISR,65.2042485,19252,648,0.5205692915021816,0.1815395803033451,0.03365884063993351,0.034507636434781545
Israel-2015,Israel,Middle_East_and_North_Africa,High-income_economy,2015,65.87282144,0.906771839,1.356556654,23.65397754,80.57001212,1.844806223,5623,1285,4.214630127,59.34758073,36123.99079,302723000000,29.72975,1.9868581,742,477878613,6908,2.28e-8,0.001578602,2.28e-8,1.651468161,3.204938248,10.49474017,4.100120859,4.202792628,0.001577357,6.610696045,1.045494954,Alta,Middle East and North Africa,8.38010954436964,FALSE,1,12.9237212257425,19.9967940857239,94.7021611818398,NA,4.29761,12102.22,FALSE,TRUE,477878613,478378613,12758654759.358212,742,16.65008852711813,57.085007119198,4.214630127,88.54299529992767,1.9868581,0.5492564604415214,10.494712488415502,2,ISR,65.311432,20490,642,0.503269887750122,0.18530990727183994,0.03133235724743778,0.034507636434781545
Israel-2016,Israel,Middle_East_and_North_Africa,High-income_economy,2016,64.92011993,1.147175431,1.309555888,21.81961727,66.67008896,1.606543015,5119,1300,4.471739769,58.25084735,36969.74166,315943000000,30.28489,0.609013,831,546439400,6419,2.03e-8,0.001729548,2.03e-8,1.699596622,3.127620573,10.51788211,4.081780081,4.188443705,0.001728054,6.723832441,0.958024828,Alta,Middle East and North Africa,8.545988849628332,FALSE,1.0095032247490163,12.0961436457446,19.1747519313502,92.2555376539468,NA,4.59051,12363.13,FALSE,TRUE,541295348.6462178,541795348.6462178,14128148778.37167,831,5.204618307278699,63.39761941882018,4.471739769,97.23860101176477,0.609013,0.6470131557121572,10.517855064078294,3,ISR,65.787715,21675,633,0.48544405997693196,0.18638985005767011,0.02920415224913495,0.034507636434781545
Israel-2017,Israel,Middle_East_and_North_Africa,High-income_economy,2017,64.85902597,0.790212035,1.348787904,21.06797885,64.6783968,1.290670744,5377,1436,4.624149799,56.72161777,37809.44152,329445000000,31.23741,2.5114222,954,638955544,6813,2.07e-8,0.001939491,2.07e-8,1.72706979,3.094127637,10.54034057,4.055631761,4.187516487,0.001937612,6.86171134,0.828844676,Alta,Middle East and North Africa,8.713299820250823,FALSE,1.0275814416785491,11.5023862456544,18.6810595382266,93.591753124494,NA,4.74032,12385.3,FALSE,TRUE,621805258.5265352,622305258.5265352,15234030305.31555,954,21.882774603833926,71.42015899421,4.624149799,109.48779677967491,2.5114222,0.48193966540684,10.540314126080307,4,ISR,65.7818079,21593,612,0.49340063909600335,0.18876487750659937,0.028342518408743574,0.034507636434781545
Israel-2018,Israel,Middle_East_and_North_Africa,High-income_economy,2018,65.68024239,0.753730357,1.169254184,22.53628401,49.97110338,1.210926115,5857,1506,4.776130199,59.13602239,38599.1089,342868000000,32.04547,2.3501575,1160,1260390538,7363,2.15e-8,0.003676021,2.15e-8,1.753733943,3.158543231,10.56101038,4.096609036,4.199908693,0.003669281,7.057036982,0.793411485,Alta,Middle East and North Africa,8.882795737287086,FALSE,1.0511222050355473,11.678065693861,18.8779508643639,92.9570187333745,NA,4.91965,12684.14,FALSE,TRUE,1199090393.0693536,1199590393.0693536,16375822090.70732,1160,20.875969022953274,135.0464908287673,4.776130199,130.58951644364595,2.3501575,0.34542186996022545,10.56098446969422,5,ISR,66.4720676,22467,661,0.4866248275248142,0.18943339119597633,0.02942092847287132,0.034507636434781545
Israel-2019,Israel,Middle_East_and_North_Africa,High-income_economy,2019,64.60573648,0.773935139,1.288586617,23.0916656,59.39460211,1.388016459,6370,1368,5.215640068,56.6665034,39302.65182,355846000000,32.36272,2.425652,1595,1490210887,7738,2.17e-8,0.004187795,2.17e-8,1.827068707,3.181865955,10.57907272,4.054676475,4.183663139,0.00417905,7.375255778,0.870463088,Alta,Middle East and North Africa,9.053994667579152,FALSE,1.0684706161668376,11.6354672967477,18.9502208227104,93.0266199835024,NA,5.35528,12946.3,FALSE,TRUE,1394713962.6040115,1395213962.6040115,18559646556.37528,1595,21.961840273402704,154.09926930927412,5.215640068,176.16533459108712,2.425652,0.43400273784547183,10.579047271916805,6,ISR,65.7521009,23565,756,0.4775726713346064,0.19329514109908763,0.03208147676639083,0.034507636434781545
Israel-2020,Israel,Middle_East_and_North_Africa,High-income_economy,2020,67.797933,0.536611319,1.05196321,28.19764307,63.64919597,1.374957193,6481,1642,5.705550194,51.15130048,38049.99033,350634000000,28.46502,2.6135237,1931,2723191097,8123,2.32e-8,0.007766467,2.32e-8,1.902935571,3.374087989,10.54668239,3.954149118,4.231173701,0.007736463,7.566311015,0.864979413,Alta,Middle East and North Africa,9.215087755844904,FALSE,1.0828387224959974,12.3190734802149,19.4824194045547,91.6476911584148,NA,5.83209,13366.53,FALSE,TRUE,2514863054.327156,2515363054.327156,20005598867.229958,1931,24.08385024748047,272.9613782279743,5.705550194,209.5476517600404,2.6135237,0.15300334008463184,10.54665610915051,7,ISR,66.6347987,26476,844,0.4562245052122677,0.19889711436772928,0.03187792717933222,0.034507636434781545
Israel-2021,Israel,Middle_East_and_North_Africa,High-income_economy,2021,69.19860031,0.829447269,1.250802159,29.59567587,73.94575416,1.05034257,8017,1592,5.556749821,55.0617294,40911.43553,383397000000,29.30272,2.5718656,2124,6220000000,9609,2.51e-8,0.016220766,2.51e-8,1.880495026,3.420858688,10.61918934,4.026453394,4.251328372,0.016090615,7.661527081,0.718006886,Alta,Middle East and North Africa,9.371389564633054,FALSE,1.1322483591563497,11.9008173223304,18.9071512661919,90.3808218300965,NA,5.75725,14633.85,FALSE,TRUE,5493494381.952197,5493994381.952197,21304412111.21937,2124,24.10195444547873,586.2518406753823,5.556749821,226.64728483978752,2.5718656,0.43902003967255177,10.619164900261364,8,ISR,66.0797755,27506,955,0.44982912819021303,0.1969388497055188,0.03471969752054097,0.034507636434781545
Italy-2013,Italy,Europe_and_Central_Asia,High-Income_Economy,2013,90.22793188,0.070905864,0.532426715,7.772071453,28.58327131,16.54270564,905,8307,1.301069975,54.03418463,30369.12937,1829250000000,10.923,0.16486995,3076,15121268,9212,5.04e-9,8.27e-6,5.04e-9,0.833374221,2.171572976,10.32121482,4.007954531,4.513361121,8.27e-6,8.031710375,2.86463823,Alta,Europe and Central Asia,60.233863727651546,FALSE,0.9738442590445088,13.7593478951288,20.6001539419293,81.6447586290394,1916.30366,1.29425,66220.78,FALSE,FALSE,15527398.615910405,16027398.615910405,23799822517.6875,3076,9.930754101084723,0.266086178505476,1.301069975,51.06761893788164,0.16486995,-0.4343946852418579,10.321181890193907,0,ITA,72.7085037,89895,2555,0.532632515712776,0.12467879192391124,0.028422047944824516,0.026921949737448478
Italy-2014,Italy,Europe_and_Central_Asia,High-Income_Economy,2014,88.0646007,0.005657753,0.472872227,7.736913817,27.02454626,18.03304698,781,8601,1.338400006,54.45452993,30091.34815,1829230000000,12.98474,0.09890517,3291,26325951,9382,5.13e-9,1.44e-5,5.13e-9,0.849466938,2.167557017,10.3120262,4.015563404,4.489361957,1.44e-5,8.099250562,2.946176783,Alta,Europe and Central Asia,60.78923386488418,FALSE,0.9908049064335993,13.8362218969996,20.1870844682284,82.5731128622644,1947.34437,1.33148,67444.12,FALSE,FALSE,26570267.091995154,27070267.091995154,24482414429.753803,3291,6.012369509576127,0.4453135098258361,1.338400006,54.13787591590451,0.09890517,-0.5080646446300888,10.311992972541994,1,ITA,73.9186643,94452,2547,0.529327065599458,0.13205649430398508,0.026966078007877016,0.026921949737448478
Japan-2013,Japan,East_Asia_and_Pacific,High-Income_Economy,2013,103.192251,1.648249269,1.610509396,17.75875891,87.1619933,2.129090181,56705,271731,3.27895999,33.97876865,34239.88625,4363700000000,17.22339,2.771609,5736,47690154,328436,7.53e-8,1.09e-5,7.53e-8,1.453709987,2.931660785,10.44117571,3.554741267,4.64623776,1.09e-5,8.654691705,1.140742285,Alta,East Asia and Pacific,127.44493273542928,FALSE,0.9738442590445088,19.1807146120723,27.1266358606582,87.6099353742019,5166.83422,3.27895,106967.6,FALSE,FALSE,48971027.50987246,49471027.50987246,143083977083.63,5736,353.22752257391045,0.38817571203534934,3.27895999,45.00767411371084,2.771609,1.1108119912411478,10.44114650811231,0,JPN,78.2998173,129734,3070,0.6296730232629842,0.0605932138067122,0.02366380439977184,0.02212710155107196
Japan-2014,Japan,East_Asia_and_Pacific,High-Income_Economy,2014,103.7993605,1.690213561,1.805413008,17.78053472,89.40166166,1.746456331,60030,265959,3.367880106,37.43143457,34386.90586,4376630000000,17.33325,4.0161085,5539,85845492,325989,7.45e-8,1.96e-5,7.45e-8,1.47427779,2.932820946,10.44546021,3.648875733,4.652047669,1.96e-5,8.61974978,1.010311474,Alta,East Asia and Pacific,127.27606309851339,FALSE,0.9908049064335993,19.4077759157435,28.0999841731293,87.6305090225259,5351.53211,3.36788,103354.33,FALSE,FALSE,86642174.90504837,87142174.90504837,147399651083.22778,5539,511.1544788564759,0.6846705718544983,3.367880106,43.5195736350891,4.0161085,1.2602772052106301,10.445431127293674,1,JPN,78.4535539,132089,3041,0.6263655565565641,0.06254873607946157,0.02302235613866408,0.02212710155107196
Japan-2015,Japan,East_Asia_and_Pacific,High-Income_Economy,2015,102.3527026,1.52976644,1.753165483,18.04548893,110.123633,1.533599959,59882,258839,3.24071002,35.42740835,34960.63938,4444930000000,17.35316,5.8062854,5865,256088060,318721,7.17e-8,5.76e-5,7.17e-8,1.444730713,2.946830272,10.46200672,3.595321468,4.638147436,5.76e-5,8.67692825,0.9296412,Alta,East Asia and Pacific,127.14098136725782,FALSE,1,20.0740179719411,29.3111606151366,87.2588990267739,5198.48902,3.24071,100597.44,FALSE,FALSE,256088060,256588060,144047291891.986,5865,738.2168238543811,2.018138111257951,3.24071002,46.12989405090744,5.8062854,1.1405263578063944,10.461978118503835,2,JPN,77.439983,134393,3123,0.6127104834329169,0.0676820965377661,0.023237817445849115,0.02212710155107196
Japan-2016,Japan,East_Asia_and_Pacific,High-Income_Economy,2016,103.9669369,1.482243896,1.784825563,17.62042385,99.03315164,1.396769815,58137,260244,3.106659889,31.31024685,35242.19938,4478440000000,16.86931,10.679463,5996,940462852,318381,7.11e-8,2.09998e-4,7.11e-8,1.412610019,2.924259035,10.47002786,3.47538442,4.653645414,2.09976e-4,8.699014623,0.874121921,Alta,East Asia and Pacific,127.07606445645163,FALSE,1.0095032247490163,20.02776765534,29.3147155622977,87.3467476944336,5232.70894,3.10665,101166.54,FALSE,FALSE,931609557.0014833,932109557.0014833,139129899132.93158,5996,1357.1041285482904,7.3350521279395835,3.106659889,47.184338180812965,10.679463,1.1357838233261854,10.469999489566847,3,JPN,77.2544812,137025,3030,0.6094216383871556,0.06486407589855865,0.022112753147235906,0.02212710155107196
Japan-2017,Japan,East_Asia_and_Pacific,High-Income_Economy,2017,106.3933694,1.48122704,1.579890251,17.59427747,126.2021994,1.191847999,58189,260292,3.166359901,34.42321357,35861.97285,4553470000000,16.95478,18.722748,6348,738446891,318481,6.99e-8,1.62172e-4,6.99e-8,1.427042729,2.92285387,10.48746065,3.567367356,4.676498443,1.62159e-4,8.756052599,0.784745023,Alta,East Asia and Pacific,126.9720999189257,FALSE,1.0275814416785491,20.1439342864069,29.4414450761698,86.5885562110256,5319.83455,3.16636,101854.44,FALSE,FALSE,718626145.8690327,719126145.8690327,144179248184.0647,6348,2377.266629812866,5.6636548212419076,3.166359901,49.99523520563438,18.722748,1.0016484981533953,10.487432760983259,4,JPN,77.8115906,140239,3173,0.5889089340340419,0.06812655538045764,0.02262566047960981,0.02212710155107196
Japan-2018,Japan,East_Asia_and_Pacific,High-Income_Economy,2018,106.9398151,1.388587594,1.634588718,17.29705281,105.077092,1.073386707,59937,253630,3.219199896,36.6099318,36138.52908,4582760000000,16.26689,28.216084,7328,1035937428,313567,6.84e-8,2.26051e-4,6.84e-8,1.439645512,2.906739998,10.49514253,3.627268159,4.681573805,2.26025e-4,8.89959436,0.72918336,Alta,East Asia and Pacific,126.81091667718758,FALSE,1.0511222050355473,20.3304380979824,29.4467134085972,86.8692434053412,5339.51713,3.2192,101998.64,FALSE,FALSE,985553747.2590698,986053747.2590698,147528205153.92963,7328,3578.1074770805253,7.775779665477761,3.219199896,57.78682302766018,28.216084,0.9878279727004677,10.495114862709183,5,JPN,76.4575228,141252,3348,0.5890819245037239,0.07312462832384674,0.02370231925919633,0.02212710155107196
Japan-2019,Japan,East_Asia_and_Pacific,High-Income_Economy,2019,110.6625826,1.430998325,1.55003655,17.03038445,120.9667981,1.111435604,62597,245372,3.218240023,35.21641811,36043.7844,4564330000000,14.27734,33.46503,8312,1794400449,307969,6.75e-8,3.93135e-4,6.75e-8,1.439417985,2.89205836,10.49251746,3.589512555,4.715481669,3.93058e-4,9.025575834,0.747368097,Alta,East Asia and Pacific,126.63292925478714,FALSE,1.0684706161668376,20.0537040210689,29.1175822523162,86.6056946697442,5376.11987,3.21824,100156.22,FALSE,FALSE,1679410197.9495254,1679910197.9495254,146891094841.7959,8312,4237.774776499329,13.265982298881546,3.218240023,65.63853532343191,33.46503,0.9553613392452166,10.492489711758967,6,JPN,75.7090271,141672,3505,0.583418036026879,0.06994324919532441,0.02474024507312666,0.02212710155107196
Japan-2020,Japan,East_Asia_and_Pacific,High-Income_Economy,2020,120.9331203,1.463714361,1.547300577,18.63334879,132.8870302,1.13897924,61124,227348,3.268970013,31.32579312,34650.79678,4375040000000,14.28424,33.74384,8713,2306493651,288472,6.59e-8,5.27193e-4,6.59e-8,1.451372583,2.977229589,10.45310486,3.47586546,4.8034727,5.27054e-4,9.072686207,0.760328725,Alta,East Asia and Pacific,126.2608772830649,FALSE,1.0828387224959974,19.7836247262101,28.9859809440754,86.1390226496042,5450.44287,3.26556,100403.47,FALSE,FALSE,2130043563.3511672,2130543563.3511672,143018745656.7552,8713,4260.526841299376,16.874138760929807,3.268970013,69.00791589200098,33.74384,0.9710508854159909,10.453075999447462,7,JPN,75.7748855,151599,3922,0.5702676139024664,0.0732062876404198,0.025870883053318295,0.02212710155107196
Japan-2021,Japan,East_Asia_and_Pacific,High-Income_Economy,2021,120.7104096,1.535760522,1.361168146,18.00399135,129.9860262,1.22751857,66748,222452,3.295809984,36.77148329,35701.45427,4487020000000,12.85732,23.583828,9556,1420000000,289200,6.45e-8,3.17137e-4,6.45e-8,1.457640125,2.944649028,10.48297471,3.631554408,4.801644531,3.17087e-4,9.165029149,0.800888217,Alta,East Asia and Pacific,125.68171498185863,FALSE,1.1322483591563497,19.6763666364,28.4504840570129,85.6152784621078,5589.76698,3.27383,106309.76,FALSE,FALSE,1254141804.2398906,1254641804.2398906,147883653144.07678,9556,2964.0559488771773,9.982691630369544,3.295809984,76.03333548861383,23.583828,0.8881943628543174,10.48294670279239,8,JPN,76.0165966,154087,4122,0.5540830829336674,0.07828694179262365,0.02675112111988682,0.02212710155107196
Luxembourg-2016,Luxembourg,Europe_and_Central_Asia,High-Income_Economy,2016,96.25308594,2.049894571,1.655891657,7.967086404,97.89973568,0.904844284,301,143,1.266899943,348.4374094,108351.4522,63062062077,54.32573,3.4275274,119,0,444,7.04e-9,0,7.04e-9,0.818413234,2.193560808,11.59314464,5.856324459,4.577316714,0,4.787491743,0.644400264,Alta,Europe and Central Asia,0.5820139997809831,TRUE,1.0095032247490163,5.79495456061575,12.0959361207718,79.6818178537068,4802.1785,1.2669,875.81,FALSE,FALSE,0,500000,798933228.5081377,119,1.9948689314329136,0.8590858642372079,1.266899943,204.46243568845549,3.4275274,1.354907246895972,11.593135409735785,3,LUX,84.8223299,2441,78,0.40598115526423595,0.4244162228594838,0.031954117165096274,0.04007087365408205
Luxembourg-2017,Luxembourg,Europe_and_Central_Asia,High-Income_Economy,2017,100.4731335,1.941121459,1.645442963,6.968841029,104.4541204,0.791204996,512,156,1.238980055,353.793992,107142.1276,63892707778,57.44071,5.0292954,136,1105459,668,1.05e-8,1.73e-5,1.05e-8,0.80602043,2.075539066,11.58192086,5.871537317,4.619794069,1.73e-5,4.919980926,0.582888576,Alta,Europe and Central Asia,0.5963359997529114,FALSE,1.0275814416785491,4.77590351553507,10.8183282634892,78.0004534081884,4969.23004,1.23898,833.15,FALSE,FALSE,1075787.237062435,1575787.237062435,791617905.9688538,136,2.999149900411718,2.642448615739036,1.238980055,228.05934918628233,5.0292954,1.2900021980750598,11.581911527367332,4,LUX,85.3027154,2629,100,0.4203119056675542,0.40509699505515406,0.03803727653100038,0.04007087365408205
Luxembourg-2018,Luxembourg,Europe_and_Central_Asia,High-Income_Economy,2018,105.6217075,2.048039198,1.73641336,6.973241237,69.69350601,0.89696633,243,152,1.171800017,362.4239045,106376.7836,64671765569,53.49949,14.800003,148,8632812,395,6.11e-9,1.33487e-4,6.11e-9,0.775556325,2.07609109,11.57475203,5.895569934,4.669287126,1.33478e-4,5.003946306,0.640255942,Alta,Europe and Central Asia,0.6079499998061607,FALSE,1.0511222050355473,4.95924941093589,10.9720784332984,81.5539105151176,4754.92191,1.17039,891.22,FALSE,FALSE,8212947.988961998,8712947.988961998,757823759.9317421,148,8.997661820981179,14.331685157891343,1.171800017,243.44107253423545,14.800003,1.4064064232432711,11.574742632832642,5,LUX,85.0313306,2659,92,0.42045881910492666,0.40654381346370816,0.034599473486273034,0.04007087365408205
Luxembourg-2019,Luxembourg,Europe_and_Central_Asia,High-Income_Economy,2019,108.9833952,2.072476864,1.695484519,6.573569943,63.28987005,0.738897536,359,117,1.18287003,382.3483692,107350.6267,66557495897,55.10573,16.124716,170,6359364,476,7.15e-9,9.55e-5,7.15e-9,0.780640539,2.024664547,11.58386496,5.948944156,4.700329402,9.55e-5,5.141663557,0.553251312,Alta,Europe and Central Asia,0.6200009999289552,FALSE,1.0684706161668376,5.04282381983955,11.6004638626305,82.3088604077613,5090.81552,1.18209,930.55,FALSE,FALSE,5951837.985787912,6451837.985787912,787288671.6840926,170,9.997340043570421,10.406173516699516,1.18287003,274.19310617157066,16.124716,1.3927776555764035,11.583855641203254,6,LUX,85.0505378,2617,113,0.4554833779136416,0.3721818876576232,0.043179212839128775,0.04007087365408205
Luxembourg-2020,Luxembourg,Europe_and_Central_Asia,High-Income_Economy,2020,110.1694034,2.023699522,1.792388916,5.61923855,69.97028917,1.028040999,679,129,1.091500044,372.2714029,104616.0347,65951935966,54.36499,20.615385,208,442871909,808,1.23e-8,0.006715071,1.23e-8,0.737881533,1.889980341,11.55806167,5.922305777,4.711055195,0.006692625,5.342334252,0.707070302,Alta,Europe and Central Asia,0.6304189998705809,FALSE,1.0828387224959974,4.92605331588321,11.342759831856,81.7615096666126,4920.65038,1.09627,962.87,FALSE,FALSE,408991569.842606,409491569.842606,719865410.0877417,208,12.996330393646975,649.5546135612517,1.091500044,329.93929441006765,20.615385,1.4298961054645796,11.558052114275508,7,LUX,85.7963959,2682,111,0.4679343773303505,0.3180462341536167,0.04138702460850112,0.04007087365408205
Luxembourg-2021,Luxembourg,Europe_and_Central_Asia,High-Income_Economy,2021,103.9636621,1.840929389,1.677256942,6.075202068,71.50145379,1.254877675,1441,112,1.042150021,393.1411982,110425.8884,70679635854,51.66831,59.349407,248,307000000,1553,2.2e-8,0.004343542,2.2e-8,0.714003185,1.9565960040000001,11.61210894,5.976709216,4.653614215,0.004334137,5.517452896,0.813095726,Alta,Europe and Central Asia,0.6400640001914624,FALSE,1.1322483591563497,4.64520710910134,10.5920099479324,82.0048064914848,4939.08633,1.03153,1048.94,FALSE,FALSE,271141925.28284955,271641925.28284955,736587839.8951845,248,37.98741885341118,424.39806832065744,1.042150021,387.4612537587112,59.349407,1.257230119684934,11.612099881711966,8,LUX,86.185478,2919,139,0.5018842069201781,0.30455635491606714,0.047619047619047616,0.04007087365408205
Malaysia-2014,Malaysia,East_Asia_and_Pacific,Upper-middle_income_economy,2014,120.5286835,0.396519065,1.145935416,49.21925473,135.7735593,1.64578546,6267,1353,1.26275003,138.3122312,9341.73056,286755000000,19.77577,0.32577392,1530,0,7620,2.66e-8,0,2.66e-8,0.816580901,3.916398514,9.14235384,4.936717682,4.800150313,0,7.333676396,0.972967981,Média-alta,East Asia and Pacific,30.69613260179493,TRUE,0.9908049064335993,22.8739302431305,39.9244244845871,61.5701463861358,2015.97275,1.26275,15764.08,FALSE,FALSE,0,500000,3620998848.5265,1530,9.999999446526532,0.016288696901536157,1.26275003,49.84341251870063,0.32577392,0.1394406801369637,9.142246798856354,1,MYS,49.6764394,24588,845,0.6413697738734342,0.20949243533430942,0.03436635757279974,0.032247240618101546
Malaysia-2015,Malaysia,East_Asia_and_Pacific,Upper-middle_income_economy,2015,123.0651806,0.18163617,0.917085171,48.48538065,127.08477070000001,1.606828288,6455,1272,1.279450059,131.3700724,9648.679794,301355000000,16.5578,0.57631725,1641,5716251,7727,2.56e-8,1.9e-5,2.56e-8,0.823934212,3.901677286,9.174680012,4.885601579,4.820807077,1.9e-5,7.40367029,0.958134267,Média-alta,East Asia and Pacific,31.23277033065152,FALSE,1,22.2933324025137,38.4497222119902,66.414936202965,2256.60241,1.27945,17240.13,FALSE,FALSE,5716251,6216251,3855686725.2994504,1641,17.999984306842673,0.19902976694639973,1.279450059,52.54096843242687,0.57631725,-0.1245062832850161,9.174576376061921,2,MYS,49.0773257,26227,925,0.6199717848019217,0.23262286956190187,0.0352689975978953,0.032247240618101546
Malaysia-2016,Malaysia,East_Asia_and_Pacific,Upper-middle_income_economy,2016,121.9354289,0.02742465,0.817718744,49.05866962,119.42941,1.614268256,6127,1109,1.415169954,126.89901,9901.479602,314765000000,18.00918,0.31456736,1435,2258014,7236,2.3e-8,7.17e-6,2.3e-8,0.881769659,3.91319571,9.20054047,4.851240968,4.811659249,7.17e-6,7.26961675,0.960984233,Média-alta,East Asia and Pacific,31.78969332385643,FALSE,1.0095032247490163,21.7969397965457,37.6832749440922,68.0179738974581,2334.07987,1.41517,17827.44,FALSE,FALSE,2236757.589913979,2736757.589913979,4454459705.7081,1435,9.999999904095143,0.08608946182756007,1.415169954,45.14041659291853,0.31456736,-0.27164244794823833,9.200439479702908,3,MYS,48.8686207,25857,930,0.5850253316316665,0.25536605174614224,0.03596704954171018,0.032247240618101546
Malaysia-2018,Malaysia,East_Asia_and_Pacific,Upper-middle_income_economy,2018,120.2461831,0.299851537,1.053889871,53.18128723,110.9339671,1.468190965,6179,1116,1.040259957,130.4026255,10610.19502,349192000000,20.40258,0.27346513,1825,51796871,7295,2.09e-8,1.48334e-4,2.09e-8,0.71307723,3.992335595,9.269664857,4.878266087,4.797823049,1.48323e-4,7.509883061,0.903485479,Média-alta,East Asia and Pacific,32.91098790755309,FALSE,1.0511222050355473,21.5281381981616,38.2914253580498,68.4240772452125,2110.44315,1.04026,17628.87,FALSE,FALSE,49277686.98240782,49777686.98240782,3632504549.0474396,1825,9.000007586567435,1.5124944630113584,1.040259957,55.45260461723063,0.27346513,0.027810049979101664,9.269570612211961,5,MYS,53.7456963,32441,1364,0.5343854998304615,0.30452205542369226,0.04204555963133072,0.032247240618101546
Malaysia-2020,Malaysia,East_Asia_and_Pacific,Upper-middle_income_economy,2020,133.7857494,0.228581384,1.022258878,53.81287366,129.3613561,1.567126711,5839,989,0.950879991,116.7881824,10171.46578,344706000000,20.40033,0.059015233,2119,47114033,6828,1.98e-8,1.36679e-4,1.98e-8,0.668280548,4.003925087,9.227439916,4.768887947,4.903686477,1.36669e-4,7.659171368,0.942787262,Média-alta,East Asia and Pacific,33.8895108586798,FALSE,1.0828387224959974,22.2320858423886,35.9347266201835,73.1260443884642,711.51035,0.95055,18858.11,FALSE,FALSE,43509741.59051109,44009741.59051109,3277740381.7764597,2119,1.9999973795810184,1.298624278586756,0.950879991,62.52672128660366,0.059015233,-0.030873543148124266,9.22734160648413,7,MYS,54.0858379,39632,1596,0.5171073879693178,0.3114654824384336,0.04027048849414615,0.032247240618101546
Mexico-2013,Mexico,Latin_America_and_the_caribbean,Upper-middle_income_economy,2013,21.3105243,-0.591898561,0.302350998,20.51094476,39.62643208,3.361570185,14234,1210,0.425029993,62.69167477,9738.710598,1152510000000,19.81271,0.27039915,743,1163174,15444,1.34e-8,1.01e-6,1.34e-8,0.354192861,3.068561864,9.183966683,4.15405386,3.105058509,1.01e-6,6.612041035,1.472832127,Média-alta,Latin America and the caribbean,118.34318192355839,FALSE,0.9738442590445088,18.1028096283966,32.1682751220869,75.0893659325092,254.46546,0.40806,12677.19,FALSE,FALSE,1194414.8042123828,1694414.8042123828,4898513172.3243,743,31.999895800425552,0.014317806709869091,0.425029993,6.2783507078584995,0.27039915,-0.9383675091199707,9.18386400573777,0,MEX,59.3073064,29768,589,0.499596882558452,0.31936979306638,0.019786347755979577,0.019120542550864143
Mexico-2014,Mexico,Latin_America_and_the_caribbean,Upper-middle_income_economy,2014,21.13265865,-0.84301883,0.133970901,20.22209978,35.19550046,3.134023377,14889,1246,0.435299993,64.09840904,9862.481254,1181370000000,18.84009,0.17531519,776,2289213,16135,1.37e-8,1.94e-6,1.37e-8,0.361373881,3.055043081,9.196594454,4.17590011,3.097054284,1.94e-6,6.65544035,1.419251116,Média-alta,Latin America and the caribbean,119.78425809639567,FALSE,0.9908049064335993,18.2289217370442,31.9175541245121,76.7092825210337,262.92059,0.41962,13541.76,FALSE,FALSE,2310457.876354305,2810457.876354305,5142503527.3041,776,20.999999967178645,0.023462664635720377,0.435299993,6.478313697744144,0.17531519,-1.1822492285207313,9.196493064417215,1,MEX,57.8848529,32282,634,0.4931540796728827,0.3129607830989406,0.019639427544761785,0.019120542550864143
Mexico-2015,Mexico,Latin_America_and_the_caribbean,Upper-middle_income_economy,2015,23.04949011,-0.888967395,0.117517561,19.57270211,33.15380484,2.604410218,16707,1364,0.429430008,70.41297468,10021.23861,1213290000000,22.39428,0.38819775,845,9146002,18071,1.49e-8,7.54e-6,1.49e-8,0.357275769,3.023965057,9.212561764,4.268479571,3.180113795,7.54e-6,6.74051936,1.282158156,Média-alta,Latin America and the caribbean,121.07186019792816,FALSE,1,19.8234213947421,30.8402536108172,80.8520050396853,284.58114,0.41477,13741.34,FALSE,FALSE,9146002,9646002,5210231344.0632,845,46.99982371715027,0.07967170888619969,0.429430008,6.9793261507553845,0.38819775,-1.2175150721100867,9.212461980771758,2,MEX,55.7132281,35462,684,0.4821499069426428,0.3231064237775647,0.01928825221363713,0.019120542550864143
Mexico-2016,Mexico,Latin_America_and_the_caribbean,Upper-middle_income_economy,2016,25.12259777,-0.850662291,0.027610578,20.65411164,31.54099876,2.146763145,16103,1310,0.387780011,75.69030341,10100.50212,1234800000000,19.35907,0.52351165,893,11290070,17413,1.41e-8,9.14e-6,1.41e-8,0.327705356,3.07519535,9.220439417,4.339775278,3.262800755,9.14e-6,6.795705775,1.146374352,Média-alta,Latin America and the caribbean,122.25134803496285,FALSE,1.0095032247490163,19.8687757882998,30.6167913885108,80.9065097304957,319.5511,0.37601,14497.26,FALSE,FALSE,11183787.949569898,11683787.949569898,4788307575.828,893,64.00000492450765,0.09557185370445513,0.387780011,7.3046229293488825,0.52351165,-1.2556651195969646,9.220340416445094,3,MEX,55.1016159,37409,657,0.4744312865887888,0.330909674142586,0.017562618621187416,0.019120542550864143
Mexico-2017,Mexico,Latin_America_and_the_caribbean,Upper-middle_income_economy,2017,26.16035768,-0.952429533,-0.065302551,21.16809678,35.02250765,2.146058342,15850,1334,0.328319997,76.95212604,10193.77272,1257910000000,21.13066,0.5672607,899,28741945,17184,1.37e-8,2.28e-5,1.37e-8,0.283914983,3.098654173,9.229630389,4.35609487,3.301758472,2.28e-5,6.802394763,1.146150349,Média-alta,Latin America and the caribbean,123.39984758851872,FALSE,1.0275814416785491,20.1618224119644,31.958684665724,80.3561587936184,330.64996,0.31955,15397.11,FALSE,FALSE,27970478.868370935,28470478.868370935,4129970074.2626996,899,69.99988392295644,0.23071729361698065,0.328319997,7.285260213592387,0.5672607,-1.3705849737095424,9.229532295183517,4,MEX,54.3681548,39795,678,0.4720442266616409,0.32896092473928884,0.017037316245759517,0.019120542550864143
Mexico-2018,Mexico,Latin_America_and_the_caribbean,Upper-middle_income_economy,2018,26.07599331,-0.949163556,-0.292850614,20.89174564,30.64963575,2.107737861,14869,1555,0.306430012,80.21266166,10296.86909,1282720000000,21.71797,0.73049116,1076,7553710,16424,1.28e-8,5.89e-6,1.28e-8,0.267298235,3.086109654,9.239692269,4.397071167,3.298647479,5.89e-6,6.981934677,1.133895086,Média-alta,Latin America and the caribbean,124.57378925461312,FALSE,1.0511222050355473,20.1893656987831,32.043865451756,79.471846811433,342.55971,0.29816,16402.64,FALSE,FALSE,7186329.0146596655,7686329.0146596655,3930639049.9263997,1076,91.00005181819787,0.06170101319588006,0.306430012,8.63745099541599,0.73049116,-1.5171736039398027,9.239595156164262,5,MEX,56.0204965,43895,794,0.4803280555871967,0.3294680487527053,0.018088620571819113,0.019120542550864143
Mexico-2019,Mexico,Latin_America_and_the_caribbean,Upper-middle_income_economy,2019,27.76815293,-0.917449772,-0.306684852,20.40685841,31.71665151,2.20172619,14636,1305,0.283939987,77.46197227,10159.44484,1277680000000,22.35756,0.8349039,1274,146265364,15941,1.25e-8,1.14477e-4,1.25e-8,0.249933465,3.063711357,9.226257503,4.362614078,3.359268974,1.14471e-4,7.150701458,1.163690099,Média-alta,Latin America and the caribbean,125.76277740782537,FALSE,1.0684706161668376,19.8877542722301,31.8382961469653,79.9687313715216,355.30353,0.27629,18006.46,FALSE,FALSE,136892266.18578458,137392266.18578458,3627844425.9016004,1274,104.9998333326253,1.0924716280735987,0.283939987,10.130183399724501,0.8349039,-1.5092540262481469,9.226159077907276,6,MEX,55.7300707,44205,815,0.47076122610564414,0.32788146137314783,0.018436828413075444,0.019120542550864143
Mexico-2020,Mexico,Latin_America_and_the_caribbean,Upper-middle_income_economy,2020,27.67121949,-0.921630204,-0.270338684,21.50742497,35.64617421,2.564017999,13180,1132,0.300029993,76.85455571,9234.643625,1170940000000,20.47244,0.8201954,1438,41879140,14312,1.22e-8,3.58e-5,1.22e-8,0.262387336,3.113845254,9.130825584,4.354842416,3.355893814,3.58e-5,7.271703707,1.27088856,Média-alta,Latin America and the caribbean,126.79861265355542,FALSE,1.0828387224959974,20.1842735695707,30.9999803863186,79.1798885226162,369.04189,0.29185,19332.61,FALSE,FALSE,38675325.447788276,39175325.447788276,3513171200.0341997,1438,103.99963882482795,0.3089570510903362,0.300029993,11.34081808867235,0.8201954,-1.48779355714893,9.130717302283978,7,MEX,55.2464122,48244,914,0.4721208854987149,0.30824558494320536,0.018945361081170717,0.019120542550864143
Mexico-2021,Mexico,Latin_America_and_the_caribbean,Upper-middle_income_economy,2021,26.11895264,-1.020639896,-0.343543798,19.81134064,34.91708045,2.048526075,15044,1117,0.282429993,83.06929762,9728.0568,1241770000000,23.75342,0.06267227,1619,210000000,16161,1.3e-8,1.69114e-4,1.3e-8,0.24875671,3.035498061,9.182872233,4.43164143,3.300232843,1.69099e-4,7.390181428,1.11465822,Média-alta,Latin America and the caribbean,127.64830896135393,FALSE,1.1322483591563497,20.8358358617373,31.9695289911386,76.5435901540485,384.76538,0.27305,20345.96,FALSE,FALSE,185471675.2749134,185971675.2749134,3507130924.0761,1619,8.000009284269394,1.4569066898584384,0.282429993,12.683285921869588,0.06267227,-1.5883934868140723,9.182769443004691,8,MEX,53.808532,49879,918,0.47110006215040395,0.30900779887327334,0.01840453898434211,0.019120542550864143
Netherlands-2013,Netherlands,Europe_and_Central_Asia,High-Income_Economy,2013,112.9659373,2.016869783,1.808733821,24.66590511,92.52094079,3.227168886,449,2315,2.15605998,150.6518502,44487.03061,747579000000,8.942967,0.11787543,1491,10468570,2764,3.7e-9,1.4e-5,3.7e-9,1.149324408,3.245163462,10.70297546,5.021587435,4.735899608,1.4e-5,7.307872781,1.441532475,Alta,Europe and Central Asia,16.804425688774913,FALSE,0.9738442590445088,9.64816464758619,18.6870743291059,57.0553879762956,4887.39056,2.13953,31332.15,FALSE,FALSE,10749737.345344398,11249737.345344398,16118251637.884203,1491,1.980828903967389,0.6694508669141274,2.15605998,88.72662640270795,0.11787543,1.4369032997092472,10.702952978709119,0,NLD,86.9061185,52775,1120,0.4377830412126954,0.19293225959261015,0.021222169587873044,0.02211038176005445
Netherlands-2014,Netherlands,Europe_and_Central_Asia,High-Income_Economy,2014,115.2026076,1.96052146,1.835469484,24.55596876,87.2461702,2.982662153,288,2294,2.173300028,151.7158911,45042.06696,759635000000,9.642394,0.058719605,1547,28615164,2582,3.4e-9,3.77e-5,3.4e-9,1.154772065,3.2408709,10.71537435,5.028579274,4.755335285,3.77e-5,7.344719054,1.381950478,Alta,Europe and Central Asia,16.8650120047688,FALSE,0.9908049064335993,9.66230344504418,17.6818782630222,59.7669070123292,4926.09272,2.15067,31445.39,FALSE,FALSE,28880724.968349457,29380724.968349457,16509147667.697798,1547,0.9903068432402821,1.7421111209432687,2.173300028,91.72836636953272,0.058719605,1.4242369668566899,10.715352153412447,1,NLD,86.8776262,54845,1062,0.4423374965812745,0.19396480991886225,0.01936366122709454,0.02211038176005445
Netherlands-2015,Netherlands,Europe_and_Central_Asia,High-Income_Economy,2015,110.1329424,1.833373189,1.828625441,24.07401292,93.90802699,2.711984666,287,2207,2.14605999,160.3258126,45793.81354,775744000000,9.511075,0.29227072,1604,300674821,2494,3.21e-9,3.87596e-4,3.21e-9,1.146150873,3.221831968,10.73192612,5.083426001,4.710727164,3.8752e-4,7.380879036,1.311566684,Alta,Europe and Central Asia,16.939930091701203,FALSE,1,10.1488182500805,17.4148103121536,62.3742687119885,4891.78146,2.11792,31291.69,FALSE,FALSE,300674821,301174821,16647931608.8256,1604,4.951045564651176,17.77898842378011,2.14605999,94.68752180894728,0.29227072,1.351867851483745,10.731904285432902,2,NLD,88.2134931,56439,1103,0.4357802228955155,0.20117294778433353,0.019543223657400025,0.02211038176005445
Netherlands-2016,Netherlands,Europe_and_Central_Asia,High-Income_Economy,2016,112.6869164,1.858350754,1.820286155,24.00874049,101.0738682,2.540527448,314,2290,2.150810003,150.9655292,46655.03635,794550000000,11.03037,0.34874204,1779,681920243,2604,3.28e-9,8.58247e-4,3.28e-9,1.147659564,3.219225383,10.75055759,5.023653714,4.733448323,8.57879e-4,7.484368643,1.264275713,Alta,Europe and Central Asia,17.030315742107444,FALSE,1.0095032247490163,10.2669490054501,16.9640712326865,63.2188083560819,5109.20509,2.11546,31097.01,FALSE,FALSE,675500807.0128154,676000807.0128154,17089260878.8365,1779,5.939187053746664,39.69396793633155,2.150810003,104.46077612063432,0.34874204,1.359771755906334,10.750536160791171,3,NLD,88.1113048,57864,1114,0.4415698880132725,0.20112678003594636,0.019252039264482233,0.02211038176005445
Netherlands-2017,Netherlands,Europe_and_Central_Asia,High-Income_Economy,2017,109.2609684,1.745578885,1.814021945,22.92190252,129.6936977,2.305427077,365,2241,2.178570032,159.6460597,47670.1057,816651000000,12.20702,0.28876072,1810,601369923,2606,3.19e-9,7.36386e-4,3.19e-9,1.15643142,3.174794463,10.77208074,5.079203558,4.702849996,7.36115e-4,7.501634458,1.195565686,Alta,Europe and Central Asia,17.13130247999429,FALSE,1.0275814416785491,10.5500219081827,17.1210117451832,64.2889997092393,5273.17623,2.14167,31234.91,FALSE,FALSE,585228477.8690293,585728477.8690293,17791313952.02832,1810,4.946847238660937,34.19053971833346,2.178570032,105.65454682232681,0.28876072,1.2954588025474139,10.772059765523872,4,NLD,87.1501207,59665,1161,0.4329674013240593,0.20553088075085896,0.019458644096203806,0.02211038176005445
Norway-2013,Norway,Europe_and_Central_Asia,High-Income_Economy,2013,106.3946465,2.286928415,1.876767039,21.02050012,50.45053247,1.338726707,648,1101,1.642160058,67.97279259,73515.91449,373433000000,8.557817,0.19684555,385,3489523,1749,4.68e-9,9.34e-6,4.68e-9,0.971596786,3.091973843,11.20527079,4.233712117,4.676510335,9.34e-6,5.955837369,0.849606639,Alta,Europe and Central Asia,5.079621230186781,FALSE,0.9738442590445088,6.61997045955963,35.5581627446958,16.4515267829679,5605.02472,1.64216,10322.4,FALSE,FALSE,3583245.4394953866,4083245.4394953866,6132367569.39114,385,0.9999008348477936,0.8038484080721985,1.642160058,75.79305277961508,0.19684555,1.6254860271869362,11.20525718543653,0,NOR,89.842231,17369,370,0.4888018884219011,0.2176291093327192,0.021302320225689446,0.021084212989086304
Norway-2014,Norway,Europe_and_Central_Asia,High-Income_Economy,2014,109.4934303,2.222682953,1.821703792,22.31545056,43.72208965,1.130887907,457,1106,1.703690052,69.13737722,74180.32387,381082000000,8.873162,0.3893022,442,51507295,1563,4.1e-9,1.35161e-4,4.1e-9,0.994617526,3.149116255,11.2142677,4.250455851,4.704956065,1.35152e-4,6.09356977,0.756538751,Alta,Europe and Central Asia,5.137238287983765,FALSE,0.9908049064335993,6.77145597747606,33.9388344132412,17.6577857985519,5722.57126,1.70369,10554.7,FALSE,FALSE,51985304.74117294,52485304.74117294,6492456123.96264,442,1.999938167436313,10.216638162169442,1.703690052,86.03844618885174,0.3893022,1.5552792934498072,11.214254217035668,1,NOR,89.1198805,18693,388,0.48713422136628687,0.21858449687048628,0.020756432889316858,0.021084212989086304
Norway-2016,Norway,Europe_and_Central_Asia,High-Income_Economy,2016,122.8875799,2.149504662,1.832366467,20.95633953,62.340776580000004,1.1847303789999999,833,1227,2.032870054,69.1168424,75017.49447,392681000000,11.29774,0.57295895,510,14677091,2060,5.25e-9,3.74e-5,5.25e-9,1.109509384,3.089055914,11.22548996,4.250163028,4.819374541,3.74e-5,6.23636959,0.781492424,Alta,Europe and Central Asia,5.234525663304255,FALSE,1.0095032247490163,6.53860465289637,27.7690672030503,22.9574940176279,6120.84923,2.03286,11289.44,FALSE,FALSE,14538924.334440866,15038924.334440866,7982694456.747741,510,2.9991683277948593,2.873025237008325,2.032870054,97.4300314497009,0.57295895,1.5231467891970705,11.225476624917658,3,NOR,90.3504175,21255,365,0.4689720065866855,0.2405551634909433,0.017172430016466712,0.021084212989086304
Norway-2017,Norway,Europe_and_Central_Asia,High-Income_Economy,2017,123.2408084,2.191245556,1.944447994,21.59709845,71.48614255,1.00040358,908,1152,2.081670046,69.10878176,76247.41166,402355000000,11.44286,0.37901714,611,113862320,2060,5.12e-9,2.8299e-4,5.12e-9,1.125471673,3.117821511,11.24175186,4.250048061,4.822221685,2.8295e-4,6.416732283,0.69334895,Alta,Europe and Central Asia,5.27696601419296,FALSE,1.0275814416785491,6.36964089916267,29.6642536595013,19.3682507838713,6396.1696,2.08168,11939.18,FALSE,FALSE,110806127.26326244,111306127.26326244,8375703513.583301,611,2.000060566576615,21.092826249760336,2.081670046,115.78622988221842,0.37901714,1.618503029919486,11.241738748450876,4,NOR,90.6411619,22592,452,0.45790545325779036,0.2537181303116147,0.020007082152974504,0.021084212989086304
Norway-2018,Norway,Europe_and_Central_Asia,High-Income_Economy,2018,121.0463848,2.050310373,1.845145583,21.11782004,60.79788659,0.74642785,592,1082,2.03482008,70.00319579,76373.62411,405690000000,12.59829,1.1295711,789,67983394,1674,4.13e-9,1.67575e-4,4.13e-9,1.110152141,3.09638362,11.24340577,4.262724887,4.804401176,1.67561e-4,6.672032945,0.557572473,Alta,Europe and Central Asia,5.311912387654797,FALSE,1.0511222050355473,6.01150571931844,31.7926103289636,16.6206398404421,6484.23611,2.03482,12225.59,FALSE,FALSE,64676964.93739366,65176964.93739366,8255061582.551999,789,6.000182718826855,12.269962337644884,2.03482008,148.53407632130444,1.1295711,1.4784992536232067,11.243392681385275,5,NOR,91.1071674,23667,488,0.46769763806143577,0.24755989352262645,0.020619427895381754,0.021084212989086304
Norway-2019,Norway,Europe_and_Central_Asia,High-Income_Economy,2019,126.6584875,2.03375411,1.827731967,22.49201456,72.30674165,0.801131694,582,957,2.135999918,70.89582053,76712.28713,410249000000,12.82647,0.93497527,963,274512532,1539,3.75e-9,6.69136e-4,3.75e-9,1.142948076,3.156660558,11.24783021,4.275218134,4.849358632,6.68912e-4,6.871091295,0.588415186,Alta,Europe and Central Asia,5.347891652673242,FALSE,1.0684706161668376,6.14479469538793,28.9241714222194,19.7053755620261,6737.55318,2.13599,12508.85,FALSE,FALSE,256920993.2836711,257420993.2836711,8762918303.59582,963,5.000146441888911,48.13504274249731,2.135999918,180.0709630156076,0.93497527,1.458305341147869,11.247817171787196,6,NOR,90.9756309,25129,531,0.47363603804369453,0.24505551355008157,0.02113096422460106,0.021084212989086304
Peru-2018,Peru,Latin_America_and_the_caribbean,Upper-middle_income_economy,2018,43.90263237,-0.597973228,-0.323809534,4.680199921,41.95265701,3.271049635,1133,89,0.126829997,48.63147017,6593.144375,210305000000,19.55056,0.094050996,146,0,1222,5.81e-9,0,5.81e-9,0.119408378,1.73698643,8.793937318,3.904625112,3.80449642,0,4.990432587,1.451859613,Média-alta,Latin America and the caribbean,31.897526891332486,TRUE,1.0511222050355473,13.1690240955292,31.6240835005495,9.38521692322064,NA,0.12683,1642.77,FALSE,TRUE,0,500000,266729825.19085002,146,2.999994174066604,0.015675196440883478,0.126829997,4.577157360737975,0.094050996,-1.349790381828246,8.793785657098928,5,PER,63.1318996,8787,64,0.32604984636394674,0.42187322180493914,0.007283486969386594,0.0058143131069462485
Peru-2019,Peru,Latin_America_and_the_caribbean,Upper-middle_income_economy,2019,44.72236855,-0.509501398,-0.125898167,4.075004388,43.33991285,3.365994459,1122,137,0.156959996,46.94350538,6626.260835,215018000000,20.30264,0.092451915,193,1059894,1259,5.86e-9,4.93e-6,5.86e-9,0.145795872,1.62432739,8.798946851,3.870023346,3.822587643,4.93e-6,5.267858159,1.473845989,Média-alta,Latin America and the caribbean,32.44937157684346,FALSE,1.0684706161668376,12.8493511674786,30.4491957836385,9.53221689741643,NA,0.15696,2380.17,FALSE,TRUE,991972.9976313186,1491972.9976313186,337492244.19927996,193,3.0000065428257474,0.04597848664335987,0.156959996,5.947726893353114,0.092451915,-1.1735256295655954,8.798795947463855,6,PER,62.8556683,10852,72,0.33892370070033173,0.40600810910431256,0.006634721710283818,0.0058143131069462485
Peru-2020,Peru,Latin_America_and_the_caribbean,Upper-middle_income_economy,2020,55.31193938,-0.524636924,-0.294280052,4.794833903,43.24127997,4.127608566,1142,125,0.171829998,44.2459672,5831.830248,191509000000,14.65761,0.3654239,268,3140936,1267,6.62e-9,1.64e-5,6.62e-9,0.158566628,1.756966814,8.671257624,3.812113543,4.03090658,1.64e-5,5.59471138,1.634639384,Média-alta,Latin America and the caribbean,32.83857585972725,FALSE,1.0828387224959974,12.2526157277512,30.3192857092121,9.29541103451815,NA,0.17229,3064.15,FALSE,TRUE,2900649.8703334006,3400649.8703334006,329069910.86982006,268,12.000000461107385,0.10355655753341934,0.171829998,8.161133453070091,0.3654239,-1.2913732166458733,8.671086166268992,7,PER,63.2238734,12692,84,0.33627481878348564,0.4180586196028995,0.006618342262842736,0.0058143131069462485
Peru-2021,Peru,Latin_America_and_the_caribbean,Upper-middle_income_economy,2021,47.12611067,-0.653799653,-0.295280516,4.46164505,34.47066722,3.908746967,1141,94,0.139149994,55.27425488,6547.420069,217085000000,16.93897,0.03016056,337,1000000,1235,5.69e-9,4.61e-6,5.69e-9,0.130282365,1.697750036,8.786979089,4.030237146,3.873824871,4.61e-6,5.823045895,1.591018709,Média-alta,Latin America and the caribbean,33.15580758714872,FALSE,1.1322483591563497,12.061722254408,35.7261311136936,8.86740099091368,NA,0.13754,4073.17,FALSE,TRUE,883198.4536900638,1383198.4536900637,302073764.4749,337,0.9999977240806542,0.041718134901536676,0.139149994,10.164131852744317,0.03016056,-1.361008934558337,8.786826368441753,8,PER,60.6208402,15558,130,0.3352616017482967,0.4452371770150405,0.008355829798174572,0.0058143131069462485
Philippines-2018,Philippines,East_Asia_and_Pacific,lower-middle_income_economy,2018,47.56278745,-0.576294243,0.062349122,61.34599314,74.44994176,1.673636061,3771,529,0.322219998,72.1633983,3410.93648,373379000000,21.54946,0.018270632,313,3237304,4300,1.15e-8,8.67e-6,1.15e-8,0.27931214,4.132699406,8.135035292,4.292695273,3.882857547,8.67e-6,5.749392986,0.983439367,Média-baixa,East Asia and Pacific,109.46524574389025,FALSE,1.0511222050355473,19.0982471668147,30.5637401548214,81.8909660946722,170.21271,0.32222,2327.34,FALSE,FALSE,3079855.0201786663,3579855.0201786663,1203101806.33242,313,1.9999992217761848,0.03270311956869173,0.322219998,2.8593550206090863,0.018270632,-1.0864847799801416,8.134742160140297,5,PHL,53.9513908,5565,94,0.43450134770889487,0.3288409703504043,0.016891284815813118,0.013212384145139026
Poland-2013,Poland,Europe_and_Central_Asia,High-Income_Economy,2013,51.66268971,0.645680547,0.659244895,8.745017672,39.47327465,4.793488893,174,4237,0.884829998,90.41750724,11628.22868,442340000000,9.654583,0.15682475,1145,2326349,4411,9.97e-9,5.26e-6,9.97e-9,0.63383763,2.276756146,9.361276922,4.515437005,3.96390723,5.26e-6,7.044032897,1.756734682,Alta,Europe and Central Asia,38.04018756191162,FALSE,0.9738442590445088,15.5581865074907,28.6768333488015,76.6388374227593,1868.31303,0.8807,28952.29,FALSE,FALSE,2388830.6352830036,2888830.6352830036,3913957013.1532,1145,5.965642904349901,0.07594154551896831,0.884829998,30.099746436225526,0.15682475,-0.04474802117774877,9.361190927808057,0,POL,73.4277212,61933,1171,0.5296207191642581,0.31661634346794115,0.018907529104031776,0.018093074952882617
Poland-2014,Poland,Europe_and_Central_Asia,High-Income_Economy,2014,52.62214647,0.681905627,0.768983722,10.06862779,31.1538435,4.61948182,155,3941,0.950760007,92.03401971,12093.16228,459682000000,9.930735,0.20906772,1296,10301459,4096,8.91e-9,2.24e-5,8.91e-9,0.668219044,2.404114781,9.400478159,4.53296523,3.981962163,2.24e-5,7.167809184,1.726239457,Alta,Europe and Central Asia,38.01172839301384,FALSE,0.9908049064335993,16.9081122802504,29.9351239778153,77.5986005491831,2054.74753,0.9454,30165.6,FALSE,FALSE,10397060.948234588,10897060.948234588,4370472615.37774,1296,7.947025388386668,0.2866762814773072,0.950760007,34.09474009180259,0.20906772,0.046135172417791685,9.400395471028736,1,POL,75.5295216,68501,1213,0.5233208274331762,0.3297908059736354,0.017707770689478985,0.018093074952882617
Poland-2015,Poland,Europe_and_Central_Asia,High-Income_Economy,2015,53.31367114,0.694461524,0.741088748,10.77552133,28.69876013,4.165105291,139,4676,1.004230022,92.25542727,12637.52203,480054000000,9.74675,0.49652025,1666,51446262,4815,1e-8,1.07168e-4,1e-8,0.695259958,2.466022913,9.444504733,4.535342258,3.994775966,1.07162e-4,7.418780883,1.641925488,Alta,Europe and Central Asia,37.98640262390111,FALSE,1,17.6693391336256,30.9939300295541,78.7541655459572,2158.37831,0.99807,31619.76,FALSE,FALSE,51446262,51946262,4820846389.81188,1666,18.861018127420035,1.3674962200109817,1.004230022,43.857798710103445,0.49652025,0.03465701524714007,9.444425606551738,2,POL,74.2201482,74943,1321,0.5090535473626623,0.34072561813645036,0.01762672964786571,0.018093074952882617
Poland-2016,Poland,Europe_and_Central_Asia,High-Income_Economy,2016,54.34451971,0.759568095,0.651506066,10.7154228,29.30549897,3.931089967,135,4261,0.968209982,96.86590281,13026.1859,494605000000,9.633597,0.36588624,1711,21451133,4396,8.89e-9,4.34e-5,8.89e-9,0.677124491,2.460906162,9.4747936760000009,4.583598203,4.013577643,4.34e-5,7.445417557,1.595560052,Alta,Europe and Central Asia,37.97005537898856,FALSE,1.0095032247490163,18.2752041844413,30.6734871058329,80.2247333184309,2304.00747,0.9616,33120.9,FALSE,FALSE,21249197.104182802,21749197.104182802,4788814981.4711,1711,13.892720795209899,0.572798666925783,0.968209982,45.06182524418476,0.36588624,0.011032563343374657,9.474716910461597,3,POL,72.0482818,76746,1285,0.49201261303520705,0.35624006462877544,0.016743543637453416,0.018093074952882617
Poland-2017,Poland,Europe_and_Central_Asia,High-Income_Economy,2017,52.27324628,0.698781192,0.55077678,10.66731873,38.11684396,3.832196728,117,3924,1.037850022,100.5658952,13695.64528,520090000000,10.03586,0.26140398,1800,59694809,4041,7.77e-9,1.14778e-4,7.77e-9,0.711895341,2.456791662,9.524906212,4.620707802,3.975434259,1.14771e-4,7.496097345,1.575301173,Alta,Europe and Central Asia,37.974844512036015,FALSE,1.0275814416785491,16.8858634359557,28.8090759581658,79.7937323446367,2994.85672,1.03055,32725.15,FALSE,FALSE,58092533.184025615,58592533.184025615,5397754179.4198,1800,9.926775495327371,1.542930166980799,1.037850022,47.399799080928304,0.26140398,-0.08709557160109754,9.524833198513415,4,POL,68.7573168,78133,1214,0.46451563359911946,0.37779171412847323,0.015537608948843639,0.018093074952882617
Poland-2018,Poland,Europe_and_Central_Asia,High-Income_Economy,2018,51.89591854,0.622786522,0.546892524,10.39503339,26.98925601,3.866578279,115,4207,1.206099987,102.4424622,14551.08503,552574000000,9.395756,0.49684802,1825,30214842,4322,7.82e-9,5.47e-5,7.82e-9,0.791226245,2.433177593,9.585489563,4.639015537,3.968326182,5.47e-5,7.509883061,1.582391078,Alta,Europe and Central Asia,37.97476262840586,FALSE,1.0511222050355473,16.4851063076839,28.8614617242515,79.9651708120333,3079.49249,1.19426,33795.97,FALSE,FALSE,28745317.961366996,29245317.961366996,6664594942.1653805,1825,18.86768562189345,0.7701251024934894,1.206099987,48.058233249754785,0.49684802,-0.1302150373518087,9.585420842327839,5,POL,66.3345523,76729,1270,0.44408241994552256,0.38779340275515123,0.01655176009070886,0.018093074952882617
Poland-2019,Poland,Europe_and_Central_Asia,High-Income_Economy,2019,50.22669235,0.611018896,0.512824833,9.852934836,25.15728273,3.811509945,112,3887,1.323349953,101.5810338,15221.30906,577884000000,9.372567,0.3400837,1827,104929501,3999,6.92e-9,1.81575e-4,6.92e-9,0.843010089,2.384435535,9.630517332,4.63065306,3.936260731,1.81559e-4,7.510977752,1.571010953,Alta,Europe and Central Asia,37.965459982585756,FALSE,1.0684706161668376,16.6614878848919,28.8315242170352,79.9118365851179,3159.06604,1.3088,34149.03,FALSE,FALSE,98205322.08591467,98705322.08591467,7647427642.39452,1827,12.9114341030797,2.599871623607075,1.323349953,48.12268838143987,0.3400837,-0.15870780097104192,9.63045163691552,6,POL,65.7004091,72902,1314,0.4564895338948177,0.3629667224493155,0.018024196867026967,0.018093074952882617
Poland-2020,Poland,Europe_and_Central_Asia,High-Income_Economy,2020,49.2654605,0.618671596,0.324195117,9.86616549,29.29591828,3.71722963,88,4010,1.386080027,99.25909123,14937.59603,566121000000,8.105345,0.20958316,1907,148670948,4098,7.24e-9,2.62613e-4,7.24e-9,0.869651863,2.385653878,9.61170348,4.607757748,3.917318171,2.62579e-4,7.553810852,1.551221685,Alta,Europe and Central Asia,37.89907016249655,FALSE,1.0828387224959974,16.2083685829628,28.5669486213815,79.6390092688578,3260.15498,1.37128,34204.93,FALSE,FALSE,137297406.26314694,137797406.26314694,7846890109.65267,1907,7.94300688571774,3.6359046718646386,1.386080027,50.3178571881453,0.20958316,-0.27758365579018063,9.6116365374398125,7,POL,65.378183,77261,1488,0.47286470534940006,0.33767359987574586,0.01925939348442293,0.018093074952882617
Poland-2021,Poland,Europe_and_Central_Asia,High-Income_Economy,2021,45.72698738,0.54613554499999994,0.254306376,9.445565143,28.64154765,2.850231068,111,3377,1.435850024,110.874283,16368.62397,605337000000,7.048028,0.15772745,2272,119000000,3488,5.76e-9,1.96585e-4,5.76e-9,0.890295782,2.3461775,9.703182699,4.717375768,3.844321886,1.96565e-4,7.728855824,1.348133164,Alta,Europe and Central Asia,36.98154475962343,FALSE,1.1322483591563497,17.3006156636927,28.4859993432319,79.4018928574489,3558.20467,1.41558,34667.25,FALSE,FALSE,105100615.9891176,105600615.9891176,8691731459.78088,2272,5.833004751996267,2.8554949955582356,1.435850024,61.43604910957037,0.15772745,-0.3618826185409844,9.703121608799119,8,POL,63.3152889,77406,1564,0.4722502131617704,0.3263054543575433,0.020205152055396223,0.018093074952882617
Portugal-2014,Portugal,Europe_and_Central_Asia,High-Income_Economy,2014,129.5691813,0.909372628,0.983170331,4.88070968,25.11062998,10.88405793,18,722,1.289919972,80.22066907,18836.89675,195924000000,9.327741,0.09609654,947,10301459,740,3.78e-9,5.26e-5,3.78e-9,0.82851687,1.771677448,9.843625904,4.39716976,4.871903211,5.26e-5,6.854354502,2.475197832,Alta,Europe and Central Asia,10.401076281314754,FALSE,0.9908049064335993,11.8414875390346,18.9850440099134,74.300096167859,3658.36239,1.28892,14102.86,FALSE,FALSE,10397060.948234588,10897060.948234588,2527262805.9412804,947,0.9995074429104145,1.0476858984113842,1.289919972,91.0482698508095,0.09609654,0.30724422523859596,9.843572818533454,1,PRT,79.1927558,26657,526,0.4860636980905578,0.25813107251378625,0.019732152905428218,0.022173372837618274
Portugal-2015,Portugal,Europe_and_Central_Asia,High-Income_Economy,2015,119.9445179,0.892139912,1.157934546,5.079952775,30.06311997,17.67841525,20,925,1.243299961,80.63467563,19215.7813,199039000000,12.36677,0.48214772,1152,24008256,945,4.75e-9,1.20621e-4,4.75e-9,0.807947979,1.804996929,9.863539202,4.402254118,4.795331911,1.20614e-4,7.05012252,2.927368592,Alta,Europe and Central Asia,10.358100817893884,FALSE,1,12.2513540948869,19.5938498258589,74.9534723943428,3724.60014,1.24552,14401.12,FALSE,FALSE,24008256,24508256,2474651809.37479,1152,4.9941346928776715,2.366095525703067,1.243299961,111.21729941167308,0.48214772,0.4119649863725138,9.863487163114282,2,PRT,79.6168079,27534,541,0.48075107140262946,0.2563739376770538,0.019648434662598968,0.022173372837618274
Portugal-2016,Portugal,Europe_and_Central_Asia,High-Income_Economy,2016,111.2263477,0.858934999,1.148328543,5.805400011,27.75264983,17.27836882,27,724,1.280750036,79.52234648,19662.82309,203028000000,10.70251,0.9665219,1005,15806098,751,3.7e-9,7.79e-5,3.7e-9,0.824504352,1.917716416,9.886535835,4.388534742,4.720517794,7.78e-5,6.913737351,2.905718329,Alta,Europe and Central Asia,10.325475597817626,FALSE,1.0095032247490163,12.2435166305722,19.448178094831,76.4451939801919,3992.10969,1.2815,14038.15,FALSE,FALSE,15657303.129397856,16157303.129397856,2600281183.09008,1005,9.979798293206327,1.5647998948167419,1.280750036,97.3320783608665,0.9665219,0.3879689119615841,9.88648497901793,3,PRT,79.7574876,28710,536,0.4679205851619645,0.2726924416579589,0.018669453152211773,0.022173372837618274
Portugal-2017,Portugal,Europe_and_Central_Asia,High-Income_Economy,2017,102.7546048,0.821428776,1.294049144,5.988125954,34.22466958,14.15995732,36,644,1.319280028,84.80779231,20364.19637,209757000000,16.44999,0.5807855,1074,212248208,680,3.24e-9,0.001011875,3.24e-9,0.841256805,1.944212416,9.921582663,4.452109822,4.642028542,0.001011363,6.980075941,2.718657565,Alta,Europe and Central Asia,10.300283703265036,FALSE,1.0275814416785491,12.4309295704729,19.2493833127062,75.7132583729623,4348.10903,1.32224,14109.14,FALSE,FALSE,206551227.36869752,207051227.36869752,2767282208.33196,1074,5.982255420742635,20.10150723354012,1.319280028,104.26897267495245,0.5807855,0.46292913916107203,9.921533557973179,4,PRT,79.8066381,30461,555,0.45326811332523553,0.2881061028856571,0.01822001904074062,0.022173372837618274
Portugal-2018,Portugal,Europe_and_Central_Asia,High-Income_Economy,2018,96.99805041,0.80631566,1.181151748,5.283532694,25.58257853,10.18764153,29,661,1.349550009,86.73569549,20997.77449,215937000000,16.8905,1.0653389,1158,161865223,690,3.2e-9,7.49593e-4,3.2e-9,0.854223824,1.837932353,9.952219357,4.474328835,4.584947585,7.49313e-4,7.055312843,2.414809735,Alta,Europe and Central Asia,10.28380412899653,FALSE,1.0511222050355473,12.322133201471,19.3820435381975,76.0281581356463,4614.40041,1.35078,14381.18,FALSE,FALSE,153992772.89030915,154492772.89030915,2914177802.9343305,1158,10.955736578600622,15.02292059945955,1.349550009,112.60424503174536,1.0653389,0.3812624812771874,9.95217173442297,5,PRT,78.5110706,32063,648,0.45616442628574994,0.2797305305180426,0.020210211146804727,0.022173372837618274
Romania-2016,Romania,Europe_and_Central_Asia,High-Income_Economy,2016,28.55862431,-0.178657219,-0.068261869,10.39245139,9.753692021,9.621565157,58,1005,0.48864001,85.89252829,9286.876782,182973000000,10.84487,0.10112732,772,1129007,1063,5.81e-9,6.17e-6,5.81e-9,0.397862958,2.432950978,9.136465257,4.464672048,3.386375556,6.17e-6,6.650279049,2.362886383,Alta,Europe and Central Asia,19.702318044602652,FALSE,1.0095032247490163,20.1242845144537,30.1213847463155,79.521600690444,910.44851,0.48863,9292.66,FALSE,FALSE,1118378.7949569896,1618378.7949569896,894079285.4973,772,1.9924426216383069,0.08214154249734773,0.48864001,39.18320667914938,0.10112732,-0.9592559052072017,9.1363575838943,3,ROU,66.2530782,13961,289,0.5034739631831531,0.25714490366019627,0.020700522885180143,0.0331172598178929
Romania-2017,Romania,Europe_and_Central_Asia,High-Income_Economy,2017,26.66846046,-0.141483217,-0.084791303,9.779597385,11.24029209,6.411894092,80,1098,0.506929994,87.15606457,10106.22696,197968000000,11.23704,0.25394368,734,0,1178,5.95e-9,0,5.95e-9,0.410074464,2.377655216,9.221005987,4.479108705,3.320293153,0,6.599870499,2.00308602,Alta,Europe and Central Asia,19.588715035150965,TRUE,1.0275814416785491,19.8307791051555,29.1130933187854,80.4774667749588,887.74694,0.50693,9590.84,FALSE,FALSE,0,500000,1003559170.5219202,734,4.974430382497566,0.025524900387941484,0.506929994,37.470553769498096,0.25394368,-0.950177052518937,9.220907043545452,4,ROU,65.5699473,14622,300,0.5023252633018739,0.2594036383531665,0.02051702913418137,0.0331172598178929
Romania-2018,Romania,Europe_and_Central_Asia,High-Income_Economy,2018,25.51474878,-0.226882994,-0.177138329,10.07719159,8.565286402,4.95654594,47,1100,0.497289985,86.49119902,10788.01509,210085000000,11.30402,0.25512972,866,0,1147,5.46e-9,0,5.46e-9,0.403656798,2.404888183,9.286283774,4.471538206,3.277701136,0,6.765038977,1.784490773,Alta,Europe and Central Asia,19.473925300191624,TRUE,1.0511222050355473,19.069928394043,29.1075109238852,82.2471363934133,876.17129,0.49698,9157.14,FALSE,FALSE,0,500000,1044731664.9872501,866,4.968377109138805,0.025675357807554085,0.497289985,44.46971972268367,0.25512972,-1.055986303158177,9.28619108303506,5,ROU,64.5269635,15295,295,0.49800588427590714,0.2533507682249101,0.01928734880679961,0.0331172598178929
Romania-2019,Romania,Europe_and_Central_Asia,High-Income_Economy,2019,24.55876614,-0.236893356,-0.215103924,11.07256931,10.37452427,4.085479765,58,881,0.47615999,84.36771216,11270.4758,218328000000,11.0667,0.30766797,1003,5299470,939,4.3e-9,2.43e-5,4.3e-9,0.389444115,2.49093588,9.330030548,4.446967952,3.240980355,2.43e-5,6.9117473,1.626389374,Alta,Europe and Central Asia,19.37167550637037,FALSE,1.0684706161668376,17.2425919406663,27.7745670712094,81.7210712441021,887.46612,0.47491,10251.3,FALSE,FALSE,4959864.988156593,5459864.988156593,1039590582.9671999,1003,5.960044078543694,0.28184784462041595,0.47615999,51.77662611941666,0.30766797,-1.0860814898154025,9.32994182442127,6,ROU,65.4548107,18061,327,0.4886218924754997,0.2447815735562815,0.018105309783511433,0.0331172598178929
Romania-2020,Romania,Europe_and_Central_Asia,High-Income_Economy,2020,25.71020669,-0.098599784,-0.286944449,11.93704249,10.12292031,3.833242142,47,817,0.465380013,77.92364346,10916.31261,210305000000,10.99972,0.46409768,1077,5234893,864,4.11e-9,2.49e-5,4.11e-9,0.382114603,2.560094707,9.298105121,4.368480847,3.285045765,2.49e-5,6.982862751,1.575517493,Alta,Europe and Central Asia,19.265204974741007,FALSE,1.0828387224959974,15.9165222191834,26.6218787803176,82.3576459827225,942.32049,0.46414,9723,FALSE,FALSE,4834416.142722814,5334416.142722814,978717436.33965,1077,8.94093693350176,0.2768938171027442,0.465380013,55.90389520444117,0.46409768,-1.0590523810680763,9.298013519197582,7,ROU,66.4086578,19708,428,0.4831540491171098,0.2574081591231987,0.021717069210472905,0.0331172598178929
Romania-2021,Romania,Europe_and_Central_Asia,High-Income_Economy,2021,26.34974462,-0.061378639,-0.163359016,11.48794083,11.26703999,3.351335327,45,772,0.473019987,86.61334943,11607.97712,221968000000,10.34337,0.6234363,1119,42000000,817,3.68e-9,1.89216e-4,3.68e-9,0.387314707,2.524763445,9.359533967,4.472933377,3.308707192,1.89198e-4,7.021083964,1.47048277,Alta,Europe and Central Asia,19.122022528590236,FALSE,1.1322483591563497,15.710445243797,26.2049211165386,79.0512779328975,988.67695,0.47108,10812.95,FALSE,FALSE,37094335.05498268,37594335.05498268,1049953004.74416,1119,11.921362973740942,1.9660229454689544,0.473019987,58.51891442586319,0.6234363,-0.9586109481189686,9.359447823507637,8,ROU,66.3516032,21982,454,0.47925575470839776,0.26435265216995724,0.020653261759621507,0.0331172598178929
Singapore-2013,Singapore,East_Asia_and_Pacific,High-Income_Economy,2013,124.0659516,2.070466757,2.128065586,50.32718572,242.0255018,0.866941606,8579,1143,1.921040058,367.04178,53298.97286,287770000000,29.91776,4.8276987,1141,27916188,9722,3.38e-8,9.7e-5,3.38e-8,1.071939737,3.938220548,10.8836911,5.908196464,4.828841211,9.7e-5,7.04053639,0.624301587,Alta,East Asia and Pacific,5.399165960587706,FALSE,0.9738442590445088,17.6384096148755,23.4427286283197,67.8319478511095,6734.96456,1.92104,11016.64,FALSE,FALSE,28665967.623396046,29165967.623396046,5528176974.9066,1141,26.06554648901352,5.40193945440812,1.921040058,211.3289364188762,4.8276987,1.6736929471387734,10.883672339048925,0,SGP,62.1074964,15145,681,0.6451634202707164,0.12545394519643446,0.04496533509409046,0.04387820190015779
Singapore-2014,Singapore,East_Asia_and_Pacific,High-Income_Economy,2014,128.1297633,2.06742692,2.217473507,50.64032558,239.0975191,0.756532862,9009,1303,2.082279921,360.4673192,54681.93365,299095000000,30.30799,6.595945,1351,107593017,10312,3.45e-8,3.59728e-4,3.45e-8,1.125669557,3.944302871,10.90930694,5.890171634,4.860817816,3.59664e-4,7.209340257,0.563341901,Alta,East Asia and Pacific,5.469722448266055,FALSE,0.9908049064335993,17.9997688921285,24.1685192477514,68.9014800202395,6756.24778,2.08228,11215.32,FALSE,FALSE,108591526.24433492,109091526.24433492,6227995129.71495,1351,36.07798843402825,19.944618264664925,2.082279921,246.99607937661946,6.595945,1.7303522269334506,10.909288653233844,1,SGP,62.4469537,16715,758,0.6494765180975172,0.12701166616811246,0.04534848938079569,0.04387820190015779
Singapore-2015,Singapore,East_Asia_and_Pacific,High-Income_Economy,2015,122.4213538,2.051130772,2.248699427,52.217455,207.778871,0.924062905,9345,1469,2.174449921,329.4713989,55645.60686,307999000000,31.09669,5.97248,1432,389848342,10814,3.51e-8,0.001265747,3.51e-8,1.155134364,3.974386444,10.92677638,5.800520117,4.815604142,0.001264947,7.267525428,0.654439047,Alta,East Asia and Pacific,5.535010172050085,FALSE,1,18.0893298548734,24.2880229055028,74.2359981647292,7134.93412,2.17445,11458.88,FALSE,FALSE,389848342,390348342,6697284012.18079,1432,33.057737552365694,70.5235094184878,2.174449921,258.71677837759216,5.97248,1.7420041428465556,10.926758411269523,2,SGP,62.5355145,17606,670,0.6297853004657503,0.1319436555719641,0.038055208451664206,0.04387820190015779
Singapore-2016,Singapore,East_Asia_and_Pacific,High-Income_Economy,2016,123.7123903,2.042241573,2.214624166,52.2327295,200.7270429,1.222533072,9379,1601,2.07291007,303.2225945,56899.48512,319052000000,31.47979,9.143166,1550,190802187,10980,3.44e-8,5.98029e-4,3.44e-8,1.122625018,3.974673423,10.94905915,5.717759652,4.826010209,5.97851e-4,7.346655163,0.798647569,Alta,East Asia and Pacific,5.607291512869142,FALSE,1.0095032247490163,17.3698773941449,23.1093487528648,76.4147834163049,7052.85651,2.06892,12012.77,FALSE,FALSE,189006020.3100762,189506020.3100762,6613661036.5364,1550,51.26839711255371,33.79635602592555,2.07291007,276.4257924601632,9.143166,1.7150437617323249,10.949041571215837,3,SGP,62.8890911,18137,732,0.6204443954347466,0.1273639521420301,0.040359486133318634,0.04387820190015779
Singapore-2017,Singapore,East_Asia_and_Pacific,High-Income_Economy,2017,120.9822781,2.088784933,2.225981951,53.07204512,229.3485501,1.400200927,9321,1609,1.899049997,317.0318962,59414.65495,333450000000,30.39888,19.806973,1654,301790421,10930,3.28e-8,9.05054e-4,3.28e-8,1.064383096,3.990317326,10.99231302,5.76215168,4.803875773,9.04645e-4,7.411556288,0.875552453,Alta,East Asia and Pacific,5.612251729486817,FALSE,1.0275814416785491,18.4782631524341,23.4123135354968,74.0906481838615,6950.10748,1.89683,12325.92,FALSE,FALSE,293690026.6581565,294190026.6581565,6332382214.9965,1654,111.16171847514869,52.41925003336534,1.899049997,294.7123685329135,19.806973,1.7473056091074193,10.992296191251233,4,SGP,61.3136378,18794,747,0.6163669256145579,0.1262104927104395,0.0397467276790465,0.04387820190015779
Singapore-2018,Singapore,East_Asia_and_Pacific,High-Income_Economy,2018,117.7775304,2.134731293,2.231765747,51.5722801,182.3482292,1.309517852,10270,1575,1.809579968,326.7233604,61216.12509,345178000000,30.09148,35.673927,1959,1163271404,11845,3.43e-8,0.003370063,3.43e-8,1.033034995,3.962188987,11.02218225,5.792169839,4.777252251,0.003364397,7.580699752,0.83703878,Alta,East Asia and Pacific,5.638677709386522,FALSE,1.0511222050355473,20.6143847051882,25.2558497884787,72.9437327371621,7002.45715,1.80836,11922.18,FALSE,FALSE,1106694729.144895,1107194729.144895,6246271941.94304,1959,201.153776981182,196.3571578673107,1.809579968,347.42187813623696,35.673927,1.7756150642919164,11.022165915657913,5,SGP,61.1369274,19449,786,0.6226541210345005,0.1300838089361921,0.040413388863180626,0.04387820190015779
Singapore-2019,Singapore,East_Asia_and_Pacific,High-Income_Economy,2019,119.2330927,2.120042801,2.231672287,51.81656901,185.00087,1.306422233,12409,1727,1.885059953,323.07043,61333.65632,349821000000,30.40521,26.633451,2312,2231076754,14136,4.04e-8,0.006377772,4.04e-8,1.059545681,3.966824948,11.02410032,5.780960869,4.789432298,0.00635752,7.746300662,0.835697507,Alta,East Asia and Pacific,5.703573225356997,FALSE,1.0684706161668376,19.3067395308763,23.9539533055112,74.1910860777145,7509.61271,1.88845,11605.14,FALSE,FALSE,2088103051.4475336,2088603051.4475336,6594335578.184131,2312,151.90583802245754,366.1920289130336,1.885059953,405.3599223941388,26.633451,1.7677092749812382,11.024084013996104,6,SGP,60.1656215,20656,943,0.6121707978311387,0.13226181254841207,0.045652594887683966,0.04387820190015779
Slovenia-2018,Slovenia,Europe_and_Central_Asia,High-Income_Economy,2018,43.69871521,0.835979223,1.082238674,6.830539823,13.53444997,6.009217491,23,255,1.945940018,162.613494,23293.96659,48309217557,5.371148,1.9328489,244,0,278,5.75e-9,0,5.75e-9,1.080427957,2.058031451,10.05599259,5.097506902,3.799944759,0,5.501258211,1.947226067,Alta,Europe and Central Asia,2.073894000420647,TRUE,1.0511222050355473,20.4061968964047,28.0718729650095,83.9377646097962,4880.49036,1.96365,3237.85,FALSE,FALSE,0,500000,940068396.8243449,244,4.008523737429647,0.24109236050568889,1.945940018,117.65307192677618,1.9328489,0.33262629177980463,10.055949661386649,5,SVN,72.1322903,7861,246,0.48988678285205445,0.30403256583131916,0.03129372853326549,0.031198878242580042
South Africa-2014,South Africa,Sub-Saharan_Africa,Upper-middle_income_economy,2014,61.73053413,-0.125287011,0.165043816,6.660154456,244.9982867,3.244846791,6750,802,0.709869981,59.49957406,6155.005895,342187000000,14.72688,0.053961843,256,0,7552,2.21e-8,0,2.21e-8,0.536417333,2.036032147,8.725183452,4.102636325,4.138848317,0,5.549076085,1.445705727,Média-alta,Sub-Saharan Africa,55.5949101978886,TRUE,0.9908049064335993,12.4807113856549,24.3052820058227,45.7884422856055,427.63838,0.70987,10086.81,FALSE,FALSE,0,500000,2429082791.88447,256,3.0000038156975637,0.0089936290610105,0.709869981,4.604738079237377,0.053961843,-0.7786656345828564,8.725020996376015,1,ZAF,66.5991409,24860,415,0.38753016894609815,0.3823411102172164,0.0166934835076428,0.019606006263215653
South Africa-2016,South Africa,Sub-Saharan_Africa,Upper-middle_income_economy,2016,60.99746219,0.017026288,0.101402581,6.6571232,293.9934886,2.857807897,6506,704,0.749920011,55.8612575,6095.29506,349014000000,16.06648,0.052393008,314,59837372,7210,2.07e-8,1.71447e-4,2.07e-8,0.559570079,2.035636352,8.715436498,4.040614222,4.127093452,1.71432e-4,5.752572639,1.35009912,Média-alta,Sub-Saharan Africa,57.25957423954468,FALSE,1.0095032247490163,12.4836443520042,23.7825372977493,47.708438095805,481.99586,0.74992,11955.09,FALSE,FALSE,59274077.12330669,59774077.12330669,2617325827.1915402,314,3.0000013312090585,1.0439141037487045,0.749920011,5.483799070639001,0.052393008,-0.7441447468727038,8.71527245091591,3,ZAF,66.8495473,25777,395,0.432905303177251,0.3310315397447337,0.015323738216239283,0.019606006263215653
South Africa-2017,South Africa,Sub-Saharan_Africa,Upper-middle_income_economy,2017,60.08451368,-0.127773166,0.070795923,5.679824427,322.7109753,2.842000045,6816,728,0.762570024,53.53593183,6125.692051,353055000000,17.25503,0.052051563,334,80698538,7544,2.14e-8,2.28572e-4,2.14e-8,0.566772985,1.899091704,8.72041025,3.998859784,4.112258375,2.28546e-4,5.814130532,1.345993076,Média-alta,Sub-Saharan Africa,57.635120580761956,FALSE,1.0275814416785491,12.5127045016941,23.6105564955695,44.0297498303507,516.53674,0.76257,12809.68,FALSE,FALSE,78532498.47348288,79032498.47348288,2692291598.2332,334,2.9999981099221276,1.3712558883734367,0.762570024,5.795077665049354,0.052051563,-0.8414313069915842,8.72024701694864,4,ZAF,66.2858288,25828,410,0.4450983428836921,0.3117934025089051,0.015874245005420475,0.019606006263215653
South Africa-2018,South Africa,Sub-Saharan_Africa,Upper-middle_income_economy,2018,59.7411957,-0.136797428,0.103647441,5.273312669,213.5236896,3.728020836,6258,657,0.687730014,54.48554513,6117.270141,358552000000,15.94073,0.06824425,403,73378901,6915,1.93e-8,2.04654e-4,1.93e-8,0.523384439,1.836304551,8.719034679,4.016122539,4.106622145,2.04633e-4,6.001414878,1.553506687,Média-alta,Sub-Saharan Africa,58.61307278174034,FALSE,1.0511222050355473,12.4570332833175,23.5370608392744,43.4558465114563,500.79079,0.68586,13232.48,FALSE,FALSE,69810056.95481282,70310056.95481282,2465869719.79728,403,4.0000051921852835,1.1995627189966471,0.687730014,6.875599262653673,0.06824425,-0.8248359177879232,8.718871220601915,5,ZAF,66.1362421,26209,444,0.45236369186157427,0.30340722652523944,0.016940745545423328,0.019606006263215653
South Africa-2019,South Africa,Sub-Saharan_Africa,Upper-middle_income_economy,2019,60.22173761,-0.031280991,0.127971157,4.895522634,271.3228759,3.892390382,6347,567,0.614300013,53.89799641,6032.829726,359484000000,15.87728,0.016781935,497,227877198,6914,1.92e-8,6.33902e-4,1.92e-8,0.478901434,1.774193187,8.7051372,4.005476853,4.114502316,6.33701e-4,6.210600077,1.587681015,Média-alta,Sub-Saharan Africa,59.587957281590946,FALSE,1.0684706161668376,12.4008912661528,23.6220152843652,42.9742326978661,479.86558,0.61304,14690.16,FALSE,FALSE,213274183.25972742,213774183.25972742,2208310258.73292,497,1.000001225882436,3.5875400502404977,0.614300013,8.340611470390893,0.016781935,-0.7526254195139686,8.704971454273196,6,ZAF,65.4460122,27600,514,0.46547101449275363,0.2926449275362319,0.018623188405797103,0.019606006263215653
South Africa-2020,South Africa,Sub-Saharan_Africa,Upper-middle_income_economy,2020,61.93342008,-0.059475705,0.046534523,5.62171976,311.1264745,5.180283295,6146,542,0.603600025,50.75965908,5569.584833,337307000000,13.42673,0.09907141,702,102603894,6688,1.98e-8,3.04185e-4,1.98e-8,0.472251117,1.890355119,8.625255324,3.946611064,4.142077343,3.04139e-4,6.555356892,1.821364111,Média-alta,Sub-Saharan Africa,60.562323784251085,FALSE,1.0828387224959974,11.725046778088,23.3394384079582,38.3879710523322,459.98774,0.60296,15308.72,FALSE,FALSE,94754548.27057984,95254548.27057984,2035985136.3267498,702,5.999994810182291,1.5728350948011391,0.603600025,11.591364996178555,0.09907141,-0.82077023923881,8.625075793877656,7,ZAF,65.7365237,31830,648,0.46192271442035815,0.2847628023876846,0.020358152686145145,0.019606006263215653
Spain-2013,Spain,Europe_and_Central_Asia,High-Income_Economy,2013,145.7423181,0.926990271,1.167685986,6.97005296,81.96826816,7.123736191,218,3026,1.27481997,61.66877264,24490.22793,1141740000000,17.31865,0.46947962,2779,65137772,3244,2.84e-9,5.71e-5,2.84e-9,0.821900915,2.075691138,10.10607029,4.13786328,4.98867811,5.7e-5,7.930206207,2.09479017,Alta,Europe and Central Asia,46.62022759704058,FALSE,0.9738442590445088,10.8662587310316,20.0279432010078,67.7419004239125,2623.64689,1.26864,53214.96,FALSE,FALSE,66887257.7879241,67387257.78792411,14555129525.478,2779,21.887246736572123,1.4454510683727724,1.27481997,59.609318599216984,0.46947962,0.4369346713003147,10.106029456967011,0,ESP,74.6541486,96434,2445,0.4800900097475994,0.25447456291349524,0.025354128212041395,0.025649007355116552
Spain-2014,Spain,Europe_and_Central_Asia,High-Income_Economy,2014,129.3417675,0.689240038,1.173297644,6.912153615,71.93751294,6.3826785,225,2953,1.241590023,63.39926214,24937.03661,1159100000000,18.74563,0.6849288,2872,85845492,3178,2.74e-9,7.41e-5,2.74e-9,0.807185446,2.06840001,10.12414949,4.165102176,4.870159981,7.41e-5,7.963112059,1.999136513,Alta,Europe and Central Asia,46.48106421495124,FALSE,0.9908049064335993,10.9975561841823,19.8695989889783,67.7493014916249,2614.44648,1.23401,54348.74,FALSE,FALSE,86642174.90504837,87142174.90504837,14391269956.593,2872,31.836219535469496,1.8747887204574365,1.241590023,61.78860248806833,0.6849288,0.31361455677435696,10.124109391404433,1,ESP,75.3333607,102185,2568,0.47139991192445074,0.2592748446445173,0.025130890052356022,0.025649007355116552
Spain-2015,Spain,Europe_and_Central_Asia,High-Income_Economy,2015,118.2007006,0.63098675,1.157250285,6.888335065,65.26407541,5.091745957,221,2799,1.221789956,63.58204122,25969.83831,1206160000000,20.02979,0.79256815,3257,51446262,3020,2.5e-9,4.27e-5,2.5e-9,0.798313158,2.065385094,10.16472958,4.167936373,4.780808632,4.27e-5,8.088868789,1.806934733,Alta,Europe and Central Asia,46.444648041399375,FALSE,1,11.0137685905408,19.9230622051822,70.4262829315686,2622.53289,1.21165,53300.4,FALSE,FALSE,51446262,51946262,14736741733.2896,3257,36.810548775573025,1.1184552836679191,1.221789956,70.12648684724249,0.79256815,0.27204162612674526,10.164691078607378,2,ESP,76.0518361,105577,2446,0.45808272635138336,0.2669426106064768,0.023167924832113055,0.025649007355116552
Spain-2016,Spain,Europe_and_Central_Asia,High-Income_Economy,2016,110.6035173,0.569826066,1.094865799,7.802481411,56.6808082,4.718132798,177,2745,1.189859986,63.18867785,26704.34358,1241330000000,20.35452,1.0699131,2927,169351054,2922,2.35e-9,1.36428e-4,2.35e-9,0.783837609,2.17503366,10.19261896,4.161826838,4.714952566,1.36418e-4,7.982074875,1.743642318,Alta,Europe and Central Asia,46.484198208477366,FALSE,1.0095032247490163,10.9527706513192,19.7937250159622,71.6931324202851,2712.74943,1.1808,53890.2,FALSE,FALSE,167756823.2058934,168256823.2058934,14770088964.2138,2927,49.734052606246465,3.619656349697095,1.189859986,62.967634439399674,1.0699131,0.19870988414736526,10.192581512056115,3,ESP,76.0217564,109386,2273,0.4532755562869106,0.2731885250397674,0.02077962444919825,0.025649007355116552
Spain-2017,Spain,Europe_and_Central_Asia,High-Income_Economy,2017,104.4135847,0.510279894,1.001258492,6.999490135,67.24681902,4.461202031,176,2167,1.209769964,66.16744614,27413.32876,1277280000000,19.42108,1.1094849,3316,172451669,2343,1.83e-9,1.35015e-4,1.83e-9,0.792888422,2.079377807,10.2188211,4.207188698,4.657891515,1.35006e-4,8.106816039,1.697668918,Alta,Europe and Central Asia,46.59339298712733,FALSE,1.0275814416785491,11.1145583338461,19.9047199031815,69.7654003709729,2847.3656,1.20198,53940.53,FALSE,FALSE,167822872.23706675,168322872.23706675,15452149796.1792,3316,51.69466595898367,3.6125910015518814,1.209769964,71.16888870737819,1.1094849,0.10588704302717253,10.218784625192075,4,ESP,75.6211296,114946,2401,0.4405981939345432,0.2793137647243053,0.020888069180310755,0.025649007355116552
Spain-2018,Spain,Europe_and_Central_Asia,High-Income_Economy,2018,97.85164435,0.612778783,0.96924603,6.766935487,50.54968776,3.686424934,149,1525,1.241510034,67.0094104,27947.31777,1307870000000,20.27938,1.0404984,3510,159707020,1674,1.28e-9,1.22112e-4,1.28e-9,0.807149761,2.049875683,10.23811229,4.219646084,4.593620184,1.22105e-4,8.163656176,1.544670018,Alta,Europe and Central Asia,46.797693101122235,FALSE,1.0511222050355473,10.7886322916564,19.7385743840512,67.354030886013,2984.2962900000002,1.23288,54675.87,FALSE,FALSE,151939535.89306864,152439535.89306864,16237337281.6758,3510,48.69292479540872,3.257415607296528,1.241510034,75.00369713557158,1.0404984,0.13976176670654356,10.238076508683111,5,ESP,75.3326711,118049,2488,0.4361663377072233,0.29347135511524874,0.021075993866953552,0.025649007355116552
Spain-2019,Spain,Europe_and_Central_Asia,High-Income_Economy,2019,93.43795615,0.666394532,0.96880877,6.846400911,56.80711735,3.152827282,159,1288,1.250249982,66.36622504,28291.63068,1333520000000,20.44179,0.96974564,4103,341285850,1447,1.09e-9,2.55928e-4,1.09e-9,0.811041313,2.060054944,10.25035665,4.21014378,4.54794307,2.55896e-4,8.319717387,1.423789375,Alta,Europe and Central Asia,47.13478749539509,FALSE,1.0684706161668376,10.6967320991298,19.9779055762497,66.6503264903958,3048.15265,1.24207,57221.5,FALSE,FALSE,319415288.3907755,319915288.3907755,16672333559.966398,4103,45.70875466598591,6.787243676913366,1.250249982,87.04823375730398,0.96974564,0.16811195566854065,10.25032130420386,6,ESP,75.9825578,122847,2750,0.4370070087181616,0.2842071845466312,0.022385569041165027,0.025649007355116552
Spain-2020,Spain,Europe_and_Central_Asia,High-Income_Economy,2020,105.6247089,0.711801946,0.853928566,7.768421355,58.86061201,2.851226673,124,1431,1.410390019,59.44612801,25073.72098,1187630000000,16.41497,0.880882,4559,346549886,1555,1.31e-9,2.91799e-4,1.31e-9,0.879788568,2.171156785,10.12961549,4.101752522,4.669315275,2.91756e-4,8.425077903,1.348391714,Alta,Europe and Central Asia,47.36552667820268,FALSE,1.0828387224959974,10.853212942808,20.1193927811735,65.9972400149394,3051.64642,1.3963699999999999,60134.98,FALSE,FALSE,320038320.3891944,320538320.3891944,16750214982.6497,4559,41.72343987134853,6.767333604604553,1.410390019,96.2514368513931,0.880882,0.11747570439650343,10.129575603752526,7,ESP,77.1336317,139073,3177,0.42840810221969755,0.2757400789513421,0.022844117837394748,0.025649007355116552
Spain-2021,Spain,Europe_and_Central_Asia,High-Income_Economy,2021,96.21966954,0.715437472,0.907896876,9.393203822,53.08142591,2.915758761,126,1308,1.429290056,66.52458894,26721.14818,1267000000000,16.91558,0.56561476,5050,678000000,1434,1.13e-9,5.3512e-4,1.13e-9,0.887599057,2.341152114,10.19324802,4.212491812,4.576973052,5.34977e-4,8.527341522,1.365009119,Alta,Europe and Central Asia,47.415627182828636,FALSE,1.1322483591563497,11.2560847091885,20.3165748530524,64.8520341062681,3229.64887,1.39617,63622.32,FALSE,FALSE,598808551.6018633,599308551.6018633,18109105009.519997,5050,26.818978589265097,12.63947325406043,1.429290056,106.50497104104184,0.56561476,0.15459797582170567,10.193210597535746,8,ESP,76.7746749,141747,3434,0.42848878635879417,0.2773533125921536,0.0242262622842106,0.025649007355116552
Switzerland-2015,Switzerland,Europe_and_Central_Asia,High-Income_Economy,2015,166.7701133,2.094741821,1.967453361,27.05151,218.8854131,0.736258569,446,1477,3.078320026,117.1384822,83806.4476,694118000000,15.62121,0.36214653,1349,926032718,1923,2.77e-9,0.001334114,2.77e-9,1.405685145,3.334042463,11.33627716,4.771857514,5.122594669,0.001333225,7.207859871,0.55173255,Alta,Europe and Central Asia,8.282393776108462,FALSE,1,17.8568423587127,24.7414169599893,68.6635380076204,5310.67497,3.04577,21749.37,FALSE,FALSE,926032718,926532718,21367173398.07068,1349,2.9994401661112766,111.86774537002727,3.078320026,162.87561742009285,0.36214653,1.5819587109386561,11.336265223844547,2,CHE,85.4125015,44677,977,0.5291984690109005,0.15119636502003267,0.02186807529601361,0.020789946567338246
Ukraine-2013,Ukraine,Europe_and_Central_Asia,Upper-middle_income_economy,2013,56.47603326,-1.176667333,-0.664322078,6.146130326,11.57438717,16.35285247,2556,2856,0.73299998,94.00166945,2432.41626,112200000000,5.549157,0.23847328,138,0,5412,4.82e-8,0,4.82e-8,0.549853999,1.966570997,7.797051417,4.553894465,4.051368048,0,4.934473933,2.8537569,Média-alta,Europe and Central Asia,46.12697334953681,TRUE,0.9738442590445088,11.1405917419353,22.4302649907366,57.4240787547579,1139.62164,0.733,7161.36,FALSE,FALSE,0,500000,822425977.56,138,11.00005063113663,0.010839644652406416,0.73299998,2.991741924064171,0.23847328,-1.880832388946044,7.796640387979409,0,UKR,50.7692738,12611,224,0.7367377686147014,0.13916422171120452,0.017762271033224964,0.0205787616953832
Ukraine-2014,Ukraine,Europe_and_Central_Asia,Upper-middle_income_economy,2014,59.82100136,-1.024744391,-0.398846895,6.887543429,9.172992385,23.32072094,2356,2457,0.650340021,100.6917825,2308.643555,100891000000,4.335921,0.47854823,134,0,4813,4.77e-8,0,4.77e-8,0.50098134,2.065284734,7.744848486,4.621946498,4.107935146,0,4.905274778,3.191328701,Média-alta,Europe and Central Asia,43.70141929510638,TRUE,0.9908049064335993,12.2281281606135,22.8189915653958,53.5916666719829,1002.50854,0.65034,6992.01,FALSE,FALSE,0,500000,656134550.5871099,134,20.91323685216101,0.011441276005788426,0.650340021,3.0662619695512983,0.47854823,-1.6266363408238336,7.744415425415387,1,UKR,53.5552045,14491,321,0.7218273411082741,0.14208819267131323,0.022151680353322753,0.0205787616953832
Ukraine-2015,Ukraine,Europe_and_Central_Asia,Upper-middle_income_economy,2015,47.02690249,-1.039613128,-0.554407001,8.03896422,6.283125555,35.3852494,2226,2271,0.614769995,107.8066163,2094.473877,91030967789,4.351729,0.26209512,199,0,4497,4.94e-8,0,4.94e-8,0.479192529,2.20154459,7.647535001,4.6895721440000004,3.871761322,0,5.298317367,3.594163456,Média-alta,Europe and Central Asia,43.462450779948306,TRUE,1,11.9027791187924,21.7279577419459,48.7709571699446,1005.99722,0.61477,7186.44,FALSE,FALSE,0,500000,559631076.1248869,199,11.391296252664645,0.011504183289881995,0.614769995,4.578664949373034,0.26209512,-1.735983241296289,7.647057668120245,2,UKR,54.0960821,15557,269,0.6904287459021662,0.1565854599215787,0.017291251526643955,0.0205787616953832
Ukraine-2016,Ukraine,Europe_and_Central_Asia,Upper-middle_income_economy,2016,38.59873608,-0.867796838,-0.609457552,6.678941231,4.770230333,38.95248887,1862,2233,0.483390003,105.5212049,2156.083008,93253017277,3.860387,0.08768693,274,0,4095,4.39e-8,0,4.39e-8,0.394330011,2.038481677,7.676512129,4.668344072,3.678797201,0,5.616771098,3.68769097,Média-alta,Europe and Central Asia,43.25112573634271,TRUE,1.0095032247490163,12.2191260296634,23.1783620717483,46.242478213964,1037.24086,0.48339,7441.45,FALSE,FALSE,0,500000,450775763.01288086,274,3.7925584348638814,0.011560392740942326,0.483390003,6.335095222036394,0.08768693,-1.6801052718015173,7.6760484322153895,3,UKR,54.5786397,18732,326,0.649103139013453,0.17462096946401878,0.017403373905616058,0.0205787616953832
Ukraine-2017,Ukraine,Europe_and_Central_Asia,Upper-middle_income_economy,2017,31.14564034,-0.832255304,-0.51402235,6.165929096,4.637324095,54.82327584,1764,2283,0.448790014,104.0349829,2217.75293,95453762636,4.761672,0.044017926,359,0,4047,4.24e-8,0,4.24e-8,0.370728735,1.969337724,7.704700574,4.654293465,3.470276838,0,5.886104031,4.022190912,Média-alta,Europe and Central Asia,43.0407559583294,TRUE,1.0275814416785491,11.980302070255,23.2888002154817,45.3211713821499,994.07744,0.44878,8390.3,FALSE,FALSE,0,500000,428386954.6976312,359,1.8945648107578026,0.011616896331562647,0.448790014,8.340931566061982,0.044017926,-1.5989113259979546,7.704249768558656,4,UKR,54.5642965,23058,384,0.5977534911961141,0.24186833203226646,0.016653655997918293,0.0205787616953832
Ukraine-2018,Ukraine,Europe_and_Central_Asia,Upper-middle_income_economy,2018,27.73373109,-0.921338856,-0.45963183,5.424951741,3.373369461,54.41001726,1861,2107,0.471130013,99.19981507,2308.666992,98783535746,6.016317,0.08847815,506,1079101,3968,4.02e-8,1.09e-5,4.02e-8,0.386030822,1.86018912,7.744858634,4.607166343,3.358071732,1.09e-5,6.228511004,4.014760394,Média-alta,Europe and Central Asia,42.788126693154545,FALSE,1.0511222050355473,11.5340215521043,23.2933329813033,47.2421187614947,988.07663,0.47113,9591.79,FALSE,FALSE,1026618.0229381669,1526618.0229381667,465398884.8019895,506,3.785814291775932,0.035678543112811774,0.471130013,11.825710520786888,0.08847815,-1.611033454051062,7.744425577212526,5,UKR,56.2665798,30296,467,0.5481251650382889,0.28607736994982835,0.015414576181674149,0.0205787616953832
United Kingdom-2013,United Kingdom,Europe_and_Central_Asia,High-Income_Economy,2013,149.5380218,1.718897581,1.512266517,23.58764249,141.7268351,3.111741739,7966,14972,1.620110035,61.99911191,43281.57642,2775570000000,9.626945,1.2424408,4940,218676805,22938,8.26e-9,7.88e-5,8.26e-9,0.963216315,3.202243979,10.67550544,4.14312063,5.014215689,7.88e-5,8.505323019,1.413846719,Alta,Europe and Central Asia,64.12820949648766,FALSE,0.9738442590445088,9.5981044921613,18.592711752238,58.5143208890498,4171.80763,1.62096,98612.77,FALSE,FALSE,224550078.68974411,225050078.68974411,44967288098.4495,4940,79.67550390938372,3.509377237517761,1.620110035,77.03318147796668,1.2424408,1.084501918323666,10.675482336609345,0,GBR,81.5231212,183590,4244,0.4281169998365924,0.2313688109374149,0.023116727490604064,0.022405443246175653
United Kingdom-2014,United Kingdom,Europe_and_Central_Asia,High-Income_Economy,2014,135.5077937,1.746339202,1.623491168,22.20447501,116.5165886,1.654393011,7844,15196,2.264499903,59.09480412,44336.53786,2864240000000,11.64929,1.0791492,5393,937432772,23040,8.04e-9,3.27288e-4,8.04e-9,1.183106582,3.144345149,10.69958695,4.095923384,4.91638171,3.27235e-4,8.593042504,0.976216007,Alta,Europe and Central Asia,64.60224767762234,FALSE,0.9908049064335993,9.44084101572958,18.3478341562377,68.2496476290818,4280.79983,2.26488,97947.22,FALSE,FALSE,946132549.3171887,946632549.3171887,64860712021.687195,5393,69.71546389950801,14.653244791745752,2.264499903,83.48006754984917,1.0791492,1.1716625928221984,10.699564398479914,1,GBR,81.0109896,189774,4242,0.4419045812387366,0.22302317493439566,0.022352903980524204,0.022405443246175653
United Kingdom-2021,United Kingdom,Europe_and_Central_Asia,High-Income_Economy,2021,137.8992737,1.640584111,1.239673018,23.86540572,120.8739661,0.969313242,7263,11592,2.914760113,58.58453662,45873.8696,3074760000000,18.10662,6.295369,14384,6510000000,18855,6.13e-9,0.002116266,6.13e-9,1.364754054,3.213477509,10.73367274,4.087396088,4.93374902,0.00211403,9.573941276,0.677684874,Alta,Europe and Central Asia,67.02639273317375,FALSE,1.1322483591563497,8.73281920838765,16.9553165949957,62.2455188736128,NA,2.89968,108095.52,FALSE,TRUE,5749621933.522315,5750121933.522315,89621878050.47879,14384,421.9558749942473,85.78892133451149,2.914760113,214.60203083375612,6.295369,0.8649791402446263,10.733650944181345,8,GBR,79.4801029,246843,6941,0.43199928699618784,0.2296601483534068,0.028119087841259424,0.022405443246175653
United States-2013,United States,North_America,High-Income_Economy,2013,49.08047508,1.305924892,1.516476631,20.18863537,142.380812,2.452391182,283781,287831,2.702150106,29.94130628,54844.24258,17334100000000,33.92561,6.966339,17466,7932850061,571612,3.3e-8,4.57645e-4,3.3e-8,1.308913761,3.053464971,10.91227073,3.432092064,3.913631213,4.5754e-4,9.768068665,1.239067087,Alta,North America,316.0605231208209,FALSE,0.9738442590445088,11.7719128367022,19.1988903588794,61.1842460654034,3815.20951,2.69591,427372.54,FALSE,FALSE,8145912436.536154,8146412436.536154,468393401524.14594,17466,2201.784748576976,25.774849563929923,2.702150106,55.26156771348267,6.966339,0.8666849422608055,10.912252493557713,0,USA,77.2611111,650553,13588,0.4685506023337069,0.19368444999869341,0.02088684549913689,0.020504716043192213
United States-2014,United States,North_America,High-Income_Economy,2014,49.56806294,1.371378064,1.461625457,20.48439822,149.5364768,1.850711802,293706,285096,2.717859983,29.90656934,55817.56325,17771500000000,34.10872,8.473753,18175,13863474640,578802,3.26e-8,7.80094e-4,3.26e-8,1.313148229,3.067327008,10.92986177,3.430968761,3.92332021,7.7979e-4,9.807857322,1.047568718,Alta,North America,318.38545012084523,FALSE,0.9908049064335993,11.6174420373125,19.2684337605714,61.4220021445613,3915.0339,2.70882,428017.63,FALSE,FALSE,13992133617.809338,13992633617.809338,483004486878.845,18175,2697.919663117863,43.94872194221923,2.717859983,57.084895032425514,8.473753,0.8658862113516013,10.929843852429114,1,USA,77.8551578,679318,13900,0.4725312740130543,0.19324086804707075,0.020461698350404376,0.020504716043192213
United States-2015,United States,North_America,High-Income_Economy,2015,50.83801577,1.35772121,1.43219924,21.39044804,137.0183852,1.473426547,301075,288335,2.786999941,27.68821393,57040.20821,18300000000000,34.13966,12.050539,19755,19136866265,589410,3.22e-8,0.001046015,3.22e-8,1.331574133,3.108634441,10.95152924,3.356486374,3.948123775,0.001045468,9.891212522,0.905604455,Alta,North America,320.82631838625963,FALSE,1,11.6055807430427,18.4967127664639,63.7146529670619,3949.66371,2.77328,429258.44,FALSE,FALSE,19136866265,19137366265,510020989203,19755,3866.130061940039,59.650238051728415,2.786999941,61.575372305385244,12.050539,0.8394101059368226,10.951511705326958,2,USA,79.4057418,696629,14035,0.4652806587150406,0.19542970505103865,0.020147022303119738,0.020504716043192213
United States-2016,United States,North_America,High-Income_Economy,2016,52.01192198,1.330895662,1.440504909,22.4192942,145.4524183,1.320522176,310244,295327,2.853499889,26.45259779,57658.67088,18627900000000,33.66898,18.722313,21270,22260631511,605571,3.25e-8,0.001195016,3.25e-8,1.348981798,3.153560221,10.96231326,3.312460801,3.970516831,0.001194303,9.965099922,0.841792236,Alta,North America,323.07196325715927,FALSE,1.0095032247490163,11.1581029329942,17.9368724917791,63.2604946594473,3897.11007,2.83677,431807.73,FALSE,FALSE,22051075187.535393,22051575187.535393,531547105823.031,21270,6048.654417625035,68.2559234333273,2.853499889,65.83672499946854,18.722313,0.8304973122312669,10.962295919938162,3,USA,78.5831949,703060,13359,0.45965920405086336,0.19398059909538304,0.019001223224191392,0.020504716043192213
United States-2017,United States,North_America,High-Income_Economy,2017,52.05487234,1.340532541,1.51742816,19.26596996,163.7800102,1.126824157,313052,293904,2.904320002,27.12533822,58703.14408,19085700000000,33.62495,29.653408,24448,24524617188,606956,3.18e-8,0.001284974,3.18e-8,1.362083633,3.008943123,10.9802656,3.336670886,3.971326705,0.001284149,10.10434459,0.754629861,Alta,North America,325.1222792085926,FALSE,1.0275814416785491,11.1814907295506,18.3087442284361,61.3709365092424,4020.59227,2.88315,435377.24,FALSE,FALSE,23866348878.33237,23866848878.33237,554309802621.714,24448,9640.983595262313,73.40883847280067,2.904320002,75.19632324032338,29.653408,0.8857885566161282,10.980248566221668,4,USA,76.5158796,714872,13912,0.45784420147942567,0.1928792846831321,0.019460826553564833,0.020504716043192213
United States-2018,United States,North_America,High-Income_Economy,2018,51.78331804,1.292747378,1.536972165,18.48426993,147.3448526,0.91316153,312046,285095,3.010099888,27.44535913,60127.21028,19651900000000,34.68312,39.581383,30515,48413888259,597141,3.04e-8,0.002463577,3.04e-8,1.388816151,2.96960747,11.0042344,3.347985024,3.966195195,0.002460547,10.32600642,0.648757125,Alta,North America,326.83871259759366,FALSE,1.0511222050355473,11.2802494089516,18.5195461519261,58.9112087207058,4322.78826,2.98956,441099.68,FALSE,FALSE,46059238428.2879,46059738428.2879,591541819889.872,30515,12936.72826255228,140.92497814050873,3.010099888,93.36409312556039,39.581383,0.8730075935629926,11.0042177681461,5,USA,75.281107,729653,16169,0.4569816063251984,0.19579443927455928,0.022159848585560533,0.020504716043192213
United States-2019,United States,North_America,High-Income_Economy,2019,52.20557112,1.180357099,1.453415036,18.68539393,158.2439919,0.85525196,336340,285113,3.170490026,26.25848062,61400.54815,20159600000000,35.16919,41.06989,38548,101000000000,621453,3.08e-8,0.00501001,3.08e-8,1.428033541,2.979876936,11.02519033,3.305364688,3.974163111,0.004997502,10.55968544,0.618020514,Alta,North America,328.32931638901016,FALSE,1.0684706161668376,10.9764075104612,18.1454838448797,59.1142323221412,4367.20971,3.14297,442656.75,FALSE,FALSE,94527634613.23792,94528134613.23792,639158107281.4961,38548,13484.448907871845,287.90647040862893,3.170490026,117.40651253428638,41.06989,0.7585131063973023,11.025174041619813,6,USA,74.7890018,761230,17185,0.45093467151846356,0.19820290845079674,0.022575305755159415,0.020504716043192213
United States-2020,United States,North_America,High-Income_Economy,2020,53.76514534,1.037831903,1.274593234,19.49397616,194.6691831,1.065369146,327586,269586,3.4677701,23.07977787,59493.14598,19723600000000,30.29941,37.344284,45342,74335474005,597172,3.03e-8,0.003768863,3.03e-8,1.496889425,3.020130997,10.9936332,3.181372396,4.003053958,0.003761779,10.72201109,0.725308973,Alta,North America,331.5272654539154,FALSE,1.0828387224959974,10.4725237062381,17.2505706989302,60.1797719851552,4567.79267,3.41788,453889.89,FALSE,FALSE,68648703136.19096,68649203136.19096,683969103443.6,45342,12380.648354854406,207.06955442171218,3.4677701,136.76703162836196,37.344284,0.5658234160305425,10.993616391284982,7,USA,73.5834356,819572,19514,0.43960262185628596,0.1928311362516045,0.02380998862821082,0.020504716043192213
United States-2021,United States,North_America,High-Income_Economy,2021,50.21477083,1.019277573,1.297531009,19.90146141,205.0090265,0.813464699,329229,262244,3.457050085,25.21365603,62996.28938,20917900000000,31.06195,20.916538,49289,151000000000,591473,2.83e-8,0.007218714,2.83e-8,1.494487131,3.039819081,11.05084698,3.266280498,3.936027983,0.007192784,10.8054765,0.595239214,Alta,North America,332.04971603678285,FALSE,1.1322483591563497,10.5250313827085,17.5751653495616,57.5274298542755,4900.77179,3.4689,471378.18,FALSE,FALSE,133362966507.19963,133363466507.19963,723142279730.215,49289,6945.330503372577,401.63704429256694,3.457050085,148.43861512153802,20.916538,0.5708664407941265,11.050831104908912,8,USA,72.3867309,803143,21159,0.4323949782292817,0.2045588394594736,0.026345246114328334,0.020504716043192213
